ply
format ascii 1.0
element vertex 2048
property float x
property float y
property float z
element face 4096
property list uchar int vertex_indices
property uchar red
property uchar green
property uchar blue
property int segment_id
end_header
5.25 0.0 0.0
5.224720001220703 0.4247094392776489 0.2905593514442444
5.200817108154297 0.28507107496261597 0.490498811006546
5.225981712341309 -0.13769535720348358 0.20126873254776
5.1300272941589355 0.14691288769245148 0.6800961494445801
5.154849529266357 -0.2700991630554199 0.39480283856391907
5.015071392059326 0.015544244088232517 0.8520651459693909
5.039337158203125 -0.39212319254875183 0.5731648802757263
4.860366344451904 -0.10398644953966141 0.9997972846031189
4.883883476257324 -0.4990781545639038 0.7295005321502686
4.671857833862305 -0.20708569884300232 1.1176152229309082
4.694462776184082 -0.5868538022041321 0.8578018546104431
4.456789970397949 -0.28979143500328064 1.2009912729263306
4.478354454040527 -0.6520770192146301 0.9531383514404297
4.223427772521973 -0.3489253520965576 1.2467213869094849
4.243863105773926 -0.6922413110733032 1.0118463039398193
3.980738878250122 -0.3822149336338043 1.253048062324524
4.0 -0.7058030962944031 1.0316694974899292
3.7380502223968506 -0.38838091492652893 1.2197283506393433
3.7561371326446533 -0.6922413110733032 1.0118463039398193
3.504688024520874 -0.3671863377094269 1.1480425596237183
3.5216457843780518 -0.6520770192146301 0.9531383514404297
3.2896201610565186 -0.3194456696510315 1.0407456159591675
3.305537223815918 -0.5868538022041321 0.8578018546104431
3.101111650466919 -0.2469935566186905 0.9019608497619629
3.116116523742676 -0.4990781545639038 0.7295005321502686
2.946406602859497 -0.15261432528495789 0.7370216846466064
2.960663080215454 -0.39212319254875183 0.5731648802757263
2.8314504623413086 -0.039934899657964706 0.5522666573524475
2.8451504707336426 -0.2700991630554199 0.39480283856391907
2.7606606483459473 0.08671451359987259 0.35479578375816345
2.7740182876586914 -0.13769535720348358 0.20126873254776
2.73675799369812 0.2224668562412262 0.15219776332378387
2.75 -8.643594694115301e-17 1.2634307707042682e-16
2.7606606483459473 0.36210522055625916 -0.047741688787937164
2.7740182876586914 0.13769535720348358 -0.20126873254776
2.8314504623413086 0.5002633929252625 -0.23733898997306824
2.8451504707336426 0.2700991630554199 -0.39480283856391907
2.946406602859497 0.6316320300102234 -0.4093080461025238
2.960663080215454 0.39212319254875183 -0.5731648802757263
3.101111650466919 0.7511627674102783 -0.5570401549339294
3.116116523742676 0.4990781545639038 -0.7295005321502686
3.2896201610565186 0.8542619943618774 -0.6748580932617188
3.305537223815918 0.5868538022041321 -0.8578018546104431
3.504688024520874 0.9369677305221558 -0.7582341432571411
3.5216457843780518 0.6520770192146301 -0.9531383514404297
3.7380502223968506 0.9961016178131104 -0.8039641976356506
3.7561371326446533 0.6922413110733032 -1.0118463039398193
3.980738878250122 1.0293912887573242 -0.8102909326553345
4.0 0.7058030962944031 -1.0316694974899292
4.223427772521973 1.0355572700500488 -0.7769712209701538
4.243863105773926 0.6922413110733032 -1.0118463039398193
4.456789970397949 1.0143625736236572 -0.7052854299545288
4.478354454040527 0.6520770192146301 -0.9531383514404297
4.671857833862305 0.9666219353675842 -0.597988486289978
4.694462776184082 0.5868538022041321 -0.8578018546104431
4.860366344451904 0.8941698670387268 -0.4592037498950958
4.883883476257324 0.4990781545639038 -0.7295005321502686
5.015071392059326 0.799790620803833 -0.2942645847797394
5.039337158203125 0.39212319254875183 -0.5731648802757263
5.1300272941589355 0.6871111989021301 -0.10950954258441925
5.154849529266357 0.2700991630554199 -0.39480283856391907
5.200817108154297 0.5604617595672607 0.08796133100986481
5.225981712341309 0.13769535720348358 -0.20126873254776
5.149122714996338 0.845328688621521 0.5783205032348633
5.125566005706787 0.7037660479545593 0.7769434452056885
5.055800437927246 0.5599088668823242 0.9626418948173523
4.942507743835449 0.4192856252193451 1.128279447555542
4.790040969848633 0.2873002886772156 1.2674909830093384
4.604259967803955 0.16902506351470947 1.3749264478683472
4.392303943634033 0.06900514662265778 1.4464572668075562
4.162318229675293 -0.008915736339986324 1.4793344736099243
3.9231410026550293 -0.061743129044771194 1.4722946882247925
3.6839640140533447 -0.0874469056725502 1.4256083965301514
3.4539783000946045 -0.08503928035497665 1.3410696983337402
3.2420222759246826 -0.05461277812719345 1.221927523612976
3.056241273880005 0.002663321327418089 1.0727603435516357
2.9037747383117676 0.0845879316329956 0.8993005156517029
2.7904818058013916 0.1880127489566803 0.7082140445709229
2.7207164764404297 0.30896320939064026 0.5068442821502686
2.6971595287323 0.442791223526001 0.3029297888278961
2.7207164764404297 0.5843539237976074 0.10430681705474854
2.7904818058013916 0.7282110452651978 -0.08139162510633469
2.9037747383117676 0.8688343167304993 -0.24702924489974976
3.056241273880005 1.0008196830749512 -0.386240690946579
3.2420222759246826 1.1190948486328125 -0.49367615580558777
3.4539783000946045 1.2191147804260254 -0.5652069449424744
3.6839640140533447 1.2970356941223145 -0.5980841517448425
3.9231410026550293 1.349863052368164 -0.5910443663597107
4.162318229675293 1.375566840171814 -0.5443581342697144
4.392303943634033 1.3731591701507568 -0.459819495677948
4.604259967803955 1.3427326679229736 -0.34067729115486145
4.790040969848633 1.285456657409668 -0.19151006639003754
4.942507743835449 1.2035319805145264 -0.018050245940685272
5.055800437927246 1.100107192993164 0.17303621768951416
5.125566005706787 0.9791567325592041 0.37440595030784607
5.023936748504639 1.2578070163726807 0.8605120778083801
5.00095272064209 1.1143572330474854 1.0578440427780151
4.932883262634277 0.9649114608764648 1.239719033241272
4.822344779968262 0.8152126669883728 1.3991477489471436
4.673584938049316 0.6710137724876404 1.5300034284591675
4.492321014404297 0.5378562808036804 1.6272574663162231
4.285517692565918 0.420857310295105 1.6871721744537354
4.061123371124268 0.3245130777359009 1.7074453830718994
3.82776141166687 0.25252604484558105 1.6872977018356323
3.5943992137908936 0.20766261219978333 1.6275036334991455
3.370004892349243 0.19164688885211945 1.5303609371185303
3.1632018089294434 0.2050943225622177 1.3996027708053589
2.9819376468658447 0.24748815596103668 1.2402540445327759
2.8331778049468994 0.3171992003917694 1.0584384202957153
2.722639322280884 0.41154852509498596 0.8611431121826172
2.6545701026916504 0.5269103050231934 0.6559499502182007
2.6315858364105225 0.6588512659072876 0.4507444202899933
2.6545701026916504 0.8023009896278381 0.2534124553203583
2.722639322280884 0.9517468214035034 0.07153742760419846
2.8331778049468994 1.1014455556869507 -0.08789131790399551
2.9819376468658447 1.245644450187683 -0.21874701976776123
3.1632018089294434 1.378801941871643 -0.31600096821784973
3.370004892349243 1.4958009719848633 -0.3759157657623291
3.5943992137908936 1.5921452045440674 -0.396188884973526
3.82776141166687 1.6641322374343872 -0.3760412931442261
4.061123371124268 1.7089956998825073 -0.31624719500541687
4.285517692565918 1.7250113487243652 -0.21910446882247925
4.492321014404297 1.7115639448165894 -0.08834626525640488
4.673584938049316 1.6691701412200928 0.07100246101617813
4.822344779968262 1.5994590520858765 0.2528180181980133
4.932883262634277 1.5051097869873047 0.45011335611343384
5.00095272064209 1.389747977256775 0.6553065180778503
4.850367546081543 1.6581718921661377 1.1344164609909058
4.828177452087402 1.5128905773162842 1.3304952383041382
4.762459754943848 1.3580201864242554 1.5086592435836792
4.655740261077881 1.1995124816894531 1.662061333656311
4.512119770050049 1.0434587001800537 1.784806728363037
4.337118148803711 0.8958559632301331 1.8721781969070435
4.137459754943848 0.7623765468597412 1.9208180904388428
3.9208180904388428 0.6481499671936035 1.9288573265075684
3.6955180168151855 0.5575659871101379 1.895986795425415
3.4702181816101074 0.49410557746887207 1.823469877243042
3.2535762786865234 0.4602075219154358 1.7140932083129883
3.0539181232452393 0.45717453956604004 1.5720601081848145
2.8789162635803223 0.4851231575012207 1.4028288125991821
2.7352960109710693 0.5429793000221252 1.2129029035568237
2.6285762786865234 0.6285196542739868 1.0095810890197754
2.562858819961548 0.7384569048881531 0.8006767630577087
2.5406687259674072 0.8685662150382996 0.5942181348800659
2.562858819961548 1.0138475894927979 0.39813926815986633
2.6285762786865234 1.1687179803848267 0.21997536718845367
2.7352960109710693 1.327225685119629 0.06657316535711288
2.8789162635803223 1.4832794666290283 -0.05617217347025871
3.0539181232452393 1.6308821439743042 -0.14354361593723297
3.2535762786865234 1.7643616199493408 -0.19218353927135468
3.4702181816101074 1.878588080406189 -0.20022273063659668
3.6955180168151855 1.9691721200942993 -0.16735224425792694
3.9208180904388428 2.03263258934021 -0.09483526647090912
4.137459754943848 2.066530704498291 0.01454139593988657
4.337118148803711 2.069563627243042 0.15657447278499603
4.512119770050049 2.0416150093078613 0.3258056938648224
4.655740261077881 1.983758807182312 0.5157316327095032
4.762459754943848 1.8982185125350952 0.7190535068511963
4.828177452087402 1.7882812023162842 0.9279578328132629
4.630086421966553 2.042567729949951 1.3973957300186157
4.6089043617248535 1.895527720451355 1.5922714471817017
4.546171188354492 1.735449194908142 1.7668722867965698
4.444298267364502 1.568483829498291 1.9144883155822754
4.307200908660889 1.4010480642318726 2.029446840286255
4.140146732330322 1.2395763397216797 2.107329845428467
3.9495558738708496 1.0902738571166992 2.1451447010040283
3.742753028869629 0.958878219127655 2.1414380073547363
3.5276851654052734 0.8504389524459839 2.0963521003723145
3.312617063522339 0.769123375415802 2.0116195678710938
3.105814218521118 0.7180562615394592 1.8904969692230225
2.9152235984802246 0.6992002129554749 1.7376387119293213
2.748169422149658 0.7132797241210938 1.5589191913604736
2.6110715866088867 0.7597538828849792 1.3612064123153687
2.5091989040374756 0.836836576461792 1.152098298072815
2.4464657306671143 0.9415656924247742 0.939630925655365
2.425283432006836 1.0699163675308228 0.7319691777229309
2.4464657306671143 1.216956377029419 0.537093460559845
2.5091989040374756 1.3770349025726318 0.3624926507472992
2.6110715866088867 1.544000267982483 0.21487662196159363
2.748169422149658 1.7114360332489014 0.09991814941167831
2.9152235984802246 1.8729078769683838 0.022035032510757446
3.105814218521118 2.0222103595733643 -0.015779731795191765
3.312617063522339 2.1536059379577637 -0.012072940357029438
3.5276851654052734 2.26204514503479 0.033012960106134415
3.742753028869629 2.343360662460327 0.11774533987045288
3.9495558738708496 2.39442777633667 0.23886798322200775
4.140146732330322 2.4132838249206543 0.39172622561454773
4.307200908660889 2.3992044925689697 0.5704457759857178
4.444298267364502 2.3527302742004395 0.7681585550308228
4.546171188354492 2.2756476402282715 0.9772666096687317
4.6089043617248535 2.1709184646606445 1.1897339820861816
4.365215301513672 2.407292366027832 1.6469173431396484
4.345244884490967 2.2585840225219727 1.8406516313552856
4.2861008644104 2.0935637950897217 2.011871576309204
4.1900553703308105 1.9185736179351807 2.1539976596832275
4.060800552368164 1.7403382062911987 2.2615675926208496
3.9033031463623047 1.5657070875167847 2.3304479122161865
3.7236154079437256 1.4013912677764893 2.3579916954040527
3.5286431312561035 1.2537052631378174 2.343139886856079
3.325878381729126 1.1283245086669922 2.286463737487793
3.1231138706207275 1.0300674438476562 2.190140962600708
2.9281413555145264 0.9627098441123962 2.057873487472534
2.7484538555145264 0.9288404583930969 1.8947440385818481
2.590956211090088 0.9297606945037842 1.707021713256836
2.4617013931274414 0.9654352068901062 1.5019205808639526
2.3656561374664307 1.0344932079315186 1.2873224020004272
2.3065121173858643 1.1342805624008179 1.071474313735962
2.28654146194458 1.260962724685669 0.8626710176467896
2.3065121173858643 1.4096713066101074 0.6689367890357971
2.3656561374664307 1.5746914148330688 0.4977167844772339
2.4617013931274414 1.7496815919876099 0.3555908203125
2.590956211090088 1.9279170036315918 0.2480207234621048
2.7484538555145264 2.102548122406006 0.1791403740644455
2.9281413555145264 2.2668638229370117 0.151596799492836
3.1231138706207275 2.4145500659942627 0.16644848883152008
3.325878381729126 2.539930582046509 0.2231246829032898
3.5286431312561035 2.638187885284424 0.3194473683834076
3.7236154079437256 2.705545425415039 0.4517149031162262
3.9033031463623047 2.739414691925049 0.6148443222045898
4.060800552368164 2.738494634628296 0.802566647529602
4.1900553703308105 2.702820062637329 1.007667899131775
4.2861008644104 2.6337621212005615 1.2222659587860107
4.345244884490967 2.5339746475219727 1.4381141662597656
4.058304786682129 2.748833656311035 1.8805782794952393
4.039738178253174 2.598562717437744 2.0732436180114746
3.9847524166107178 2.428915023803711 2.241297721862793
3.8954601287841797 2.2464101314544678 2.3782825469970703
3.7752928733825684 2.0580615997314453 2.478933811187744
3.628868818283081 1.871107578277588 2.53938364982605
3.4618146419525146 1.6927326917648315 2.5573089122772217
3.280550479888916 1.5297917127609253 2.5320208072662354
3.0920417308807373 1.388546347618103 2.464491128921509
2.9035332202911377 1.27442467212677 2.3573148250579834
2.722269058227539 1.1918121576309204 2.2146108150482178
2.5552148818969727 1.1438837051391602 2.041863203048706
2.4087905883789062 1.1324810981750488 1.845710277557373
2.288623332977295 1.158042550086975 1.633690357208252
2.199331045150757 1.2195857763290405 1.4139511585235596
2.144345283508301 1.3147456645965576 1.1949371099472046
2.1257786750793457 1.439865231513977 0.9850648045539856
2.144345283508301 1.5901364088058472 0.7923995852470398
2.199331045150757 1.7597841024398804 0.6243454217910767
2.288623332977295 1.9422889947891235 0.48736056685447693
2.4087905883789062 2.1306374073028564 0.3867092430591583
2.5552148818969727 2.317591428756714 0.32625940442085266
2.722269058227539 2.4959661960601807 0.3083341419696808
2.9035332202911377 2.658907175064087 0.3336222767829895
3.0920417308807373 2.800152540206909 0.4011520445346832
3.280550479888916 2.914274215698242 0.5083283185958862
3.4618146419525146 2.996886730194092 0.6510323286056519
3.628868818283081 3.0448153018951416 0.8237800598144531
3.7752928733825684 3.056217908859253 1.0199328660964966
3.8954601287841797 3.030656337738037 1.2319527864456177
3.9847524166107178 2.9691131114959717 1.45169198513031
4.039738178253174 2.873953342437744 1.670706033706665
3.712310552597046 3.0639021396636963 2.096128225326538
3.695327043533325 2.9121897220611572 2.2878072261810303
3.645029067993164 2.7382731437683105 2.4529409408569336
3.563349485397339 2.5488359928131104 2.5851833820343018
3.4534270763397217 2.3511581420898438 2.6794521808624268
3.319486379623413 2.152836561203003 2.7321248054504395
3.1666746139526367 1.9614924192428589 2.7411773204803467
3.000864267349243 1.7844789028167725 2.70626163482666
2.8284270763397217 1.6285985708236694 2.6287195682525635
2.6559901237487793 1.4998418092727661 2.511531114578247
2.4901795387268066 1.4031568765640259 2.3591995239257812
2.3373677730560303 1.3422590494155884 2.177578926086426
2.2034270763397217 1.319488763809204 1.973649024963379
2.0935049057006836 1.3357208967208862 1.755246639251709
2.0118253231048584 1.3903318643569946 1.5307648181915283
1.9615272283554077 1.4812228679656982 1.3088302612304688
1.9445436000823975 1.6049010753631592 1.0979719161987305
1.9615272283554077 1.7566136121749878 0.9062928557395935
2.0118253231048584 1.9305301904678345 0.7411591410636902
2.0935049057006836 2.119967222213745 0.6089168787002563
2.2034270763397217 2.3176450729370117 0.5146480202674866
2.3373677730560303 2.5159666538238525 0.4619752764701843
2.4901795387268066 2.707310914993286 0.4529227912425995
2.6559901237487793 2.884324550628662 0.4878385066986084
2.8284270763397217 3.0402047634124756 0.5653805732727051
3.000864267349243 3.168961524963379 0.682569146156311
3.1666746139526367 3.265646457672119 0.8349006772041321
3.319486379623413 3.3265442848205566 1.0165212154388428
3.4534270763397217 3.3493144512176514 1.2204511165618896
3.563349485397339 3.333082437515259 1.4388535022735596
3.645029067993164 3.2784714698791504 1.6633353233337402
3.695327043533325 3.1875803470611572 1.8852698802947998
3.3305647373199463 3.34946346282959 2.2914912700653076
3.3153276443481445 3.196444511413574 2.482276678085327
3.2702019214630127 3.0186588764190674 2.644763231277466
3.1969215869903564 2.822938919067383 2.772707223892212
3.0983028411865234 2.6168055534362793 2.8611912727355957
2.978135585784912 2.4081809520721436 2.90681529045105
2.8410379886627197 2.2050819396972656 2.9078259468078613
2.6922781467437744 2.0153138637542725 2.8641843795776367
2.5375730991363525 1.846169114112854 2.7775676250457764
2.3828680515289307 1.7041480541229248 2.6513044834136963
2.2341084480285645 1.5947084426879883 2.4902470111846924
2.097010612487793 1.522055983543396 2.300584554672241
1.9768433570861816 1.4889825582504272 2.0896060466766357
1.8782247304916382 1.496759295463562 1.8654189109802246
1.804944396018982 1.545087218284607 1.6366386413574219
1.75981867313385 1.6321091651916504 1.4120571613311768
1.7445815801620483 1.7544809579849243 1.2003049850463867
1.75981867313385 1.9074997901916504 1.0095196962356567
1.804944396018982 2.0852854251861572 0.8470329642295837
1.8782247304916382 2.281005620956421 0.719089150428772
1.9768433570861816 2.4871387481689453 0.6306049823760986
2.097010612487793 2.69576358795166 0.5849809646606445
2.2341084480285645 2.898862600326538 0.583970308303833
2.3828680515289307 3.0886306762695312 0.6276119351387024
2.5375730991363525 3.25777530670166 0.714228630065918
2.6922781467437744 3.3997962474823 0.8404918313026428
2.8410379886627197 3.5092360973358154 1.001549243927002
2.978135585784912 3.581888437271118 1.1912115812301636
3.0983028411865234 3.614961862564087 1.4021902084350586
3.1969215869903564 3.607185125350952 1.6263773441314697
3.2702019214630127 3.5588572025299072 1.8551576137542725
3.3153276443481445 3.4718353748321533 2.0797390937805176
2.916743755340576 3.6027677059173584 2.4647860527038574
2.903399705886841 3.448590040206909 2.654778480529785
2.8638808727264404 3.2673723697662354 2.8149173259735107
2.799705743789673 3.0660789012908936 2.9390482902526855
2.7133402824401855 2.852445363998413 3.0224010944366455
2.6081037521362305 2.634681224822998 3.061772584915161
2.4880404472351074 2.4211554527282715 3.055649757385254
2.3577640056610107 2.2200734615325928 3.004267930984497
2.222280979156494 2.0391628742218018 2.9096016883850098
2.0867979526519775 1.8853758573532104 2.7752890586853027
1.9565215110778809 1.7646223306655884 2.6064913272857666
1.8364580869674683 1.681542992591858 2.409695625305176
1.7312215566635132 1.639330267906189 2.1924643516540527
1.6448562145233154 1.6396065950393677 1.9631459712982178
1.5806809663772583 1.6823612451553345 1.7305527925491333
1.5411620140075684 1.765951156616211 1.503623366355896
1.5278180837631226 1.8871641159057617 1.2910784482955933
1.5411620140075684 2.041341781616211 1.101085901260376
1.5806809663772583 2.2225594520568848 0.9409471750259399
1.6448562145233154 2.4238529205322266 0.8168162107467651
1.7312215566635132 2.637486696243286 0.7334634065628052
1.8364580869674683 2.855250597000122 0.6940918564796448
1.9565215110778809 3.0687763690948486 0.7002146244049072
2.0867979526519775 3.2698583602905273 0.7515964508056641
2.222280979156494 3.4507689476013184 0.8462626934051514
2.3577640056610107 3.604556083679199 0.980575442314148
2.4880404472351074 3.7253096103668213 1.149373173713684
2.6081037521362305 3.8083889484405518 1.346168875694275
2.7133402824401855 3.8506016731262207 1.5634000301361084
2.799705743789673 3.850325345993042 1.792718529701233
2.8638808727264404 3.807570695877075 2.0253117084503174
2.903399705886841 3.723980665206909 2.2522411346435547
2.474832773208618 3.8213753700256348 2.6143436431884766
2.463510751724243 3.6661975383758545 2.803651809692383
2.429979085922241 3.482017993927002 2.961764335632324
2.3755271434783936 3.2759146690368652 3.0826046466827393
2.3022468090057373 3.0558080673217773 3.161529064178467
2.212954521179199 2.8301565647125244 3.1955044269561768
2.111081600189209 2.6076321601867676 3.183225393295288
2.0005431175231934 2.3967859745025635 3.1251635551452637
1.8855869770050049 2.205721139907837 3.023550271987915
1.7706307172775269 2.0417797565460205 2.8822906017303467
1.6600923538208008 1.911262035369873 2.706813097000122
1.5582194328308105 1.8191839456558228 2.5038609504699707
1.4689271450042725 1.7690839767456055 2.281233787536621
1.3956468105316162 1.7628872394561768 2.0474867820739746
1.341194748878479 1.8008320331573486 1.81160306930542
1.3076632022857666 1.8814600706100464 1.5826472043991089
1.296341061592102 2.0016727447509766 1.3694180250167847
1.3076632022857666 2.156850814819336 1.1801097393035889
1.341194748878479 2.3410303592681885 1.021997332572937
1.3956468105316162 2.547133684158325 0.9011570811271667
1.4689271450042725 2.767240285873413 0.8222326636314392
1.5582194328308105 2.992891550064087 0.7882571816444397
1.6600923538208008 3.215416193008423 0.8005362749099731
1.7706307172775269 3.426262140274048 0.8585980534553528
1.8855869770050049 3.6173272132873535 0.9602112770080566
2.0005431175231934 3.78126859664917 1.101470947265625
2.111081600189209 3.9117860794067383 1.2769486904144287
2.212954521179199 4.003864288330078 1.4799007177352905
2.3022468090057373 4.053964138031006 1.7025278806686401
2.3755271434783936 4.060161113739014 1.936274766921997
2.429979085922241 4.022216320037842 2.1721584796905518
2.463510751724243 3.9415881633758545 2.4011144638061523
2.0090880393981934 4.003180980682373 2.7387235164642334
1.99989652633667 3.8471715450286865 2.9274628162384033
1.9726754426956177 3.6605286598205566 3.083889961242676
1.9284707307815552 3.450425148010254 3.201993703842163
1.8689812421798706 3.2249350547790527 3.2772350311279297
1.7964931726455688 2.9927241802215576 3.30672287940979
1.7137919664382935 2.762716054916382 3.2893240451812744
1.6240559816360474 2.5437495708465576 3.2257065773010254
1.5307337045669556 2.3442397117614746 3.1183159351348877
1.4374114274978638 2.1718533039093018 2.9712789058685303
1.3476754426956177 2.0332155227661133 2.790245771408081
1.2649743556976318 1.9336535930633545 2.5821738243103027
1.1924861669540405 1.876994013786316 2.3550589084625244
1.132996678352356 1.8654139041900635 2.117629051208496
1.0887919664382935 1.8993585109710693 1.8790086507797241
1.0615708827972412 1.9775233268737793 1.6483676433563232
1.0523794889450073 2.0969042778015137 1.4345694780349731
1.0615708827972412 2.2529139518737793 1.2458301782608032
1.0887919664382935 2.439556837081909 1.0894030332565308
1.132996678352356 2.649660348892212 0.971299409866333
1.1924861669540405 2.875150203704834 0.8960579037666321
1.2649743556976318 3.107361316680908 0.8665700554847717
1.3476754426956177 3.337369441986084 0.8839690685272217
1.4374114274978638 3.556335926055908 0.9475862979888916
1.5307337045669556 3.755845785140991 1.0549769401550293
1.6240559816360474 3.928232192993164 1.2020140886306763
1.7137919664382935 4.066870212554932 1.3830472230911255
1.7964931726455688 4.166431903839111 1.5911192893981934
1.8689812421798706 4.2230916023254395 1.8182340860366821
1.9284707307815552 4.234671592712402 2.055663824081421
1.9726754426956177 4.2007269859313965 2.2942843437194824
1.99989652633667 4.122561931610107 2.5249252319335938
1.5239945650100708 4.1464338302612305 2.836728096008301
1.5170223712921143 3.9897689819335938 3.0250189304351807
1.4963737726211548 3.801185131072998 3.1801183223724365
1.462842345237732 3.5879297256469727 3.29606556892395
1.4177165031433105 3.3581981658935547 3.3684051036834717
1.362730622291565 3.120818614959717 3.3943569660186768
1.2999976873397827 2.884913444519043 3.3729238510131836
1.2319283485412598 2.659548759460449 3.304929256439209
1.161138653755188 2.4533846378326416 3.192986249923706
1.0903490781784058 2.2743442058563232 3.0413966178894043
1.0222797393798828 2.129307985305786 2.8559861183166504
0.9595468044281006 2.0238492488861084 2.6438798904418945
0.9045608639717102 1.9620211124420166 2.41322922706604
0.8594350814819336 1.9461994171142578 2.1728973388671875
0.825903594493866 1.976992130279541 1.932120680809021
0.8052550554275513 2.053215980529785 1.700151801109314
0.7982828617095947 2.1719415187835693 1.4859051704406738
0.8052550554275513 2.328606605529785 1.297614336013794
0.825903594493866 2.517190456390381 1.142514944076538
0.8594350814819336 2.7304458618164062 1.0265676975250244
0.9045608639717102 2.960177421569824 0.9542281031608582
0.9595468044281006 3.197556972503662 0.9282763004302979
1.0222797393798828 3.433462142944336 0.9497095346450806
1.0903490781784058 3.6588268280029297 1.0177041292190552
1.161138653755188 3.8649909496307373 1.129647135734558
1.2319283485412598 4.044031143188477 1.2812366485595703
1.2999976873397827 4.189067363739014 1.4666470289230347
1.362730622291565 4.294526100158691 1.6787532567977905
1.4177165031433105 4.356354236602783 1.9094041585922241
1.462842345237732 4.372176170349121 2.149735927581787
1.4963737726211548 4.341383457183838 2.390512704849243
1.5170223712921143 4.265159606933594 2.62248158454895
1.0242241621017456 4.249754428863525 2.9074134826660156
1.019538402557373 4.092616558074951 3.095381021499634
1.0056612491607666 3.90263295173645 3.2495224475860596
0.9831258654594421 3.6871042251586914 3.3639144897460938
0.9527984261512756 3.454313278198242 3.4341611862182617
0.9158442616462708 3.2132060527801514 3.4575626850128174
0.8736835718154907 2.973047971725464 3.4332196712493896
0.827936589717865 2.743068218231201 3.362067937850952
0.7803612947463989 2.532104969024658 3.2468416690826416
0.7327859997749329 2.3482654094696045 3.0919687747955322
0.6870390176773071 2.1986143589019775 2.9034011363983154
0.6448783278465271 2.088902711868286 2.688385248184204
0.6079241633415222 2.0233466625213623 2.4551842212677
0.5775967240333557 2.0044655799865723 2.212759494781494
0.5550613403320312 2.032984972000122 1.970427393913269
0.54118412733078 2.107808828353882 1.737500786781311
0.5364983677864075 2.2260618209838867 1.5229308605194092
0.54118412733078 2.383199453353882 1.334963321685791
0.5550613403320312 2.573183059692383 1.1808217763900757
0.5775967240333557 2.7887117862701416 1.066429615020752
0.6079241633415222 3.02150297164917 0.9961830973625183
0.6448783278465271 3.2626101970672607 0.9727815985679626
0.6870390176773071 3.5027682781219482 0.9971244931221008
0.7327859997749329 3.732748031616211 1.068276286125183
0.7803612947463989 3.943711280822754 1.1835025548934937
0.827936589717865 4.1275506019592285 1.338375449180603
0.8736835718154907 4.277202129364014 1.5269429683685303
0.9158442616462708 4.386913776397705 1.7419588565826416
0.9527984261512756 4.452469825744629 1.9751601219177246
0.9831258654594421 4.47135066986084 2.2175848484039307
1.0056612491607666 4.442831516265869 2.459916830062866
1.019538402557373 4.368007183074951 2.692843437194824
0.5145899653434753 4.31214714050293 2.950098752975464
0.5122357606887817 4.15472412109375 3.137871026992798
0.50526362657547 3.963895082473755 3.2914342880249023
0.49394139647483826 3.7469937801361084 3.4048871994018555
0.4787043035030365 3.512355327606201 3.473869800567627
0.46013781428337097 3.2689967155456543 3.4957311153411865
0.43895548582077026 3.0262703895568848 3.4696311950683594
0.4159713089466095 2.793503999710083 3.3965728282928467
0.3920685648918152 2.5796425342559814 3.2793638706207275
0.3681658208370209 2.392904758453369 3.1225082874298096
0.3451816439628601 2.240466833114624 2.9320340156555176
0.3239993155002594 2.1281869411468506 2.715261220932007
0.30543282628059387 2.06037974357605 2.4805197715759277
0.2901957333087921 2.0396511554718018 2.2368311882019043
0.2788735330104828 2.0667977333068848 1.9935599565505981
0.27190133929252625 2.1407763957977295 1.7600550651550293
0.26954713463783264 2.2587437629699707 1.5452897548675537
0.27190133929252625 2.4161670207977295 1.3575176000595093
0.2788735330104828 2.6069960594177246 1.2039543390274048
0.2901957333087921 2.823897361755371 1.0905014276504517
0.30543282628059387 3.0585360527038574 1.0215188264846802
0.3239993155002594 3.301894426345825 0.999657392501831
0.3451816439628601 3.544620990753174 1.0257573127746582
0.3681658208370209 3.7773873805999756 1.098815679550171
0.3920685648918152 3.991248607635498 1.2160247564315796
0.4159713089466095 4.1779866218566895 1.3728803396224976
0.43895548582077026 4.3304243087768555 1.5633544921875
0.46013781428337097 4.442704200744629 1.7801274061203003
0.4787043035030365 4.51051139831543 2.01486873626709
0.49394139647483826 4.531239986419678 2.2585573196411133
0.50526362657547 4.504093647003174 2.50182843208313
0.5122357606887817 4.43011474609375 2.7353334426879883
3.214697822599943e-16 4.333012104034424 2.9643728733062744
3.1999909483554443e-16 4.175493240356445 3.1520798206329346
3.156434926020852e-16 3.984381675720215 3.3054497241973877
3.085703969155974e-16 3.7670211791992188 3.418588638305664
2.9905162594281076e-16 3.5317647457122803 3.4871485233306885
2.874529390982616e-16 3.2876534461975098 3.5084948539733887
2.742201139402221e-16 3.0440683364868164 3.4818074703216553
2.5986166140462043e-16 2.8103699684143066 3.408111572265625
2.4492937051703357e-16 2.5955393314361572 3.2902393341064453
2.299970531596671e-16 2.407832384109497 3.132720708847046
2.1563861385895524e-16 2.254462480545044 2.9416091442108154
2.0240577546602593e-16 2.1413238048553467 2.7242486476898193
1.9080710185636658e-16 2.072763681411743 2.488992214202881
1.8128831764869016e-16 2.051417350769043 2.2448809146881104
1.7421522196220233e-16 2.0781049728393555 2.001295804977417
1.698596329636329e-16 2.1518008708953857 1.7675973176956177
1.6838893230429323e-16 2.2696728706359863 1.5527667999267578
1.698596329636329e-16 2.4271914958953857 1.3650598526000977
1.7421522196220233e-16 2.6183032989501953 1.211690068244934
1.8128831764869016e-16 2.8356637954711914 1.0985511541366577
1.9080710185636658e-16 3.070919990539551 1.0299912691116333
2.0240577546602593e-16 3.3150312900543213 1.0086448192596436
2.1563861385895524e-16 3.5586166381835938 1.035332441329956
2.299970531596671e-16 3.7923150062561035 1.1090282201766968
2.4492937051703357e-16 4.007145404815674 1.226900339126587
2.5986166140462043e-16 4.194852352142334 1.3844189643859863
2.742201139402221e-16 4.348222255706787 1.5755306482315063
2.874529390982616e-16 4.461360931396484 1.792891263961792
2.9905162594281076e-16 4.529921054840088 2.0281474590301514
3.085703969155974e-16 4.551267623901367 2.272258758544922
3.156434926020852e-16 4.524580001831055 2.5158441066741943
3.1999909483554443e-16 4.450883865356445 2.749542474746704
-0.5145899653434753 4.31214714050293 2.950098752975464
-0.5122357606887817 4.15472412109375 3.137871026992798
-0.50526362657547 3.963895082473755 3.2914342880249023
-0.49394139647483826 3.7469937801361084 3.4048871994018555
-0.4787043035030365 3.512355327606201 3.473869800567627
-0.46013781428337097 3.2689967155456543 3.4957311153411865
-0.43895548582077026 3.0262703895568848 3.4696311950683594
-0.4159713089466095 2.793503999710083 3.3965728282928467
-0.3920685648918152 2.5796425342559814 3.2793638706207275
-0.3681658208370209 2.392904758453369 3.1225082874298096
-0.3451816439628601 2.240466833114624 2.9320340156555176
-0.3239993155002594 2.1281869411468506 2.715261220932007
-0.30543282628059387 2.06037974357605 2.4805197715759277
-0.2901957333087921 2.0396511554718018 2.2368311882019043
-0.2788735330104828 2.0667977333068848 1.9935599565505981
-0.27190133929252625 2.1407763957977295 1.7600550651550293
-0.26954713463783264 2.2587437629699707 1.5452897548675537
-0.27190133929252625 2.4161670207977295 1.3575176000595093
-0.2788735330104828 2.6069960594177246 1.2039543390274048
-0.2901957333087921 2.823897361755371 1.0905014276504517
-0.30543282628059387 3.0585360527038574 1.0215188264846802
-0.3239993155002594 3.301894426345825 0.999657392501831
-0.3451816439628601 3.544620990753174 1.0257573127746582
-0.3681658208370209 3.7773873805999756 1.098815679550171
-0.3920685648918152 3.991248607635498 1.2160247564315796
-0.4159713089466095 4.1779866218566895 1.3728803396224976
-0.43895548582077026 4.3304243087768555 1.5633544921875
-0.46013781428337097 4.442704200744629 1.7801274061203003
-0.4787043035030365 4.51051139831543 2.01486873626709
-0.49394139647483826 4.531239986419678 2.2585573196411133
-0.50526362657547 4.504093647003174 2.50182843208313
-0.5122357606887817 4.43011474609375 2.7353334426879883
-1.0242241621017456 4.249754428863525 2.9074134826660156
-1.019538402557373 4.092616558074951 3.095381021499634
-1.0056612491607666 3.90263295173645 3.2495224475860596
-0.9831258654594421 3.6871042251586914 3.3639144897460938
-0.9527984261512756 3.454313278198242 3.4341611862182617
-0.9158442616462708 3.2132060527801514 3.4575626850128174
-0.8736835718154907 2.973047971725464 3.4332196712493896
-0.827936589717865 2.743068218231201 3.362067937850952
-0.7803612947463989 2.532104969024658 3.2468416690826416
-0.7327859997749329 2.3482654094696045 3.0919687747955322
-0.6870390176773071 2.1986143589019775 2.9034011363983154
-0.6448783278465271 2.088902711868286 2.688385248184204
-0.6079241633415222 2.0233466625213623 2.4551842212677
-0.5775967240333557 2.0044655799865723 2.212759494781494
-0.5550613403320312 2.032984972000122 1.970427393913269
-0.54118412733078 2.107808828353882 1.737500786781311
-0.5364983677864075 2.2260618209838867 1.5229308605194092
-0.54118412733078 2.383199453353882 1.334963321685791
-0.5550613403320312 2.573183059692383 1.1808217763900757
-0.5775967240333557 2.7887117862701416 1.066429615020752
-0.6079241633415222 3.02150297164917 0.9961830973625183
-0.6448783278465271 3.2626101970672607 0.9727815985679626
-0.6870390176773071 3.5027682781219482 0.9971244931221008
-0.7327859997749329 3.732748031616211 1.068276286125183
-0.7803612947463989 3.943711280822754 1.1835025548934937
-0.827936589717865 4.1275506019592285 1.338375449180603
-0.8736835718154907 4.277202129364014 1.5269429683685303
-0.9158442616462708 4.386913776397705 1.7419588565826416
-0.9527984261512756 4.452469825744629 1.9751601219177246
-0.9831258654594421 4.47135066986084 2.2175848484039307
-1.0056612491607666 4.442831516265869 2.459916830062866
-1.019538402557373 4.368007183074951 2.692843437194824
-1.5239945650100708 4.1464338302612305 2.836728096008301
-1.5170223712921143 3.9897689819335938 3.0250189304351807
-1.4963737726211548 3.801185131072998 3.1801183223724365
-1.462842345237732 3.5879297256469727 3.29606556892395
-1.4177165031433105 3.3581981658935547 3.3684051036834717
-1.362730622291565 3.120818614959717 3.3943569660186768
-1.2999976873397827 2.884913444519043 3.3729238510131836
-1.2319283485412598 2.659548759460449 3.304929256439209
-1.161138653755188 2.4533846378326416 3.192986249923706
-1.0903490781784058 2.2743442058563232 3.0413966178894043
-1.0222797393798828 2.129307985305786 2.8559861183166504
-0.9595468044281006 2.0238492488861084 2.6438798904418945
-0.9045608639717102 1.9620211124420166 2.41322922706604
-0.8594350814819336 1.9461994171142578 2.1728973388671875
-0.825903594493866 1.976992130279541 1.932120680809021
-0.8052550554275513 2.053215980529785 1.700151801109314
-0.7982828617095947 2.1719415187835693 1.4859051704406738
-0.8052550554275513 2.328606605529785 1.297614336013794
-0.825903594493866 2.517190456390381 1.142514944076538
-0.8594350814819336 2.7304458618164062 1.0265676975250244
-0.9045608639717102 2.960177421569824 0.9542281031608582
-0.9595468044281006 3.197556972503662 0.9282763004302979
-1.0222797393798828 3.433462142944336 0.9497095346450806
-1.0903490781784058 3.6588268280029297 1.0177041292190552
-1.161138653755188 3.8649909496307373 1.129647135734558
-1.2319283485412598 4.044031143188477 1.2812366485595703
-1.2999976873397827 4.189067363739014 1.4666470289230347
-1.362730622291565 4.294526100158691 1.6787532567977905
-1.4177165031433105 4.356354236602783 1.9094041585922241
-1.462842345237732 4.372176170349121 2.149735927581787
-1.4963737726211548 4.341383457183838 2.390512704849243
-1.5170223712921143 4.265159606933594 2.62248158454895
-2.0090880393981934 4.003180980682373 2.7387235164642334
-1.99989652633667 3.8471715450286865 2.9274628162384033
-1.9726754426956177 3.6605286598205566 3.083889961242676
-1.9284707307815552 3.450425148010254 3.201993703842163
-1.8689812421798706 3.2249350547790527 3.2772350311279297
-1.7964931726455688 2.9927241802215576 3.30672287940979
-1.7137919664382935 2.762716054916382 3.2893240451812744
-1.6240559816360474 2.5437495708465576 3.2257065773010254
-1.5307337045669556 2.3442397117614746 3.1183159351348877
-1.4374114274978638 2.1718533039093018 2.9712789058685303
-1.3476754426956177 2.0332155227661133 2.790245771408081
-1.2649743556976318 1.9336535930633545 2.5821738243103027
-1.1924861669540405 1.876994013786316 2.3550589084625244
-1.132996678352356 1.8654139041900635 2.117629051208496
-1.0887919664382935 1.8993585109710693 1.8790086507797241
-1.0615708827972412 1.9775233268737793 1.6483676433563232
-1.0523794889450073 2.0969042778015137 1.4345694780349731
-1.0615708827972412 2.2529139518737793 1.2458301782608032
-1.0887919664382935 2.439556837081909 1.0894030332565308
-1.132996678352356 2.649660348892212 0.971299409866333
-1.1924861669540405 2.875150203704834 0.8960579037666321
-1.2649743556976318 3.107361316680908 0.8665700554847717
-1.3476754426956177 3.337369441986084 0.8839690685272217
-1.4374114274978638 3.556335926055908 0.9475862979888916
-1.5307337045669556 3.755845785140991 1.0549769401550293
-1.6240559816360474 3.928232192993164 1.2020140886306763
-1.7137919664382935 4.066870212554932 1.3830472230911255
-1.7964931726455688 4.166431903839111 1.5911192893981934
-1.8689812421798706 4.2230916023254395 1.8182340860366821
-1.9284707307815552 4.234671592712402 2.055663824081421
-1.9726754426956177 4.2007269859313965 2.2942843437194824
-1.99989652633667 4.122561931610107 2.5249252319335938
-2.474832773208618 3.8213753700256348 2.6143436431884766
-2.463510751724243 3.6661975383758545 2.803651809692383
-2.429979085922241 3.482017993927002 2.961764335632324
-2.3755271434783936 3.2759146690368652 3.0826046466827393
-2.3022468090057373 3.0558080673217773 3.161529064178467
-2.212954521179199 2.8301565647125244 3.1955044269561768
-2.111081600189209 2.6076321601867676 3.183225393295288
-2.0005431175231934 2.3967859745025635 3.1251635551452637
-1.8855869770050049 2.205721139907837 3.023550271987915
-1.7706307172775269 2.0417797565460205 2.8822906017303467
-1.6600923538208008 1.911262035369873 2.706813097000122
-1.5582194328308105 1.8191839456558228 2.5038609504699707
-1.4689271450042725 1.7690839767456055 2.281233787536621
-1.3956468105316162 1.7628872394561768 2.0474867820739746
-1.341194748878479 1.8008320331573486 1.81160306930542
-1.3076632022857666 1.8814600706100464 1.5826472043991089
-1.296341061592102 2.0016727447509766 1.3694180250167847
-1.3076632022857666 2.156850814819336 1.1801097393035889
-1.341194748878479 2.3410303592681885 1.021997332572937
-1.3956468105316162 2.547133684158325 0.9011570811271667
-1.4689271450042725 2.767240285873413 0.8222326636314392
-1.5582194328308105 2.992891550064087 0.7882571816444397
-1.6600923538208008 3.215416193008423 0.8005362749099731
-1.7706307172775269 3.426262140274048 0.8585980534553528
-1.8855869770050049 3.6173272132873535 0.9602112770080566
-2.0005431175231934 3.78126859664917 1.101470947265625
-2.111081600189209 3.9117860794067383 1.2769486904144287
-2.212954521179199 4.003864288330078 1.4799007177352905
-2.3022468090057373 4.053964138031006 1.7025278806686401
-2.3755271434783936 4.060161113739014 1.936274766921997
-2.429979085922241 4.022216320037842 2.1721584796905518
-2.463510751724243 3.9415881633758545 2.4011144638061523
-2.916743755340576 3.6027677059173584 2.4647860527038574
-2.903399705886841 3.448590040206909 2.654778480529785
-2.8638808727264404 3.2673723697662354 2.8149173259735107
-2.799705743789673 3.0660789012908936 2.9390482902526855
-2.7133402824401855 2.852445363998413 3.0224010944366455
-2.6081037521362305 2.634681224822998 3.061772584915161
-2.4880404472351074 2.4211554527282715 3.055649757385254
-2.3577640056610107 2.2200734615325928 3.004267930984497
-2.222280979156494 2.0391628742218018 2.9096016883850098
-2.0867979526519775 1.8853758573532104 2.7752890586853027
-1.9565215110778809 1.7646223306655884 2.6064913272857666
-1.8364580869674683 1.681542992591858 2.409695625305176
-1.7312215566635132 1.639330267906189 2.1924643516540527
-1.6448562145233154 1.6396065950393677 1.9631459712982178
-1.5806809663772583 1.6823612451553345 1.7305527925491333
-1.5411620140075684 1.765951156616211 1.503623366355896
-1.5278180837631226 1.8871641159057617 1.2910784482955933
-1.5411620140075684 2.041341781616211 1.101085901260376
-1.5806809663772583 2.2225594520568848 0.9409471750259399
-1.6448562145233154 2.4238529205322266 0.8168162107467651
-1.7312215566635132 2.637486696243286 0.7334634065628052
-1.8364580869674683 2.855250597000122 0.6940918564796448
-1.9565215110778809 3.0687763690948486 0.7002146244049072
-2.0867979526519775 3.2698583602905273 0.7515964508056641
-2.222280979156494 3.4507689476013184 0.8462626934051514
-2.3577640056610107 3.604556083679199 0.980575442314148
-2.4880404472351074 3.7253096103668213 1.149373173713684
-2.6081037521362305 3.8083889484405518 1.346168875694275
-2.7133402824401855 3.8506016731262207 1.5634000301361084
-2.799705743789673 3.850325345993042 1.792718529701233
-2.8638808727264404 3.807570695877075 2.0253117084503174
-2.903399705886841 3.723980665206909 2.2522411346435547
-3.3305647373199463 3.34946346282959 2.2914912700653076
-3.3153276443481445 3.196444511413574 2.482276678085327
-3.2702019214630127 3.0186588764190674 2.644763231277466
-3.1969215869903564 2.822938919067383 2.772707223892212
-3.0983028411865234 2.6168055534362793 2.8611912727355957
-2.978135585784912 2.4081809520721436 2.90681529045105
-2.8410379886627197 2.2050819396972656 2.9078259468078613
-2.6922781467437744 2.0153138637542725 2.8641843795776367
-2.5375730991363525 1.846169114112854 2.7775676250457764
-2.3828680515289307 1.7041480541229248 2.6513044834136963
-2.2341084480285645 1.5947084426879883 2.4902470111846924
-2.097010612487793 1.522055983543396 2.300584554672241
-1.9768433570861816 1.4889825582504272 2.0896060466766357
-1.8782247304916382 1.496759295463562 1.8654189109802246
-1.804944396018982 1.545087218284607 1.6366386413574219
-1.75981867313385 1.6321091651916504 1.4120571613311768
-1.7445815801620483 1.7544809579849243 1.2003049850463867
-1.75981867313385 1.9074997901916504 1.0095196962356567
-1.804944396018982 2.0852854251861572 0.8470329642295837
-1.8782247304916382 2.281005620956421 0.719089150428772
-1.9768433570861816 2.4871387481689453 0.6306049823760986
-2.097010612487793 2.69576358795166 0.5849809646606445
-2.2341084480285645 2.898862600326538 0.583970308303833
-2.3828680515289307 3.0886306762695312 0.6276119351387024
-2.5375730991363525 3.25777530670166 0.714228630065918
-2.6922781467437744 3.3997962474823 0.8404918313026428
-2.8410379886627197 3.5092360973358154 1.001549243927002
-2.978135585784912 3.581888437271118 1.1912115812301636
-3.0983028411865234 3.614961862564087 1.4021902084350586
-3.1969215869903564 3.607185125350952 1.6263773441314697
-3.2702019214630127 3.5588572025299072 1.8551576137542725
-3.3153276443481445 3.4718353748321533 2.0797390937805176
-3.712310552597046 3.0639021396636963 2.096128225326538
-3.695327043533325 2.9121897220611572 2.2878072261810303
-3.645029067993164 2.7382731437683105 2.4529409408569336
-3.563349485397339 2.5488359928131104 2.5851833820343018
-3.4534270763397217 2.3511581420898438 2.6794521808624268
-3.319486379623413 2.152836561203003 2.7321248054504395
-3.1666746139526367 1.9614924192428589 2.7411773204803467
-3.000864267349243 1.7844789028167725 2.70626163482666
-2.8284270763397217 1.6285985708236694 2.6287195682525635
-2.6559901237487793 1.4998418092727661 2.511531114578247
-2.4901795387268066 1.4031568765640259 2.3591995239257812
-2.3373677730560303 1.3422590494155884 2.177578926086426
-2.2034270763397217 1.319488763809204 1.973649024963379
-2.0935049057006836 1.3357208967208862 1.755246639251709
-2.0118253231048584 1.3903318643569946 1.5307648181915283
-1.9615272283554077 1.4812228679656982 1.3088302612304688
-1.9445436000823975 1.6049010753631592 1.0979719161987305
-1.9615272283554077 1.7566136121749878 0.9062928557395935
-2.0118253231048584 1.9305301904678345 0.7411591410636902
-2.0935049057006836 2.119967222213745 0.6089168787002563
-2.2034270763397217 2.3176450729370117 0.5146480202674866
-2.3373677730560303 2.5159666538238525 0.4619752764701843
-2.4901795387268066 2.707310914993286 0.4529227912425995
-2.6559901237487793 2.884324550628662 0.4878385066986084
-2.8284270763397217 3.0402047634124756 0.5653805732727051
-3.000864267349243 3.168961524963379 0.682569146156311
-3.1666746139526367 3.265646457672119 0.8349006772041321
-3.319486379623413 3.3265442848205566 1.0165212154388428
-3.4534270763397217 3.3493144512176514 1.2204511165618896
-3.563349485397339 3.333082437515259 1.4388535022735596
-3.645029067993164 3.2784714698791504 1.6633353233337402
-3.695327043533325 3.1875803470611572 1.8852698802947998
-4.058304786682129 2.748833656311035 1.8805782794952393
-4.039738178253174 2.598562717437744 2.0732436180114746
-3.9847524166107178 2.428915023803711 2.241297721862793
-3.8954601287841797 2.2464101314544678 2.3782825469970703
-3.7752928733825684 2.0580615997314453 2.478933811187744
-3.628868818283081 1.871107578277588 2.53938364982605
-3.4618146419525146 1.6927326917648315 2.5573089122772217
-3.280550479888916 1.5297917127609253 2.5320208072662354
-3.0920417308807373 1.388546347618103 2.464491128921509
-2.9035332202911377 1.27442467212677 2.3573148250579834
-2.722269058227539 1.1918121576309204 2.2146108150482178
-2.5552148818969727 1.1438837051391602 2.041863203048706
-2.4087905883789062 1.1324810981750488 1.845710277557373
-2.288623332977295 1.158042550086975 1.633690357208252
-2.199331045150757 1.2195857763290405 1.4139511585235596
-2.144345283508301 1.3147456645965576 1.1949371099472046
-2.1257786750793457 1.439865231513977 0.9850648045539856
-2.144345283508301 1.5901364088058472 0.7923995852470398
-2.199331045150757 1.7597841024398804 0.6243454217910767
-2.288623332977295 1.9422889947891235 0.48736056685447693
-2.4087905883789062 2.1306374073028564 0.3867092430591583
-2.5552148818969727 2.317591428756714 0.32625940442085266
-2.722269058227539 2.4959661960601807 0.3083341419696808
-2.9035332202911377 2.658907175064087 0.3336222767829895
-3.0920417308807373 2.800152540206909 0.4011520445346832
-3.280550479888916 2.914274215698242 0.5083283185958862
-3.4618146419525146 2.996886730194092 0.6510323286056519
-3.628868818283081 3.0448153018951416 0.8237800598144531
-3.7752928733825684 3.056217908859253 1.0199328660964966
-3.8954601287841797 3.030656337738037 1.2319527864456177
-3.9847524166107178 2.9691131114959717 1.45169198513031
-4.039738178253174 2.873953342437744 1.670706033706665
-4.365215301513672 2.407292366027832 1.6469173431396484
-4.345244884490967 2.2585840225219727 1.8406516313552856
-4.2861008644104 2.0935637950897217 2.011871576309204
-4.1900553703308105 1.9185736179351807 2.1539976596832275
-4.060800552368164 1.7403382062911987 2.2615675926208496
-3.9033031463623047 1.5657070875167847 2.3304479122161865
-3.7236154079437256 1.4013912677764893 2.3579916954040527
-3.5286431312561035 1.2537052631378174 2.343139886856079
-3.325878381729126 1.1283245086669922 2.286463737487793
-3.1231138706207275 1.0300674438476562 2.190140962600708
-2.9281413555145264 0.9627098441123962 2.057873487472534
-2.7484538555145264 0.9288404583930969 1.8947440385818481
-2.590956211090088 0.9297606945037842 1.707021713256836
-2.4617013931274414 0.9654352068901062 1.5019205808639526
-2.3656561374664307 1.0344932079315186 1.2873224020004272
-2.3065121173858643 1.1342805624008179 1.071474313735962
-2.28654146194458 1.260962724685669 0.8626710176467896
-2.3065121173858643 1.4096713066101074 0.6689367890357971
-2.3656561374664307 1.5746914148330688 0.4977167844772339
-2.4617013931274414 1.7496815919876099 0.3555908203125
-2.590956211090088 1.9279170036315918 0.2480207234621048
-2.7484538555145264 2.102548122406006 0.1791403740644455
-2.9281413555145264 2.2668638229370117 0.151596799492836
-3.1231138706207275 2.4145500659942627 0.16644848883152008
-3.325878381729126 2.539930582046509 0.2231246829032898
-3.5286431312561035 2.638187885284424 0.3194473683834076
-3.7236154079437256 2.705545425415039 0.4517149031162262
-3.9033031463623047 2.739414691925049 0.6148443222045898
-4.060800552368164 2.738494634628296 0.802566647529602
-4.1900553703308105 2.702820062637329 1.007667899131775
-4.2861008644104 2.6337621212005615 1.2222659587860107
-4.345244884490967 2.5339746475219727 1.4381141662597656
-4.630086421966553 2.042567729949951 1.3973957300186157
-4.6089043617248535 1.895527720451355 1.5922714471817017
-4.546171188354492 1.735449194908142 1.7668722867965698
-4.444298267364502 1.568483829498291 1.9144883155822754
-4.307200908660889 1.4010480642318726 2.029446840286255
-4.140146732330322 1.2395763397216797 2.107329845428467
-3.9495558738708496 1.0902738571166992 2.1451447010040283
-3.742753028869629 0.958878219127655 2.1414380073547363
-3.5276851654052734 0.8504389524459839 2.0963521003723145
-3.312617063522339 0.769123375415802 2.0116195678710938
-3.105814218521118 0.7180562615394592 1.8904969692230225
-2.9152235984802246 0.6992002129554749 1.7376387119293213
-2.748169422149658 0.7132797241210938 1.5589191913604736
-2.6110715866088867 0.7597538828849792 1.3612064123153687
-2.5091989040374756 0.836836576461792 1.152098298072815
-2.4464657306671143 0.9415656924247742 0.939630925655365
-2.425283432006836 1.0699163675308228 0.7319691777229309
-2.4464657306671143 1.216956377029419 0.537093460559845
-2.5091989040374756 1.3770349025726318 0.3624926507472992
-2.6110715866088867 1.544000267982483 0.21487662196159363
-2.748169422149658 1.7114360332489014 0.09991814941167831
-2.9152235984802246 1.8729078769683838 0.022035032510757446
-3.105814218521118 2.0222103595733643 -0.015779731795191765
-3.312617063522339 2.1536059379577637 -0.012072940357029438
-3.5276851654052734 2.26204514503479 0.033012960106134415
-3.742753028869629 2.343360662460327 0.11774533987045288
-3.9495558738708496 2.39442777633667 0.23886798322200775
-4.140146732330322 2.4132838249206543 0.39172622561454773
-4.307200908660889 2.3992044925689697 0.5704457759857178
-4.444298267364502 2.3527302742004395 0.7681585550308228
-4.546171188354492 2.2756476402282715 0.9772666096687317
-4.6089043617248535 2.1709184646606445 1.1897339820861816
-4.850367546081543 1.6581718921661377 1.1344164609909058
-4.828177452087402 1.5128905773162842 1.3304952383041382
-4.762459754943848 1.3580201864242554 1.5086592435836792
-4.655740261077881 1.1995124816894531 1.662061333656311
-4.512119770050049 1.0434587001800537 1.784806728363037
-4.337118148803711 0.8958559632301331 1.8721781969070435
-4.137459754943848 0.7623765468597412 1.9208180904388428
-3.9208180904388428 0.6481499671936035 1.9288573265075684
-3.6955180168151855 0.5575659871101379 1.895986795425415
-3.4702181816101074 0.49410557746887207 1.823469877243042
-3.2535762786865234 0.4602075219154358 1.7140932083129883
-3.0539181232452393 0.45717453956604004 1.5720601081848145
-2.8789162635803223 0.4851231575012207 1.4028288125991821
-2.7352960109710693 0.5429793000221252 1.2129029035568237
-2.6285762786865234 0.6285196542739868 1.0095810890197754
-2.562858819961548 0.7384569048881531 0.8006767630577087
-2.5406687259674072 0.8685662150382996 0.5942181348800659
-2.562858819961548 1.0138475894927979 0.39813926815986633
-2.6285762786865234 1.1687179803848267 0.21997536718845367
-2.7352960109710693 1.327225685119629 0.06657316535711288
-2.8789162635803223 1.4832794666290283 -0.05617217347025871
-3.0539181232452393 1.6308821439743042 -0.14354361593723297
-3.2535762786865234 1.7643616199493408 -0.19218353927135468
-3.4702181816101074 1.878588080406189 -0.20022273063659668
-3.6955180168151855 1.9691721200942993 -0.16735224425792694
-3.9208180904388428 2.03263258934021 -0.09483526647090912
-4.137459754943848 2.066530704498291 0.01454139593988657
-4.337118148803711 2.069563627243042 0.15657447278499603
-4.512119770050049 2.0416150093078613 0.3258056938648224
-4.655740261077881 1.983758807182312 0.5157316327095032
-4.762459754943848 1.8982185125350952 0.7190535068511963
-4.828177452087402 1.7882812023162842 0.9279578328132629
-5.023936748504639 1.2578070163726807 0.8605120778083801
-5.00095272064209 1.1143572330474854 1.0578440427780151
-4.932883262634277 0.9649114608764648 1.239719033241272
-4.822344779968262 0.8152126669883728 1.3991477489471436
-4.673584938049316 0.6710137724876404 1.5300034284591675
-4.492321014404297 0.5378562808036804 1.6272574663162231
-4.285517692565918 0.420857310295105 1.6871721744537354
-4.061123371124268 0.3245130777359009 1.7074453830718994
-3.82776141166687 0.25252604484558105 1.6872977018356323
-3.5943992137908936 0.20766261219978333 1.6275036334991455
-3.370004892349243 0.19164688885211945 1.5303609371185303
-3.1632018089294434 0.2050943225622177 1.3996027708053589
-2.9819376468658447 0.24748815596103668 1.2402540445327759
-2.8331778049468994 0.3171992003917694 1.0584384202957153
-2.722639322280884 0.41154852509498596 0.8611431121826172
-2.6545701026916504 0.5269103050231934 0.6559499502182007
-2.6315858364105225 0.6588512659072876 0.4507444202899933
-2.6545701026916504 0.8023009896278381 0.2534124553203583
-2.722639322280884 0.9517468214035034 0.07153742760419846
-2.8331778049468994 1.1014455556869507 -0.08789131790399551
-2.9819376468658447 1.245644450187683 -0.21874701976776123
-3.1632018089294434 1.378801941871643 -0.31600096821784973
-3.370004892349243 1.4958009719848633 -0.3759157657623291
-3.5943992137908936 1.5921452045440674 -0.396188884973526
-3.82776141166687 1.6641322374343872 -0.3760412931442261
-4.061123371124268 1.7089956998825073 -0.31624719500541687
-4.285517692565918 1.7250113487243652 -0.21910446882247925
-4.492321014404297 1.7115639448165894 -0.08834626525640488
-4.673584938049316 1.6691701412200928 0.07100246101617813
-4.822344779968262 1.5994590520858765 0.2528180181980133
-4.932883262634277 1.5051097869873047 0.45011335611343384
-5.00095272064209 1.389747977256775 0.6553065180778503
-5.149122714996338 0.845328688621521 0.5783205032348633
-5.125566005706787 0.7037660479545593 0.7769434452056885
-5.055800437927246 0.5599088668823242 0.9626418948173523
-4.942507743835449 0.4192856252193451 1.128279447555542
-4.790040969848633 0.2873002886772156 1.2674909830093384
-4.604259967803955 0.16902506351470947 1.3749264478683472
-4.392303943634033 0.06900514662265778 1.4464572668075562
-4.162318229675293 -0.008915736339986324 1.4793344736099243
-3.9231410026550293 -0.061743129044771194 1.4722946882247925
-3.6839640140533447 -0.0874469056725502 1.4256083965301514
-3.4539783000946045 -0.08503928035497665 1.3410696983337402
-3.2420222759246826 -0.05461277812719345 1.221927523612976
-3.056241273880005 0.002663321327418089 1.0727603435516357
-2.9037747383117676 0.0845879316329956 0.8993005156517029
-2.7904818058013916 0.1880127489566803 0.7082140445709229
-2.7207164764404297 0.30896320939064026 0.5068442821502686
-2.6971595287323 0.442791223526001 0.3029297888278961
-2.7207164764404297 0.5843539237976074 0.10430681705474854
-2.7904818058013916 0.7282110452651978 -0.08139162510633469
-2.9037747383117676 0.8688343167304993 -0.24702924489974976
-3.056241273880005 1.0008196830749512 -0.386240690946579
-3.2420222759246826 1.1190948486328125 -0.49367615580558777
-3.4539783000946045 1.2191147804260254 -0.5652069449424744
-3.6839640140533447 1.2970356941223145 -0.5980841517448425
-3.9231410026550293 1.349863052368164 -0.5910443663597107
-4.162318229675293 1.375566840171814 -0.5443581342697144
-4.392303943634033 1.3731591701507568 -0.459819495677948
-4.604259967803955 1.3427326679229736 -0.34067729115486145
-4.790040969848633 1.285456657409668 -0.19151006639003754
-4.942507743835449 1.2035319805145264 -0.018050245940685272
-5.055800437927246 1.100107192993164 0.17303621768951416
-5.125566005706787 0.9791567325592041 0.37440595030784607
-5.224720001220703 0.4247094392776489 0.2905593514442444
-5.200817108154297 0.28507107496261597 0.490498811006546
-5.1300272941589355 0.14691288769245148 0.6800961494445801
-5.015071392059326 0.015544244088232517 0.8520651459693909
-4.860366344451904 -0.10398644953966141 0.9997972846031189
-4.671857833862305 -0.20708569884300232 1.1176152229309082
-4.456789970397949 -0.28979143500328064 1.2009912729263306
-4.223427772521973 -0.3489253520965576 1.2467213869094849
-3.980738878250122 -0.3822149336338043 1.253048062324524
-3.7380502223968506 -0.38838091492652893 1.2197283506393433
-3.504688024520874 -0.3671863377094269 1.1480425596237183
-3.2896201610565186 -0.3194456696510315 1.0407456159591675
-3.101111650466919 -0.2469935566186905 0.9019608497619629
-2.946406602859497 -0.15261432528495789 0.7370216846466064
-2.8314504623413086 -0.039934899657964706 0.5522666573524475
-2.7606606483459473 0.08671451359987259 0.35479578375816345
-2.73675799369812 0.2224668562412262 0.15219776332378387
-2.7606606483459473 0.36210522055625916 -0.047741688787937164
-2.8314504623413086 0.5002633929252625 -0.23733898997306824
-2.946406602859497 0.6316320300102234 -0.4093080461025238
-3.101111650466919 0.7511627674102783 -0.5570401549339294
-3.2896201610565186 0.8542619943618774 -0.6748580932617188
-3.504688024520874 0.9369677305221558 -0.7582341432571411
-3.7380502223968506 0.9961016178131104 -0.8039641976356506
-3.980738878250122 1.0293912887573242 -0.8102909326553345
-4.223427772521973 1.0355572700500488 -0.7769712209701538
-4.456789970397949 1.0143625736236572 -0.7052854299545288
-4.671857833862305 0.9666219353675842 -0.597988486289978
-4.860366344451904 0.8941698670387268 -0.4592037498950958
-5.015071392059326 0.799790620803833 -0.2942645847797394
-5.1300272941589355 0.6871111989021301 -0.10950954258441925
-5.200817108154297 0.5604617595672607 0.08796133100986481
-5.25 5.306409422246383e-16 3.6303098906424346e-16
-5.225981712341309 -0.13769535720348358 0.20126873254776
-5.154849529266357 -0.2700991630554199 0.39480283856391907
-5.039337158203125 -0.39212319254875183 0.5731648802757263
-4.883883476257324 -0.4990781545639038 0.7295005321502686
-4.694462776184082 -0.5868538022041321 0.8578018546104431
-4.478354454040527 -0.6520770192146301 0.9531383514404297
-4.243863105773926 -0.6922413110733032 1.0118463039398193
-4.0 -0.7058030962944031 1.0316694974899292
-3.7561371326446533 -0.6922413110733032 1.0118463039398193
-3.5216457843780518 -0.6520770192146301 0.9531383514404297
-3.305537223815918 -0.5868538022041321 0.8578018546104431
-3.116116523742676 -0.4990781545639038 0.7295005321502686
-2.960663080215454 -0.39212319254875183 0.5731648802757263
-2.8451504707336426 -0.2700991630554199 0.39480283856391907
-2.7740182876586914 -0.13769535720348358 0.20126873254776
-2.75 1.91518821290297e-16 3.1650217225236425e-16
-2.7740182876586914 0.13769535720348358 -0.20126873254776
-2.8451504707336426 0.2700991630554199 -0.39480283856391907
-2.960663080215454 0.39212319254875183 -0.5731648802757263
-3.116116523742676 0.4990781545639038 -0.7295005321502686
-3.305537223815918 0.5868538022041321 -0.8578018546104431
-3.5216457843780518 0.6520770192146301 -0.9531383514404297
-3.7561371326446533 0.6922413110733032 -1.0118463039398193
-4.0 0.7058030962944031 -1.0316694974899292
-4.243863105773926 0.6922413110733032 -1.0118463039398193
-4.478354454040527 0.6520770192146301 -0.9531383514404297
-4.694462776184082 0.5868538022041321 -0.8578018546104431
-4.883883476257324 0.4990781545639038 -0.7295005321502686
-5.039337158203125 0.39212319254875183 -0.5731648802757263
-5.154849529266357 0.2700991630554199 -0.39480283856391907
-5.225981712341309 0.13769535720348358 -0.20126873254776
-5.224720001220703 -0.4247094392776489 -0.2905593514442444
-5.200817108154297 -0.5604617595672607 -0.08796133100986481
-5.1300272941589355 -0.6871111989021301 0.10950954258441925
-5.015071392059326 -0.799790620803833 0.2942645847797394
-4.860366344451904 -0.8941698670387268 0.4592037498950958
-4.671857833862305 -0.9666219353675842 0.597988486289978
-4.456789970397949 -1.0143625736236572 0.7052854299545288
-4.223427772521973 -1.0355572700500488 0.7769712209701538
-3.980738878250122 -1.0293912887573242 0.8102909326553345
-3.7380502223968506 -0.9961016178131104 0.8039641976356506
-3.504688024520874 -0.9369677305221558 0.7582341432571411
-3.2896201610565186 -0.8542619943618774 0.6748580932617188
-3.101111650466919 -0.7511627674102783 0.5570401549339294
-2.946406602859497 -0.6316320300102234 0.4093080461025238
-2.8314504623413086 -0.5002633929252625 0.23733898997306824
-2.7606606483459473 -0.36210522055625916 0.047741688787937164
-2.73675799369812 -0.2224668562412262 -0.15219776332378387
-2.7606606483459473 -0.08671451359987259 -0.35479578375816345
-2.8314504623413086 0.039934899657964706 -0.5522666573524475
-2.946406602859497 0.15261432528495789 -0.7370216846466064
-3.101111650466919 0.2469935566186905 -0.9019608497619629
-3.2896201610565186 0.3194456696510315 -1.0407456159591675
-3.504688024520874 0.3671863377094269 -1.1480425596237183
-3.7380502223968506 0.38838091492652893 -1.2197283506393433
-3.980738878250122 0.3822149336338043 -1.253048062324524
-4.223427772521973 0.3489253520965576 -1.2467213869094849
-4.456789970397949 0.28979143500328064 -1.2009912729263306
-4.671857833862305 0.20708569884300232 -1.1176152229309082
-4.860366344451904 0.10398644953966141 -0.9997972846031189
-5.015071392059326 -0.015544244088232517 -0.8520651459693909
-5.1300272941589355 -0.14691288769245148 -0.6800961494445801
-5.200817108154297 -0.28507107496261597 -0.490498811006546
-5.149122714996338 -0.845328688621521 -0.5783205032348633
-5.125566005706787 -0.9791567325592041 -0.37440595030784607
-5.055800437927246 -1.100107192993164 -0.17303621768951416
-4.942507743835449 -1.2035319805145264 0.018050245940685272
-4.790040969848633 -1.285456657409668 0.19151006639003754
-4.604259967803955 -1.3427326679229736 0.34067729115486145
-4.392303943634033 -1.3731591701507568 0.459819495677948
-4.162318229675293 -1.375566840171814 0.5443581342697144
-3.9231410026550293 -1.349863052368164 0.5910443663597107
-3.6839640140533447 -1.2970356941223145 0.5980841517448425
-3.4539783000946045 -1.2191147804260254 0.5652069449424744
-3.2420222759246826 -1.1190948486328125 0.49367615580558777
-3.056241273880005 -1.0008196830749512 0.386240690946579
-2.9037747383117676 -0.8688343167304993 0.24702924489974976
-2.7904818058013916 -0.7282110452651978 0.08139162510633469
-2.7207164764404297 -0.5843539237976074 -0.10430681705474854
-2.6971595287323 -0.442791223526001 -0.3029297888278961
-2.7207164764404297 -0.30896320939064026 -0.5068442821502686
-2.7904818058013916 -0.1880127489566803 -0.7082140445709229
-2.9037747383117676 -0.0845879316329956 -0.8993005156517029
-3.056241273880005 -0.002663321327418089 -1.0727603435516357
-3.2420222759246826 0.05461277812719345 -1.221927523612976
-3.4539783000946045 0.08503928035497665 -1.3410696983337402
-3.6839640140533447 0.0874469056725502 -1.4256083965301514
-3.9231410026550293 0.061743129044771194 -1.4722946882247925
-4.162318229675293 0.008915736339986324 -1.4793344736099243
-4.392303943634033 -0.06900514662265778 -1.4464572668075562
-4.604259967803955 -0.16902506351470947 -1.3749264478683472
-4.790040969848633 -0.2873002886772156 -1.2674909830093384
-4.942507743835449 -0.4192856252193451 -1.128279447555542
-5.055800437927246 -0.5599088668823242 -0.9626418948173523
-5.125566005706787 -0.7037660479545593 -0.7769434452056885
-5.023936748504639 -1.2578070163726807 -0.8605120778083801
-5.00095272064209 -1.389747977256775 -0.6553065180778503
-4.932883262634277 -1.5051097869873047 -0.45011335611343384
-4.822344779968262 -1.5994590520858765 -0.2528180181980133
-4.673584938049316 -1.6691701412200928 -0.07100246101617813
-4.492321014404297 -1.7115639448165894 0.08834626525640488
-4.285517692565918 -1.7250113487243652 0.21910446882247925
-4.061123371124268 -1.7089956998825073 0.31624719500541687
-3.82776141166687 -1.6641322374343872 0.3760412931442261
-3.5943992137908936 -1.5921452045440674 0.396188884973526
-3.370004892349243 -1.4958009719848633 0.3759157657623291
-3.1632018089294434 -1.378801941871643 0.31600096821784973
-2.9819376468658447 -1.245644450187683 0.21874701976776123
-2.8331778049468994 -1.1014455556869507 0.08789131790399551
-2.722639322280884 -0.9517468214035034 -0.07153742760419846
-2.6545701026916504 -0.8023009896278381 -0.2534124553203583
-2.6315858364105225 -0.6588512659072876 -0.4507444202899933
-2.6545701026916504 -0.5269103050231934 -0.6559499502182007
-2.722639322280884 -0.41154852509498596 -0.8611431121826172
-2.8331778049468994 -0.3171992003917694 -1.0584384202957153
-2.9819376468658447 -0.24748815596103668 -1.2402540445327759
-3.1632018089294434 -0.2050943225622177 -1.3996027708053589
-3.370004892349243 -0.19164688885211945 -1.5303609371185303
-3.5943992137908936 -0.20766261219978333 -1.6275036334991455
-3.82776141166687 -0.25252604484558105 -1.6872977018356323
-4.061123371124268 -0.3245130777359009 -1.7074453830718994
-4.285517692565918 -0.420857310295105 -1.6871721744537354
-4.492321014404297 -0.5378562808036804 -1.6272574663162231
-4.673584938049316 -0.6710137724876404 -1.5300034284591675
-4.822344779968262 -0.8152126669883728 -1.3991477489471436
-4.932883262634277 -0.9649114608764648 -1.239719033241272
-5.00095272064209 -1.1143572330474854 -1.0578440427780151
-4.850367546081543 -1.6581718921661377 -1.1344164609909058
-4.828177452087402 -1.7882812023162842 -0.9279578328132629
-4.762459754943848 -1.8982185125350952 -0.7190535068511963
-4.655740261077881 -1.983758807182312 -0.5157316327095032
-4.512119770050049 -2.0416150093078613 -0.3258056938648224
-4.337118148803711 -2.069563627243042 -0.15657447278499603
-4.137459754943848 -2.066530704498291 -0.01454139593988657
-3.9208180904388428 -2.03263258934021 0.09483526647090912
-3.6955180168151855 -1.9691721200942993 0.16735224425792694
-3.4702181816101074 -1.878588080406189 0.20022273063659668
-3.2535762786865234 -1.7643616199493408 0.19218353927135468
-3.0539181232452393 -1.6308821439743042 0.14354361593723297
-2.8789162635803223 -1.4832794666290283 0.05617217347025871
-2.7352960109710693 -1.327225685119629 -0.06657316535711288
-2.6285762786865234 -1.1687179803848267 -0.21997536718845367
-2.562858819961548 -1.0138475894927979 -0.39813926815986633
-2.5406687259674072 -0.8685662150382996 -0.5942181348800659
-2.562858819961548 -0.7384569048881531 -0.8006767630577087
-2.6285762786865234 -0.6285196542739868 -1.0095810890197754
-2.7352960109710693 -0.5429793000221252 -1.2129029035568237
-2.8789162635803223 -0.4851231575012207 -1.4028288125991821
-3.0539181232452393 -0.45717453956604004 -1.5720601081848145
-3.2535762786865234 -0.4602075219154358 -1.7140932083129883
-3.4702181816101074 -0.49410557746887207 -1.823469877243042
-3.6955180168151855 -0.5575659871101379 -1.895986795425415
-3.9208180904388428 -0.6481499671936035 -1.9288573265075684
-4.137459754943848 -0.7623765468597412 -1.9208180904388428
-4.337118148803711 -0.8958559632301331 -1.8721781969070435
-4.512119770050049 -1.0434587001800537 -1.784806728363037
-4.655740261077881 -1.1995124816894531 -1.662061333656311
-4.762459754943848 -1.3580201864242554 -1.5086592435836792
-4.828177452087402 -1.5128905773162842 -1.3304952383041382
-4.630086421966553 -2.042567729949951 -1.3973957300186157
-4.6089043617248535 -2.1709184646606445 -1.1897339820861816
-4.546171188354492 -2.2756476402282715 -0.9772666096687317
-4.444298267364502 -2.3527302742004395 -0.7681585550308228
-4.307200908660889 -2.3992044925689697 -0.5704457759857178
-4.140146732330322 -2.4132838249206543 -0.39172622561454773
-3.9495558738708496 -2.39442777633667 -0.23886798322200775
-3.742753028869629 -2.343360662460327 -0.11774533987045288
-3.5276851654052734 -2.26204514503479 -0.033012960106134415
-3.312617063522339 -2.1536059379577637 0.012072940357029438
-3.105814218521118 -2.0222103595733643 0.015779731795191765
-2.9152235984802246 -1.8729078769683838 -0.022035032510757446
-2.748169422149658 -1.7114360332489014 -0.09991814941167831
-2.6110715866088867 -1.544000267982483 -0.21487662196159363
-2.5091989040374756 -1.3770349025726318 -0.3624926507472992
-2.4464657306671143 -1.216956377029419 -0.537093460559845
-2.425283432006836 -1.0699163675308228 -0.7319691777229309
-2.4464657306671143 -0.9415656924247742 -0.939630925655365
-2.5091989040374756 -0.836836576461792 -1.152098298072815
-2.6110715866088867 -0.7597538828849792 -1.3612064123153687
-2.748169422149658 -0.7132797241210938 -1.5589191913604736
-2.9152235984802246 -0.6992002129554749 -1.7376387119293213
-3.105814218521118 -0.7180562615394592 -1.8904969692230225
-3.312617063522339 -0.769123375415802 -2.0116195678710938
-3.5276851654052734 -0.8504389524459839 -2.0963521003723145
-3.742753028869629 -0.958878219127655 -2.1414380073547363
-3.9495558738708496 -1.0902738571166992 -2.1451447010040283
-4.140146732330322 -1.2395763397216797 -2.107329845428467
-4.307200908660889 -1.4010480642318726 -2.029446840286255
-4.444298267364502 -1.568483829498291 -1.9144883155822754
-4.546171188354492 -1.735449194908142 -1.7668722867965698
-4.6089043617248535 -1.895527720451355 -1.5922714471817017
-4.365215301513672 -2.407292366027832 -1.6469173431396484
-4.345244884490967 -2.5339746475219727 -1.4381141662597656
-4.2861008644104 -2.6337621212005615 -1.2222659587860107
-4.1900553703308105 -2.702820062637329 -1.007667899131775
-4.060800552368164 -2.738494634628296 -0.802566647529602
-3.9033031463623047 -2.739414691925049 -0.6148443222045898
-3.7236154079437256 -2.705545425415039 -0.4517149031162262
-3.5286431312561035 -2.638187885284424 -0.3194473683834076
-3.325878381729126 -2.539930582046509 -0.2231246829032898
-3.1231138706207275 -2.4145500659942627 -0.16644848883152008
-2.9281413555145264 -2.2668638229370117 -0.151596799492836
-2.7484538555145264 -2.102548122406006 -0.1791403740644455
-2.590956211090088 -1.9279170036315918 -0.2480207234621048
-2.4617013931274414 -1.7496815919876099 -0.3555908203125
-2.3656561374664307 -1.5746914148330688 -0.4977167844772339
-2.3065121173858643 -1.4096713066101074 -0.6689367890357971
-2.28654146194458 -1.260962724685669 -0.8626710176467896
-2.3065121173858643 -1.1342805624008179 -1.071474313735962
-2.3656561374664307 -1.0344932079315186 -1.2873224020004272
-2.4617013931274414 -0.9654352068901062 -1.5019205808639526
-2.590956211090088 -0.9297606945037842 -1.707021713256836
-2.7484538555145264 -0.9288404583930969 -1.8947440385818481
-2.9281413555145264 -0.9627098441123962 -2.057873487472534
-3.1231138706207275 -1.0300674438476562 -2.190140962600708
-3.325878381729126 -1.1283245086669922 -2.286463737487793
-3.5286431312561035 -1.2537052631378174 -2.343139886856079
-3.7236154079437256 -1.4013912677764893 -2.3579916954040527
-3.9033031463623047 -1.5657070875167847 -2.3304479122161865
-4.060800552368164 -1.7403382062911987 -2.2615675926208496
-4.1900553703308105 -1.9185736179351807 -2.1539976596832275
-4.2861008644104 -2.0935637950897217 -2.011871576309204
-4.345244884490967 -2.2585840225219727 -1.8406516313552856
-4.058304786682129 -2.748833656311035 -1.8805782794952393
-4.039738178253174 -2.873953342437744 -1.670706033706665
-3.9847524166107178 -2.9691131114959717 -1.45169198513031
-3.8954601287841797 -3.030656337738037 -1.2319527864456177
-3.7752928733825684 -3.056217908859253 -1.0199328660964966
-3.628868818283081 -3.0448153018951416 -0.8237800598144531
-3.4618146419525146 -2.996886730194092 -0.6510323286056519
-3.280550479888916 -2.914274215698242 -0.5083283185958862
-3.0920417308807373 -2.800152540206909 -0.4011520445346832
-2.9035332202911377 -2.658907175064087 -0.3336222767829895
-2.722269058227539 -2.4959661960601807 -0.3083341419696808
-2.5552148818969727 -2.317591428756714 -0.32625940442085266
-2.4087905883789062 -2.1306374073028564 -0.3867092430591583
-2.288623332977295 -1.9422889947891235 -0.48736056685447693
-2.199331045150757 -1.7597841024398804 -0.6243454217910767
-2.144345283508301 -1.5901364088058472 -0.7923995852470398
-2.1257786750793457 -1.439865231513977 -0.9850648045539856
-2.144345283508301 -1.3147456645965576 -1.1949371099472046
-2.199331045150757 -1.2195857763290405 -1.4139511585235596
-2.288623332977295 -1.158042550086975 -1.633690357208252
-2.4087905883789062 -1.1324810981750488 -1.845710277557373
-2.5552148818969727 -1.1438837051391602 -2.041863203048706
-2.722269058227539 -1.1918121576309204 -2.2146108150482178
-2.9035332202911377 -1.27442467212677 -2.3573148250579834
-3.0920417308807373 -1.388546347618103 -2.464491128921509
-3.280550479888916 -1.5297917127609253 -2.5320208072662354
-3.4618146419525146 -1.6927326917648315 -2.5573089122772217
-3.628868818283081 -1.871107578277588 -2.53938364982605
-3.7752928733825684 -2.0580615997314453 -2.478933811187744
-3.8954601287841797 -2.2464101314544678 -2.3782825469970703
-3.9847524166107178 -2.428915023803711 -2.241297721862793
-4.039738178253174 -2.598562717437744 -2.0732436180114746
-3.712310552597046 -3.0639021396636963 -2.096128225326538
-3.695327043533325 -3.1875803470611572 -1.8852698802947998
-3.645029067993164 -3.2784714698791504 -1.6633353233337402
-3.563349485397339 -3.333082437515259 -1.4388535022735596
-3.4534270763397217 -3.3493144512176514 -1.2204511165618896
-3.319486379623413 -3.3265442848205566 -1.0165212154388428
-3.1666746139526367 -3.265646457672119 -0.8349006772041321
-3.000864267349243 -3.168961524963379 -0.682569146156311
-2.8284270763397217 -3.0402047634124756 -0.5653805732727051
-2.6559901237487793 -2.884324550628662 -0.4878385066986084
-2.4901795387268066 -2.707310914993286 -0.4529227912425995
-2.3373677730560303 -2.5159666538238525 -0.4619752764701843
-2.2034270763397217 -2.3176450729370117 -0.5146480202674866
-2.0935049057006836 -2.119967222213745 -0.6089168787002563
-2.0118253231048584 -1.9305301904678345 -0.7411591410636902
-1.9615272283554077 -1.7566136121749878 -0.9062928557395935
-1.9445436000823975 -1.6049010753631592 -1.0979719161987305
-1.9615272283554077 -1.4812228679656982 -1.3088302612304688
-2.0118253231048584 -1.3903318643569946 -1.5307648181915283
-2.0935049057006836 -1.3357208967208862 -1.755246639251709
-2.2034270763397217 -1.319488763809204 -1.973649024963379
-2.3373677730560303 -1.3422590494155884 -2.177578926086426
-2.4901795387268066 -1.4031568765640259 -2.3591995239257812
-2.6559901237487793 -1.4998418092727661 -2.511531114578247
-2.8284270763397217 -1.6285985708236694 -2.6287195682525635
-3.000864267349243 -1.7844789028167725 -2.70626163482666
-3.1666746139526367 -1.9614924192428589 -2.7411773204803467
-3.319486379623413 -2.152836561203003 -2.7321248054504395
-3.4534270763397217 -2.3511581420898438 -2.6794521808624268
-3.563349485397339 -2.5488359928131104 -2.5851833820343018
-3.645029067993164 -2.7382731437683105 -2.4529409408569336
-3.695327043533325 -2.9121897220611572 -2.2878072261810303
-3.3305647373199463 -3.34946346282959 -2.2914912700653076
-3.3153276443481445 -3.4718353748321533 -2.0797390937805176
-3.2702019214630127 -3.5588572025299072 -1.8551576137542725
-3.1969215869903564 -3.607185125350952 -1.6263773441314697
-3.0983028411865234 -3.614961862564087 -1.4021902084350586
-2.978135585784912 -3.581888437271118 -1.1912115812301636
-2.8410379886627197 -3.5092360973358154 -1.001549243927002
-2.6922781467437744 -3.3997962474823 -0.8404918313026428
-2.5375730991363525 -3.25777530670166 -0.714228630065918
-2.3828680515289307 -3.0886306762695312 -0.6276119351387024
-2.2341084480285645 -2.898862600326538 -0.583970308303833
-2.097010612487793 -2.69576358795166 -0.5849809646606445
-1.9768433570861816 -2.4871387481689453 -0.6306049823760986
-1.8782247304916382 -2.281005620956421 -0.719089150428772
-1.804944396018982 -2.0852854251861572 -0.8470329642295837
-1.75981867313385 -1.9074997901916504 -1.0095196962356567
-1.7445815801620483 -1.7544809579849243 -1.2003049850463867
-1.75981867313385 -1.6321091651916504 -1.4120571613311768
-1.804944396018982 -1.545087218284607 -1.6366386413574219
-1.8782247304916382 -1.496759295463562 -1.8654189109802246
-1.9768433570861816 -1.4889825582504272 -2.0896060466766357
-2.097010612487793 -1.522055983543396 -2.300584554672241
-2.2341084480285645 -1.5947084426879883 -2.4902470111846924
-2.3828680515289307 -1.7041480541229248 -2.6513044834136963
-2.5375730991363525 -1.846169114112854 -2.7775676250457764
-2.6922781467437744 -2.0153138637542725 -2.8641843795776367
-2.8410379886627197 -2.2050819396972656 -2.9078259468078613
-2.978135585784912 -2.4081809520721436 -2.90681529045105
-3.0983028411865234 -2.6168055534362793 -2.8611912727355957
-3.1969215869903564 -2.822938919067383 -2.772707223892212
-3.2702019214630127 -3.0186588764190674 -2.644763231277466
-3.3153276443481445 -3.196444511413574 -2.482276678085327
-2.916743755340576 -3.6027677059173584 -2.4647860527038574
-2.903399705886841 -3.723980665206909 -2.2522411346435547
-2.8638808727264404 -3.807570695877075 -2.0253117084503174
-2.799705743789673 -3.850325345993042 -1.792718529701233
-2.7133402824401855 -3.8506016731262207 -1.5634000301361084
-2.6081037521362305 -3.8083889484405518 -1.346168875694275
-2.4880404472351074 -3.7253096103668213 -1.149373173713684
-2.3577640056610107 -3.604556083679199 -0.980575442314148
-2.222280979156494 -3.4507689476013184 -0.8462626934051514
-2.0867979526519775 -3.2698583602905273 -0.7515964508056641
-1.9565215110778809 -3.0687763690948486 -0.7002146244049072
-1.8364580869674683 -2.855250597000122 -0.6940918564796448
-1.7312215566635132 -2.637486696243286 -0.7334634065628052
-1.6448562145233154 -2.4238529205322266 -0.8168162107467651
-1.5806809663772583 -2.2225594520568848 -0.9409471750259399
-1.5411620140075684 -2.041341781616211 -1.101085901260376
-1.5278180837631226 -1.8871641159057617 -1.2910784482955933
-1.5411620140075684 -1.765951156616211 -1.503623366355896
-1.5806809663772583 -1.6823612451553345 -1.7305527925491333
-1.6448562145233154 -1.6396065950393677 -1.9631459712982178
-1.7312215566635132 -1.639330267906189 -2.1924643516540527
-1.8364580869674683 -1.681542992591858 -2.409695625305176
-1.9565215110778809 -1.7646223306655884 -2.6064913272857666
-2.0867979526519775 -1.8853758573532104 -2.7752890586853027
-2.222280979156494 -2.0391628742218018 -2.9096016883850098
-2.3577640056610107 -2.2200734615325928 -3.004267930984497
-2.4880404472351074 -2.4211554527282715 -3.055649757385254
-2.6081037521362305 -2.634681224822998 -3.061772584915161
-2.7133402824401855 -2.852445363998413 -3.0224010944366455
-2.799705743789673 -3.0660789012908936 -2.9390482902526855
-2.8638808727264404 -3.2673723697662354 -2.8149173259735107
-2.903399705886841 -3.448590040206909 -2.654778480529785
-2.474832773208618 -3.8213753700256348 -2.6143436431884766
-2.463510751724243 -3.9415881633758545 -2.4011144638061523
-2.429979085922241 -4.022216320037842 -2.1721584796905518
-2.3755271434783936 -4.060161113739014 -1.936274766921997
-2.3022468090057373 -4.053964138031006 -1.7025278806686401
-2.212954521179199 -4.003864288330078 -1.4799007177352905
-2.111081600189209 -3.9117860794067383 -1.2769486904144287
-2.0005431175231934 -3.78126859664917 -1.101470947265625
-1.8855869770050049 -3.6173272132873535 -0.9602112770080566
-1.7706307172775269 -3.426262140274048 -0.8585980534553528
-1.6600923538208008 -3.215416193008423 -0.8005362749099731
-1.5582194328308105 -2.992891550064087 -0.7882571816444397
-1.4689271450042725 -2.767240285873413 -0.8222326636314392
-1.3956468105316162 -2.547133684158325 -0.9011570811271667
-1.341194748878479 -2.3410303592681885 -1.021997332572937
-1.3076632022857666 -2.156850814819336 -1.1801097393035889
-1.296341061592102 -2.0016727447509766 -1.3694180250167847
-1.3076632022857666 -1.8814600706100464 -1.5826472043991089
-1.341194748878479 -1.8008320331573486 -1.81160306930542
-1.3956468105316162 -1.7628872394561768 -2.0474867820739746
-1.4689271450042725 -1.7690839767456055 -2.281233787536621
-1.5582194328308105 -1.8191839456558228 -2.5038609504699707
-1.6600923538208008 -1.911262035369873 -2.706813097000122
-1.7706307172775269 -2.0417797565460205 -2.8822906017303467
-1.8855869770050049 -2.205721139907837 -3.023550271987915
-2.0005431175231934 -2.3967859745025635 -3.1251635551452637
-2.111081600189209 -2.6076321601867676 -3.183225393295288
-2.212954521179199 -2.8301565647125244 -3.1955044269561768
-2.3022468090057373 -3.0558080673217773 -3.161529064178467
-2.3755271434783936 -3.2759146690368652 -3.0826046466827393
-2.429979085922241 -3.482017993927002 -2.961764335632324
-2.463510751724243 -3.6661975383758545 -2.803651809692383
-2.0090880393981934 -4.003180980682373 -2.7387235164642334
-1.99989652633667 -4.122561931610107 -2.5249252319335938
-1.9726754426956177 -4.2007269859313965 -2.2942843437194824
-1.9284707307815552 -4.234671592712402 -2.055663824081421
-1.8689812421798706 -4.2230916023254395 -1.8182340860366821
-1.7964931726455688 -4.166431903839111 -1.5911192893981934
-1.7137919664382935 -4.066870212554932 -1.3830472230911255
-1.6240559816360474 -3.928232192993164 -1.2020140886306763
-1.5307337045669556 -3.755845785140991 -1.0549769401550293
-1.4374114274978638 -3.556335926055908 -0.9475862979888916
-1.3476754426956177 -3.337369441986084 -0.8839690685272217
-1.2649743556976318 -3.107361316680908 -0.8665700554847717
-1.1924861669540405 -2.875150203704834 -0.8960579037666321
-1.132996678352356 -2.649660348892212 -0.971299409866333
-1.0887919664382935 -2.439556837081909 -1.0894030332565308
-1.0615708827972412 -2.2529139518737793 -1.2458301782608032
-1.0523794889450073 -2.0969042778015137 -1.4345694780349731
-1.0615708827972412 -1.9775233268737793 -1.6483676433563232
-1.0887919664382935 -1.8993585109710693 -1.8790086507797241
-1.132996678352356 -1.8654139041900635 -2.117629051208496
-1.1924861669540405 -1.876994013786316 -2.3550589084625244
-1.2649743556976318 -1.9336535930633545 -2.5821738243103027
-1.3476754426956177 -2.0332155227661133 -2.790245771408081
-1.4374114274978638 -2.1718533039093018 -2.9712789058685303
-1.5307337045669556 -2.3442397117614746 -3.1183159351348877
-1.6240559816360474 -2.5437495708465576 -3.2257065773010254
-1.7137919664382935 -2.762716054916382 -3.2893240451812744
-1.7964931726455688 -2.9927241802215576 -3.30672287940979
-1.8689812421798706 -3.2249350547790527 -3.2772350311279297
-1.9284707307815552 -3.450425148010254 -3.201993703842163
-1.9726754426956177 -3.6605286598205566 -3.083889961242676
-1.99989652633667 -3.8471715450286865 -2.9274628162384033
-1.5239945650100708 -4.1464338302612305 -2.836728096008301
-1.5170223712921143 -4.265159606933594 -2.62248158454895
-1.4963737726211548 -4.341383457183838 -2.390512704849243
-1.462842345237732 -4.372176170349121 -2.149735927581787
-1.4177165031433105 -4.356354236602783 -1.9094041585922241
-1.362730622291565 -4.294526100158691 -1.6787532567977905
-1.2999976873397827 -4.189067363739014 -1.4666470289230347
-1.2319283485412598 -4.044031143188477 -1.2812366485595703
-1.161138653755188 -3.8649909496307373 -1.129647135734558
-1.0903490781784058 -3.6588268280029297 -1.0177041292190552
-1.0222797393798828 -3.433462142944336 -0.9497095346450806
-0.9595468044281006 -3.197556972503662 -0.9282763004302979
-0.9045608639717102 -2.960177421569824 -0.9542281031608582
-0.8594350814819336 -2.7304458618164062 -1.0265676975250244
-0.825903594493866 -2.517190456390381 -1.142514944076538
-0.8052550554275513 -2.328606605529785 -1.297614336013794
-0.7982828617095947 -2.1719415187835693 -1.4859051704406738
-0.8052550554275513 -2.053215980529785 -1.700151801109314
-0.825903594493866 -1.976992130279541 -1.932120680809021
-0.8594350814819336 -1.9461994171142578 -2.1728973388671875
-0.9045608639717102 -1.9620211124420166 -2.41322922706604
-0.9595468044281006 -2.0238492488861084 -2.6438798904418945
-1.0222797393798828 -2.129307985305786 -2.8559861183166504
-1.0903490781784058 -2.2743442058563232 -3.0413966178894043
-1.161138653755188 -2.4533846378326416 -3.192986249923706
-1.2319283485412598 -2.659548759460449 -3.304929256439209
-1.2999976873397827 -2.884913444519043 -3.3729238510131836
-1.362730622291565 -3.120818614959717 -3.3943569660186768
-1.4177165031433105 -3.3581981658935547 -3.3684051036834717
-1.462842345237732 -3.5879297256469727 -3.29606556892395
-1.4963737726211548 -3.801185131072998 -3.1801183223724365
-1.5170223712921143 -3.9897689819335938 -3.0250189304351807
-1.0242241621017456 -4.249754428863525 -2.9074134826660156
-1.019538402557373 -4.368007183074951 -2.692843437194824
-1.0056612491607666 -4.442831516265869 -2.459916830062866
-0.9831258654594421 -4.47135066986084 -2.2175848484039307
-0.9527984261512756 -4.452469825744629 -1.9751601219177246
-0.9158442616462708 -4.386913776397705 -1.7419588565826416
-0.8736835718154907 -4.277202129364014 -1.5269429683685303
-0.827936589717865 -4.1275506019592285 -1.338375449180603
-0.7803612947463989 -3.943711280822754 -1.1835025548934937
-0.7327859997749329 -3.732748031616211 -1.068276286125183
-0.6870390176773071 -3.5027682781219482 -0.9971244931221008
-0.6448783278465271 -3.2626101970672607 -0.9727815985679626
-0.6079241633415222 -3.02150297164917 -0.9961830973625183
-0.5775967240333557 -2.7887117862701416 -1.066429615020752
-0.5550613403320312 -2.573183059692383 -1.1808217763900757
-0.54118412733078 -2.383199453353882 -1.334963321685791
-0.5364983677864075 -2.2260618209838867 -1.5229308605194092
-0.54118412733078 -2.107808828353882 -1.737500786781311
-0.5550613403320312 -2.032984972000122 -1.970427393913269
-0.5775967240333557 -2.0044655799865723 -2.212759494781494
-0.6079241633415222 -2.0233466625213623 -2.4551842212677
-0.6448783278465271 -2.088902711868286 -2.688385248184204
-0.6870390176773071 -2.1986143589019775 -2.9034011363983154
-0.7327859997749329 -2.3482654094696045 -3.0919687747955322
-0.7803612947463989 -2.532104969024658 -3.2468416690826416
-0.827936589717865 -2.743068218231201 -3.362067937850952
-0.8736835718154907 -2.973047971725464 -3.4332196712493896
-0.9158442616462708 -3.2132060527801514 -3.4575626850128174
-0.9527984261512756 -3.454313278198242 -3.4341611862182617
-0.9831258654594421 -3.6871042251586914 -3.3639144897460938
-1.0056612491607666 -3.90263295173645 -3.2495224475860596
-1.019538402557373 -4.092616558074951 -3.095381021499634
-0.5145899653434753 -4.31214714050293 -2.950098752975464
-0.5122357606887817 -4.43011474609375 -2.7353334426879883
-0.50526362657547 -4.504093647003174 -2.50182843208313
-0.49394139647483826 -4.531239986419678 -2.2585573196411133
-0.4787043035030365 -4.51051139831543 -2.01486873626709
-0.46013781428337097 -4.442704200744629 -1.7801274061203003
-0.43895548582077026 -4.3304243087768555 -1.5633544921875
-0.4159713089466095 -4.1779866218566895 -1.3728803396224976
-0.3920685648918152 -3.991248607635498 -1.2160247564315796
-0.3681658208370209 -3.7773873805999756 -1.098815679550171
-0.3451816439628601 -3.544620990753174 -1.0257573127746582
-0.3239993155002594 -3.301894426345825 -0.999657392501831
-0.30543282628059387 -3.0585360527038574 -1.0215188264846802
-0.2901957333087921 -2.823897361755371 -1.0905014276504517
-0.2788735330104828 -2.6069960594177246 -1.2039543390274048
-0.27190133929252625 -2.4161670207977295 -1.3575176000595093
-0.26954713463783264 -2.2587437629699707 -1.5452897548675537
-0.27190133929252625 -2.1407763957977295 -1.7600550651550293
-0.2788735330104828 -2.0667977333068848 -1.9935599565505981
-0.2901957333087921 -2.0396511554718018 -2.2368311882019043
-0.30543282628059387 -2.06037974357605 -2.4805197715759277
-0.3239993155002594 -2.1281869411468506 -2.715261220932007
-0.3451816439628601 -2.240466833114624 -2.9320340156555176
-0.3681658208370209 -2.392904758453369 -3.1225082874298096
-0.3920685648918152 -2.5796425342559814 -3.2793638706207275
-0.4159713089466095 -2.793503999710083 -3.3965728282928467
-0.43895548582077026 -3.0262703895568848 -3.4696311950683594
-0.46013781428337097 -3.2689967155456543 -3.4957311153411865
-0.4787043035030365 -3.512355327606201 -3.473869800567627
-0.49394139647483826 -3.7469937801361084 -3.4048871994018555
-0.50526362657547 -3.963895082473755 -3.2914342880249023
-0.5122357606887817 -4.15472412109375 -3.137871026992798
-9.644093732497625e-16 -4.333012104034424 -2.9643728733062744
-9.599972845066333e-16 -4.450883865356445 -2.749542474746704
-9.469304248666964e-16 -4.524580001831055 -2.5158441066741943
-9.257111907467921e-16 -4.551267623901367 -2.272258758544922
-8.971548513586527e-16 -4.529921054840088 -2.0281474590301514
-8.623588437645644e-16 -4.461360931396484 -1.792891263961792
-8.226603153508867e-16 -4.348222255706787 -1.5755306482315063
-7.795849842138613e-16 -4.194852352142334 -1.3844189643859863
-7.347880586115415e-16 -4.007145404815674 -1.226900339126587
-6.899911859487809e-16 -3.7923150062561035 -1.1090282201766968
-6.469158018721963e-16 -3.5586166381835938 -1.035332441329956
-6.072173263980778e-16 -3.3150312900543213 -1.0086448192596436
-5.724213188039895e-16 -3.070919990539551 -1.0299912691116333
-5.438649794158501e-16 -2.8356637954711914 -1.0985511541366577
-5.226456923563866e-16 -2.6183032989501953 -1.211690068244934
-5.095789385955681e-16 -2.4271914958953857 -1.3650598526000977
-5.051667969128797e-16 -2.2696728706359863 -1.5527667999267578
-5.095789385955681e-16 -2.1518008708953857 -1.7675973176956177
-5.226456923563866e-16 -2.0781049728393555 -2.001295804977417
-5.438649794158501e-16 -2.051417350769043 -2.2448809146881104
-5.724213188039895e-16 -2.072763681411743 -2.488992214202881
-6.072173263980778e-16 -2.1413238048553467 -2.7242486476898193
-6.469158018721963e-16 -2.254462480545044 -2.9416091442108154
-6.899911859487809e-16 -2.407832384109497 -3.132720708847046
-7.347880586115415e-16 -2.5955393314361572 -3.2902393341064453
-7.795849842138613e-16 -2.8103699684143066 -3.408111572265625
-8.226603153508867e-16 -3.0440683364868164 -3.4818074703216553
-8.623588437645644e-16 -3.2876534461975098 -3.5084948539733887
-8.971548513586527e-16 -3.5317647457122803 -3.4871485233306885
-9.257111907467921e-16 -3.7670211791992188 -3.418588638305664
-9.469304248666964e-16 -3.984381675720215 -3.3054497241973877
-9.599972845066333e-16 -4.175493240356445 -3.1520798206329346
0.5145899653434753 -4.31214714050293 -2.950098752975464
0.5122357606887817 -4.43011474609375 -2.7353334426879883
0.50526362657547 -4.504093647003174 -2.50182843208313
0.49394139647483826 -4.531239986419678 -2.2585573196411133
0.4787043035030365 -4.51051139831543 -2.01486873626709
0.46013781428337097 -4.442704200744629 -1.7801274061203003
0.43895548582077026 -4.3304243087768555 -1.5633544921875
0.4159713089466095 -4.1779866218566895 -1.3728803396224976
0.3920685648918152 -3.991248607635498 -1.2160247564315796
0.3681658208370209 -3.7773873805999756 -1.098815679550171
0.3451816439628601 -3.544620990753174 -1.0257573127746582
0.3239993155002594 -3.301894426345825 -0.999657392501831
0.30543282628059387 -3.0585360527038574 -1.0215188264846802
0.2901957333087921 -2.823897361755371 -1.0905014276504517
0.2788735330104828 -2.6069960594177246 -1.2039543390274048
0.27190133929252625 -2.4161670207977295 -1.3575176000595093
0.26954713463783264 -2.2587437629699707 -1.5452897548675537
0.27190133929252625 -2.1407763957977295 -1.7600550651550293
0.2788735330104828 -2.0667977333068848 -1.9935599565505981
0.2901957333087921 -2.0396511554718018 -2.2368311882019043
0.30543282628059387 -2.06037974357605 -2.4805197715759277
0.3239993155002594 -2.1281869411468506 -2.715261220932007
0.3451816439628601 -2.240466833114624 -2.9320340156555176
0.3681658208370209 -2.392904758453369 -3.1225082874298096
0.3920685648918152 -2.5796425342559814 -3.2793638706207275
0.4159713089466095 -2.793503999710083 -3.3965728282928467
0.43895548582077026 -3.0262703895568848 -3.4696311950683594
0.46013781428337097 -3.2689967155456543 -3.4957311153411865
0.4787043035030365 -3.512355327606201 -3.473869800567627
0.49394139647483826 -3.7469937801361084 -3.4048871994018555
0.50526362657547 -3.963895082473755 -3.2914342880249023
0.5122357606887817 -4.15472412109375 -3.137871026992798
1.0242241621017456 -4.249754428863525 -2.9074134826660156
1.019538402557373 -4.368007183074951 -2.692843437194824
1.0056612491607666 -4.442831516265869 -2.459916830062866
0.9831258654594421 -4.47135066986084 -2.2175848484039307
0.9527984261512756 -4.452469825744629 -1.9751601219177246
0.9158442616462708 -4.386913776397705 -1.7419588565826416
0.8736835718154907 -4.277202129364014 -1.5269429683685303
0.827936589717865 -4.1275506019592285 -1.338375449180603
0.7803612947463989 -3.943711280822754 -1.1835025548934937
0.7327859997749329 -3.732748031616211 -1.068276286125183
0.6870390176773071 -3.5027682781219482 -0.9971244931221008
0.6448783278465271 -3.2626101970672607 -0.9727815985679626
0.6079241633415222 -3.02150297164917 -0.9961830973625183
0.5775967240333557 -2.7887117862701416 -1.066429615020752
0.5550613403320312 -2.573183059692383 -1.1808217763900757
0.54118412733078 -2.383199453353882 -1.334963321685791
0.5364983677864075 -2.2260618209838867 -1.5229308605194092
0.54118412733078 -2.107808828353882 -1.737500786781311
0.5550613403320312 -2.032984972000122 -1.970427393913269
0.5775967240333557 -2.0044655799865723 -2.212759494781494
0.6079241633415222 -2.0233466625213623 -2.4551842212677
0.6448783278465271 -2.088902711868286 -2.688385248184204
0.6870390176773071 -2.1986143589019775 -2.9034011363983154
0.7327859997749329 -2.3482654094696045 -3.0919687747955322
0.7803612947463989 -2.532104969024658 -3.2468416690826416
0.827936589717865 -2.743068218231201 -3.362067937850952
0.8736835718154907 -2.973047971725464 -3.4332196712493896
0.9158442616462708 -3.2132060527801514 -3.4575626850128174
0.9527984261512756 -3.454313278198242 -3.4341611862182617
0.9831258654594421 -3.6871042251586914 -3.3639144897460938
1.0056612491607666 -3.90263295173645 -3.2495224475860596
1.019538402557373 -4.092616558074951 -3.095381021499634
1.5239945650100708 -4.1464338302612305 -2.836728096008301
1.5170223712921143 -4.265159606933594 -2.62248158454895
1.4963737726211548 -4.341383457183838 -2.390512704849243
1.462842345237732 -4.372176170349121 -2.149735927581787
1.4177165031433105 -4.356354236602783 -1.9094041585922241
1.362730622291565 -4.294526100158691 -1.6787532567977905
1.2999976873397827 -4.189067363739014 -1.4666470289230347
1.2319283485412598 -4.044031143188477 -1.2812366485595703
1.161138653755188 -3.8649909496307373 -1.129647135734558
1.0903490781784058 -3.6588268280029297 -1.0177041292190552
1.0222797393798828 -3.433462142944336 -0.9497095346450806
0.9595468044281006 -3.197556972503662 -0.9282763004302979
0.9045608639717102 -2.960177421569824 -0.9542281031608582
0.8594350814819336 -2.7304458618164062 -1.0265676975250244
0.825903594493866 -2.517190456390381 -1.142514944076538
0.8052550554275513 -2.328606605529785 -1.297614336013794
0.7982828617095947 -2.1719415187835693 -1.4859051704406738
0.8052550554275513 -2.053215980529785 -1.700151801109314
0.825903594493866 -1.976992130279541 -1.932120680809021
0.8594350814819336 -1.9461994171142578 -2.1728973388671875
0.9045608639717102 -1.9620211124420166 -2.41322922706604
0.9595468044281006 -2.0238492488861084 -2.6438798904418945
1.0222797393798828 -2.129307985305786 -2.8559861183166504
1.0903490781784058 -2.2743442058563232 -3.0413966178894043
1.161138653755188 -2.4533846378326416 -3.192986249923706
1.2319283485412598 -2.659548759460449 -3.304929256439209
1.2999976873397827 -2.884913444519043 -3.3729238510131836
1.362730622291565 -3.120818614959717 -3.3943569660186768
1.4177165031433105 -3.3581981658935547 -3.3684051036834717
1.462842345237732 -3.5879297256469727 -3.29606556892395
1.4963737726211548 -3.801185131072998 -3.1801183223724365
1.5170223712921143 -3.9897689819335938 -3.0250189304351807
2.0090880393981934 -4.003180980682373 -2.7387235164642334
1.99989652633667 -4.122561931610107 -2.5249252319335938
1.9726754426956177 -4.2007269859313965 -2.2942843437194824
1.9284707307815552 -4.234671592712402 -2.055663824081421
1.8689812421798706 -4.2230916023254395 -1.8182340860366821
1.7964931726455688 -4.166431903839111 -1.5911192893981934
1.7137919664382935 -4.066870212554932 -1.3830472230911255
1.6240559816360474 -3.928232192993164 -1.2020140886306763
1.5307337045669556 -3.755845785140991 -1.0549769401550293
1.4374114274978638 -3.556335926055908 -0.9475862979888916
1.3476754426956177 -3.337369441986084 -0.8839690685272217
1.2649743556976318 -3.107361316680908 -0.8665700554847717
1.1924861669540405 -2.875150203704834 -0.8960579037666321
1.132996678352356 -2.649660348892212 -0.971299409866333
1.0887919664382935 -2.439556837081909 -1.0894030332565308
1.0615708827972412 -2.2529139518737793 -1.2458301782608032
1.0523794889450073 -2.0969042778015137 -1.4345694780349731
1.0615708827972412 -1.9775233268737793 -1.6483676433563232
1.0887919664382935 -1.8993585109710693 -1.8790086507797241
1.132996678352356 -1.8654139041900635 -2.117629051208496
1.1924861669540405 -1.876994013786316 -2.3550589084625244
1.2649743556976318 -1.9336535930633545 -2.5821738243103027
1.3476754426956177 -2.0332155227661133 -2.790245771408081
1.4374114274978638 -2.1718533039093018 -2.9712789058685303
1.5307337045669556 -2.3442397117614746 -3.1183159351348877
1.6240559816360474 -2.5437495708465576 -3.2257065773010254
1.7137919664382935 -2.762716054916382 -3.2893240451812744
1.7964931726455688 -2.9927241802215576 -3.30672287940979
1.8689812421798706 -3.2249350547790527 -3.2772350311279297
1.9284707307815552 -3.450425148010254 -3.201993703842163
1.9726754426956177 -3.6605286598205566 -3.083889961242676
1.99989652633667 -3.8471715450286865 -2.9274628162384033
2.474832773208618 -3.8213753700256348 -2.6143436431884766
2.463510751724243 -3.9415881633758545 -2.4011144638061523
2.429979085922241 -4.022216320037842 -2.1721584796905518
2.3755271434783936 -4.060161113739014 -1.936274766921997
2.3022468090057373 -4.053964138031006 -1.7025278806686401
2.212954521179199 -4.003864288330078 -1.4799007177352905
2.111081600189209 -3.9117860794067383 -1.2769486904144287
2.0005431175231934 -3.78126859664917 -1.101470947265625
1.8855869770050049 -3.6173272132873535 -0.9602112770080566
1.7706307172775269 -3.426262140274048 -0.8585980534553528
1.6600923538208008 -3.215416193008423 -0.8005362749099731
1.5582194328308105 -2.992891550064087 -0.7882571816444397
1.4689271450042725 -2.767240285873413 -0.8222326636314392
1.3956468105316162 -2.547133684158325 -0.9011570811271667
1.341194748878479 -2.3410303592681885 -1.021997332572937
1.3076632022857666 -2.156850814819336 -1.1801097393035889
1.296341061592102 -2.0016727447509766 -1.3694180250167847
1.3076632022857666 -1.8814600706100464 -1.5826472043991089
1.341194748878479 -1.8008320331573486 -1.81160306930542
1.3956468105316162 -1.7628872394561768 -2.0474867820739746
1.4689271450042725 -1.7690839767456055 -2.281233787536621
1.5582194328308105 -1.8191839456558228 -2.5038609504699707
1.6600923538208008 -1.911262035369873 -2.706813097000122
1.7706307172775269 -2.0417797565460205 -2.8822906017303467
1.8855869770050049 -2.205721139907837 -3.023550271987915
2.0005431175231934 -2.3967859745025635 -3.1251635551452637
2.111081600189209 -2.6076321601867676 -3.183225393295288
2.212954521179199 -2.8301565647125244 -3.1955044269561768
2.3022468090057373 -3.0558080673217773 -3.161529064178467
2.3755271434783936 -3.2759146690368652 -3.0826046466827393
2.429979085922241 -3.482017993927002 -2.961764335632324
2.463510751724243 -3.6661975383758545 -2.803651809692383
2.916743755340576 -3.6027677059173584 -2.4647860527038574
2.903399705886841 -3.723980665206909 -2.2522411346435547
2.8638808727264404 -3.807570695877075 -2.0253117084503174
2.799705743789673 -3.850325345993042 -1.792718529701233
2.7133402824401855 -3.8506016731262207 -1.5634000301361084
2.6081037521362305 -3.8083889484405518 -1.346168875694275
2.4880404472351074 -3.7253096103668213 -1.149373173713684
2.3577640056610107 -3.604556083679199 -0.980575442314148
2.222280979156494 -3.4507689476013184 -0.8462626934051514
2.0867979526519775 -3.2698583602905273 -0.7515964508056641
1.9565215110778809 -3.0687763690948486 -0.7002146244049072
1.8364580869674683 -2.855250597000122 -0.6940918564796448
1.7312215566635132 -2.637486696243286 -0.7334634065628052
1.6448562145233154 -2.4238529205322266 -0.8168162107467651
1.5806809663772583 -2.2225594520568848 -0.9409471750259399
1.5411620140075684 -2.041341781616211 -1.101085901260376
1.5278180837631226 -1.8871641159057617 -1.2910784482955933
1.5411620140075684 -1.765951156616211 -1.503623366355896
1.5806809663772583 -1.6823612451553345 -1.7305527925491333
1.6448562145233154 -1.6396065950393677 -1.9631459712982178
1.7312215566635132 -1.639330267906189 -2.1924643516540527
1.8364580869674683 -1.681542992591858 -2.409695625305176
1.9565215110778809 -1.7646223306655884 -2.6064913272857666
2.0867979526519775 -1.8853758573532104 -2.7752890586853027
2.222280979156494 -2.0391628742218018 -2.9096016883850098
2.3577640056610107 -2.2200734615325928 -3.004267930984497
2.4880404472351074 -2.4211554527282715 -3.055649757385254
2.6081037521362305 -2.634681224822998 -3.061772584915161
2.7133402824401855 -2.852445363998413 -3.0224010944366455
2.799705743789673 -3.0660789012908936 -2.9390482902526855
2.8638808727264404 -3.2673723697662354 -2.8149173259735107
2.903399705886841 -3.448590040206909 -2.654778480529785
3.3305647373199463 -3.34946346282959 -2.2914912700653076
3.3153276443481445 -3.4718353748321533 -2.0797390937805176
3.2702019214630127 -3.5588572025299072 -1.8551576137542725
3.1969215869903564 -3.607185125350952 -1.6263773441314697
3.0983028411865234 -3.614961862564087 -1.4021902084350586
2.978135585784912 -3.581888437271118 -1.1912115812301636
2.8410379886627197 -3.5092360973358154 -1.001549243927002
2.6922781467437744 -3.3997962474823 -0.8404918313026428
2.5375730991363525 -3.25777530670166 -0.714228630065918
2.3828680515289307 -3.0886306762695312 -0.6276119351387024
2.2341084480285645 -2.898862600326538 -0.583970308303833
2.097010612487793 -2.69576358795166 -0.5849809646606445
1.9768433570861816 -2.4871387481689453 -0.6306049823760986
1.8782247304916382 -2.281005620956421 -0.719089150428772
1.804944396018982 -2.0852854251861572 -0.8470329642295837
1.75981867313385 -1.9074997901916504 -1.0095196962356567
1.7445815801620483 -1.7544809579849243 -1.2003049850463867
1.75981867313385 -1.6321091651916504 -1.4120571613311768
1.804944396018982 -1.545087218284607 -1.6366386413574219
1.8782247304916382 -1.496759295463562 -1.8654189109802246
1.9768433570861816 -1.4889825582504272 -2.0896060466766357
2.097010612487793 -1.522055983543396 -2.300584554672241
2.2341084480285645 -1.5947084426879883 -2.4902470111846924
2.3828680515289307 -1.7041480541229248 -2.6513044834136963
2.5375730991363525 -1.846169114112854 -2.7775676250457764
2.6922781467437744 -2.0153138637542725 -2.8641843795776367
2.8410379886627197 -2.2050819396972656 -2.9078259468078613
2.978135585784912 -2.4081809520721436 -2.90681529045105
3.0983028411865234 -2.6168055534362793 -2.8611912727355957
3.1969215869903564 -2.822938919067383 -2.772707223892212
3.2702019214630127 -3.0186588764190674 -2.644763231277466
3.3153276443481445 -3.196444511413574 -2.482276678085327
3.712310552597046 -3.0639021396636963 -2.096128225326538
3.695327043533325 -3.1875803470611572 -1.8852698802947998
3.645029067993164 -3.2784714698791504 -1.6633353233337402
3.563349485397339 -3.333082437515259 -1.4388535022735596
3.4534270763397217 -3.3493144512176514 -1.2204511165618896
3.319486379623413 -3.3265442848205566 -1.0165212154388428
3.1666746139526367 -3.265646457672119 -0.8349006772041321
3.000864267349243 -3.168961524963379 -0.682569146156311
2.8284270763397217 -3.0402047634124756 -0.5653805732727051
2.6559901237487793 -2.884324550628662 -0.4878385066986084
2.4901795387268066 -2.707310914993286 -0.4529227912425995
2.3373677730560303 -2.5159666538238525 -0.4619752764701843
2.2034270763397217 -2.3176450729370117 -0.5146480202674866
2.0935049057006836 -2.119967222213745 -0.6089168787002563
2.0118253231048584 -1.9305301904678345 -0.7411591410636902
1.9615272283554077 -1.7566136121749878 -0.9062928557395935
1.9445436000823975 -1.6049010753631592 -1.0979719161987305
1.9615272283554077 -1.4812228679656982 -1.3088302612304688
2.0118253231048584 -1.3903318643569946 -1.5307648181915283
2.0935049057006836 -1.3357208967208862 -1.755246639251709
2.2034270763397217 -1.319488763809204 -1.973649024963379
2.3373677730560303 -1.3422590494155884 -2.177578926086426
2.4901795387268066 -1.4031568765640259 -2.3591995239257812
2.6559901237487793 -1.4998418092727661 -2.511531114578247
2.8284270763397217 -1.6285985708236694 -2.6287195682525635
3.000864267349243 -1.7844789028167725 -2.70626163482666
3.1666746139526367 -1.9614924192428589 -2.7411773204803467
3.319486379623413 -2.152836561203003 -2.7321248054504395
3.4534270763397217 -2.3511581420898438 -2.6794521808624268
3.563349485397339 -2.5488359928131104 -2.5851833820343018
3.645029067993164 -2.7382731437683105 -2.4529409408569336
3.695327043533325 -2.9121897220611572 -2.2878072261810303
4.058304786682129 -2.748833656311035 -1.8805782794952393
4.039738178253174 -2.873953342437744 -1.670706033706665
3.9847524166107178 -2.9691131114959717 -1.45169198513031
3.8954601287841797 -3.030656337738037 -1.2319527864456177
3.7752928733825684 -3.056217908859253 -1.0199328660964966
3.628868818283081 -3.0448153018951416 -0.8237800598144531
3.4618146419525146 -2.996886730194092 -0.6510323286056519
3.280550479888916 -2.914274215698242 -0.5083283185958862
3.0920417308807373 -2.800152540206909 -0.4011520445346832
2.9035332202911377 -2.658907175064087 -0.3336222767829895
2.722269058227539 -2.4959661960601807 -0.3083341419696808
2.5552148818969727 -2.317591428756714 -0.32625940442085266
2.4087905883789062 -2.1306374073028564 -0.3867092430591583
2.288623332977295 -1.9422889947891235 -0.48736056685447693
2.199331045150757 -1.7597841024398804 -0.6243454217910767
2.144345283508301 -1.5901364088058472 -0.7923995852470398
2.1257786750793457 -1.439865231513977 -0.9850648045539856
2.144345283508301 -1.3147456645965576 -1.1949371099472046
2.199331045150757 -1.2195857763290405 -1.4139511585235596
2.288623332977295 -1.158042550086975 -1.633690357208252
2.4087905883789062 -1.1324810981750488 -1.845710277557373
2.5552148818969727 -1.1438837051391602 -2.041863203048706
2.722269058227539 -1.1918121576309204 -2.2146108150482178
2.9035332202911377 -1.27442467212677 -2.3573148250579834
3.0920417308807373 -1.388546347618103 -2.464491128921509
3.280550479888916 -1.5297917127609253 -2.5320208072662354
3.4618146419525146 -1.6927326917648315 -2.5573089122772217
3.628868818283081 -1.871107578277588 -2.53938364982605
3.7752928733825684 -2.0580615997314453 -2.478933811187744
3.8954601287841797 -2.2464101314544678 -2.3782825469970703
3.9847524166107178 -2.428915023803711 -2.241297721862793
4.039738178253174 -2.598562717437744 -2.0732436180114746
4.365215301513672 -2.407292366027832 -1.6469173431396484
4.345244884490967 -2.5339746475219727 -1.4381141662597656
4.2861008644104 -2.6337621212005615 -1.2222659587860107
4.1900553703308105 -2.702820062637329 -1.007667899131775
4.060800552368164 -2.738494634628296 -0.802566647529602
3.9033031463623047 -2.739414691925049 -0.6148443222045898
3.7236154079437256 -2.705545425415039 -0.4517149031162262
3.5286431312561035 -2.638187885284424 -0.3194473683834076
3.325878381729126 -2.539930582046509 -0.2231246829032898
3.1231138706207275 -2.4145500659942627 -0.16644848883152008
2.9281413555145264 -2.2668638229370117 -0.151596799492836
2.7484538555145264 -2.102548122406006 -0.1791403740644455
2.590956211090088 -1.9279170036315918 -0.2480207234621048
2.4617013931274414 -1.7496815919876099 -0.3555908203125
2.3656561374664307 -1.5746914148330688 -0.4977167844772339
2.3065121173858643 -1.4096713066101074 -0.6689367890357971
2.28654146194458 -1.260962724685669 -0.8626710176467896
2.3065121173858643 -1.1342805624008179 -1.071474313735962
2.3656561374664307 -1.0344932079315186 -1.2873224020004272
2.4617013931274414 -0.9654352068901062 -1.5019205808639526
2.590956211090088 -0.9297606945037842 -1.707021713256836
2.7484538555145264 -0.9288404583930969 -1.8947440385818481
2.9281413555145264 -0.9627098441123962 -2.057873487472534
3.1231138706207275 -1.0300674438476562 -2.190140962600708
3.325878381729126 -1.1283245086669922 -2.286463737487793
3.5286431312561035 -1.2537052631378174 -2.343139886856079
3.7236154079437256 -1.4013912677764893 -2.3579916954040527
3.9033031463623047 -1.5657070875167847 -2.3304479122161865
4.060800552368164 -1.7403382062911987 -2.2615675926208496
4.1900553703308105 -1.9185736179351807 -2.1539976596832275
4.2861008644104 -2.0935637950897217 -2.011871576309204
4.345244884490967 -2.2585840225219727 -1.8406516313552856
4.630086421966553 -2.042567729949951 -1.3973957300186157
4.6089043617248535 -2.1709184646606445 -1.1897339820861816
4.546171188354492 -2.2756476402282715 -0.9772666096687317
4.444298267364502 -2.3527302742004395 -0.7681585550308228
4.307200908660889 -2.3992044925689697 -0.5704457759857178
4.140146732330322 -2.4132838249206543 -0.39172622561454773
3.9495558738708496 -2.39442777633667 -0.23886798322200775
3.742753028869629 -2.343360662460327 -0.11774533987045288
3.5276851654052734 -2.26204514503479 -0.033012960106134415
3.312617063522339 -2.1536059379577637 0.012072940357029438
3.105814218521118 -2.0222103595733643 0.015779731795191765
2.9152235984802246 -1.8729078769683838 -0.022035032510757446
2.748169422149658 -1.7114360332489014 -0.09991814941167831
2.6110715866088867 -1.544000267982483 -0.21487662196159363
2.5091989040374756 -1.3770349025726318 -0.3624926507472992
2.4464657306671143 -1.216956377029419 -0.537093460559845
2.425283432006836 -1.0699163675308228 -0.7319691777229309
2.4464657306671143 -0.9415656924247742 -0.939630925655365
2.5091989040374756 -0.836836576461792 -1.152098298072815
2.6110715866088867 -0.7597538828849792 -1.3612064123153687
2.748169422149658 -0.7132797241210938 -1.5589191913604736
2.9152235984802246 -0.6992002129554749 -1.7376387119293213
3.105814218521118 -0.7180562615394592 -1.8904969692230225
3.312617063522339 -0.769123375415802 -2.0116195678710938
3.5276851654052734 -0.8504389524459839 -2.0963521003723145
3.742753028869629 -0.958878219127655 -2.1414380073547363
3.9495558738708496 -1.0902738571166992 -2.1451447010040283
4.140146732330322 -1.2395763397216797 -2.107329845428467
4.307200908660889 -1.4010480642318726 -2.029446840286255
4.444298267364502 -1.568483829498291 -1.9144883155822754
4.546171188354492 -1.735449194908142 -1.7668722867965698
4.6089043617248535 -1.895527720451355 -1.5922714471817017
4.850367546081543 -1.6581718921661377 -1.1344164609909058
4.828177452087402 -1.7882812023162842 -0.9279578328132629
4.762459754943848 -1.8982185125350952 -0.7190535068511963
4.655740261077881 -1.983758807182312 -0.5157316327095032
4.512119770050049 -2.0416150093078613 -0.3258056938648224
4.337118148803711 -2.069563627243042 -0.15657447278499603
4.137459754943848 -2.066530704498291 -0.01454139593988657
3.9208180904388428 -2.03263258934021 0.09483526647090912
3.6955180168151855 -1.9691721200942993 0.16735224425792694
3.4702181816101074 -1.878588080406189 0.20022273063659668
3.2535762786865234 -1.7643616199493408 0.19218353927135468
3.0539181232452393 -1.6308821439743042 0.14354361593723297
2.8789162635803223 -1.4832794666290283 0.05617217347025871
2.7352960109710693 -1.327225685119629 -0.06657316535711288
2.6285762786865234 -1.1687179803848267 -0.21997536718845367
2.562858819961548 -1.0138475894927979 -0.39813926815986633
2.5406687259674072 -0.8685662150382996 -0.5942181348800659
2.562858819961548 -0.7384569048881531 -0.8006767630577087
2.6285762786865234 -0.6285196542739868 -1.0095810890197754
2.7352960109710693 -0.5429793000221252 -1.2129029035568237
2.8789162635803223 -0.4851231575012207 -1.4028288125991821
3.0539181232452393 -0.45717453956604004 -1.5720601081848145
3.2535762786865234 -0.4602075219154358 -1.7140932083129883
3.4702181816101074 -0.49410557746887207 -1.823469877243042
3.6955180168151855 -0.5575659871101379 -1.895986795425415
3.9208180904388428 -0.6481499671936035 -1.9288573265075684
4.137459754943848 -0.7623765468597412 -1.9208180904388428
4.337118148803711 -0.8958559632301331 -1.8721781969070435
4.512119770050049 -1.0434587001800537 -1.784806728363037
4.655740261077881 -1.1995124816894531 -1.662061333656311
4.762459754943848 -1.3580201864242554 -1.5086592435836792
4.828177452087402 -1.5128905773162842 -1.3304952383041382
5.023936748504639 -1.2578070163726807 -0.8605120778083801
5.00095272064209 -1.389747977256775 -0.6553065180778503
4.932883262634277 -1.5051097869873047 -0.45011335611343384
4.822344779968262 -1.5994590520858765 -0.2528180181980133
4.673584938049316 -1.6691701412200928 -0.07100246101617813
4.492321014404297 -1.7115639448165894 0.08834626525640488
4.285517692565918 -1.7250113487243652 0.21910446882247925
4.061123371124268 -1.7089956998825073 0.31624719500541687
3.82776141166687 -1.6641322374343872 0.3760412931442261
3.5943992137908936 -1.5921452045440674 0.396188884973526
3.370004892349243 -1.4958009719848633 0.3759157657623291
3.1632018089294434 -1.378801941871643 0.31600096821784973
2.9819376468658447 -1.245644450187683 0.21874701976776123
2.8331778049468994 -1.1014455556869507 0.08789131790399551
2.722639322280884 -0.9517468214035034 -0.07153742760419846
2.6545701026916504 -0.8023009896278381 -0.2534124553203583
2.6315858364105225 -0.6588512659072876 -0.4507444202899933
2.6545701026916504 -0.5269103050231934 -0.6559499502182007
2.722639322280884 -0.41154852509498596 -0.8611431121826172
2.8331778049468994 -0.3171992003917694 -1.0584384202957153
2.9819376468658447 -0.24748815596103668 -1.2402540445327759
3.1632018089294434 -0.2050943225622177 -1.3996027708053589
3.370004892349243 -0.19164688885211945 -1.5303609371185303
3.5943992137908936 -0.20766261219978333 -1.6275036334991455
3.82776141166687 -0.25252604484558105 -1.6872977018356323
4.061123371124268 -0.3245130777359009 -1.7074453830718994
4.285517692565918 -0.420857310295105 -1.6871721744537354
4.492321014404297 -0.5378562808036804 -1.6272574663162231
4.673584938049316 -0.6710137724876404 -1.5300034284591675
4.822344779968262 -0.8152126669883728 -1.3991477489471436
4.932883262634277 -0.9649114608764648 -1.239719033241272
5.00095272064209 -1.1143572330474854 -1.0578440427780151
5.149122714996338 -0.845328688621521 -0.5783205032348633
5.125566005706787 -0.9791567325592041 -0.37440595030784607
5.055800437927246 -1.100107192993164 -0.17303621768951416
4.942507743835449 -1.2035319805145264 0.018050245940685272
4.790040969848633 -1.285456657409668 0.19151006639003754
4.604259967803955 -1.3427326679229736 0.34067729115486145
4.392303943634033 -1.3731591701507568 0.459819495677948
4.162318229675293 -1.375566840171814 0.5443581342697144
3.9231410026550293 -1.349863052368164 0.5910443663597107
3.6839640140533447 -1.2970356941223145 0.5980841517448425
3.4539783000946045 -1.2191147804260254 0.5652069449424744
3.2420222759246826 -1.1190948486328125 0.49367615580558777
3.056241273880005 -1.0008196830749512 0.386240690946579
2.9037747383117676 -0.8688343167304993 0.24702924489974976
2.7904818058013916 -0.7282110452651978 0.08139162510633469
2.7207164764404297 -0.5843539237976074 -0.10430681705474854
2.6971595287323 -0.442791223526001 -0.3029297888278961
2.7207164764404297 -0.30896320939064026 -0.5068442821502686
2.7904818058013916 -0.1880127489566803 -0.7082140445709229
2.9037747383117676 -0.0845879316329956 -0.8993005156517029
3.056241273880005 -0.002663321327418089 -1.0727603435516357
3.2420222759246826 0.05461277812719345 -1.221927523612976
3.4539783000946045 0.08503928035497665 -1.3410696983337402
3.6839640140533447 0.0874469056725502 -1.4256083965301514
3.9231410026550293 0.061743129044771194 -1.4722946882247925
4.162318229675293 0.008915736339986324 -1.4793344736099243
4.392303943634033 -0.06900514662265778 -1.4464572668075562
4.604259967803955 -0.16902506351470947 -1.3749264478683472
4.790040969848633 -0.2873002886772156 -1.2674909830093384
4.942507743835449 -0.4192856252193451 -1.128279447555542
5.055800437927246 -0.5599088668823242 -0.9626418948173523
5.125566005706787 -0.7037660479545593 -0.7769434452056885
5.224720001220703 -0.4247094392776489 -0.2905593514442444
5.200817108154297 -0.5604617595672607 -0.08796133100986481
5.1300272941589355 -0.6871111989021301 0.10950954258441925
5.015071392059326 -0.799790620803833 0.2942645847797394
4.860366344451904 -0.8941698670387268 0.4592037498950958
4.671857833862305 -0.9666219353675842 0.597988486289978
4.456789970397949 -1.0143625736236572 0.7052854299545288
4.223427772521973 -1.0355572700500488 0.7769712209701538
3.980738878250122 -1.0293912887573242 0.8102909326553345
3.7380502223968506 -0.9961016178131104 0.8039641976356506
3.504688024520874 -0.9369677305221558 0.7582341432571411
3.2896201610565186 -0.8542619943618774 0.6748580932617188
3.101111650466919 -0.7511627674102783 0.5570401549339294
2.946406602859497 -0.6316320300102234 0.4093080461025238
2.8314504623413086 -0.5002633929252625 0.23733898997306824
2.7606606483459473 -0.36210522055625916 0.047741688787937164
2.73675799369812 -0.2224668562412262 -0.15219776332378387
2.7606606483459473 -0.08671451359987259 -0.35479578375816345
2.8314504623413086 0.039934899657964706 -0.5522666573524475
2.946406602859497 0.15261432528495789 -0.7370216846466064
3.101111650466919 0.2469935566186905 -0.9019608497619629
3.2896201610565186 0.3194456696510315 -1.0407456159591675
3.504688024520874 0.3671863377094269 -1.1480425596237183
3.7380502223968506 0.38838091492652893 -1.2197283506393433
3.980738878250122 0.3822149336338043 -1.253048062324524
4.223427772521973 0.3489253520965576 -1.2467213869094849
4.456789970397949 0.28979143500328064 -1.2009912729263306
4.671857833862305 0.20708569884300232 -1.1176152229309082
4.860366344451904 0.10398644953966141 -0.9997972846031189
5.015071392059326 -0.015544244088232517 -0.8520651459693909
5.1300272941589355 -0.14691288769245148 -0.6800961494445801
5.200817108154297 -0.28507107496261597 -0.490498811006546
3 0 1 2 224 127 85 0
3 0 2 3 224 127 85 0
3 3 2 4 224 127 85 0
3 3 4 5 224 127 85 0
3 5 4 6 224 127 85 0
3 5 6 7 224 127 85 0
3 7 6 8 224 127 85 0
3 7 8 9 224 127 85 0
3 9 8 10 224 127 85 0
3 9 10 11 224 127 85 0
3 11 10 12 224 127 85 0
3 11 12 13 224 127 85 0
3 13 12 14 224 127 85 0
3 13 14 15 224 127 85 0
3 15 14 16 224 127 85 0
3 15 16 17 224 127 85 0
3 17 16 18 224 127 85 0
3 17 18 19 224 127 85 0
3 19 18 20 224 127 85 0
3 19 20 21 224 127 85 0
3 21 20 22 224 127 85 0
3 21 22 23 224 127 85 0
3 23 22 24 224 127 85 0
3 23 24 25 224 127 85 0
3 25 24 26 224 127 85 0
3 25 26 27 224 127 85 0
3 27 26 28 224 127 85 0
3 27 28 29 224 127 85 0
3 29 28 30 224 127 85 0
3 29 30 31 224 127 85 0
3 31 30 32 224 127 85 0
3 31 32 33 224 127 85 0
3 33 32 34 224 127 85 0
3 33 34 35 224 127 85 0
3 35 34 36 224 127 85 0
3 35 36 37 224 127 85 0
3 37 36 38 224 127 85 0
3 37 38 39 224 127 85 0
3 39 38 40 224 127 85 0
3 39 40 41 224 127 85 0
3 41 40 42 224 127 85 0
3 41 42 43 224 127 85 0
3 43 42 44 224 127 85 0
3 43 44 45 224 127 85 0
3 45 44 46 224 127 85 0
3 45 46 47 224 127 85 0
3 47 46 48 224 127 85 0
3 47 48 49 224 127 85 0
3 49 48 50 224 127 85 0
3 49 50 51 224 127 85 0
3 51 50 52 224 127 85 0
3 51 52 53 224 127 85 0
3 53 52 54 224 127 85 0
3 53 54 55 224 127 85 0
3 55 54 56 224 127 85 0
3 55 56 57 224 127 85 0
3 57 56 58 224 127 85 0
3 57 58 59 224 127 85 0
3 59 58 60 224 127 85 0
3 59 60 61 224 127 85 0
3 61 60 62 224 127 85 0
3 61 62 63 224 127 85 0
3 63 62 1 224 127 85 0
3 63 1 0 224 127 85 0
3 1 64 65 224 127 85 0
3 1 65 2 224 127 85 0
3 2 65 66 224 127 85 0
3 2 66 4 224 127 85 0
3 4 66 67 224 127 85 0
3 4 67 6 224 127 85 0
3 6 67 68 224 127 85 0
3 6 68 8 224 127 85 0
3 8 68 69 224 127 85 0
3 8 69 10 224 127 85 0
3 10 69 70 224 127 85 0
3 10 70 12 224 127 85 0
3 12 70 71 224 127 85 0
3 12 71 14 224 127 85 0
3 14 71 72 224 127 85 0
3 14 72 16 224 127 85 0
3 16 72 73 224 127 85 0
3 16 73 18 224 127 85 0
3 18 73 74 224 127 85 0
3 18 74 20 224 127 85 0
3 20 74 75 224 127 85 0
3 20 75 22 224 127 85 0
3 22 75 76 224 127 85 0
3 22 76 24 224 127 85 0
3 24 76 77 224 127 85 0
3 24 77 26 224 127 85 0
3 26 77 78 224 127 85 0
3 26 78 28 224 127 85 0
3 28 78 79 224 127 85 0
3 28 79 30 224 127 85 0
3 30 79 80 224 127 85 0
3 30 80 32 224 127 85 0
3 32 80 81 224 127 85 0
3 32 81 34 224 127 85 0
3 34 81 82 224 127 85 0
3 34 82 36 224 127 85 0
3 36 82 83 224 127 85 0
3 36 83 38 224 127 85 0
3 38 83 84 224 127 85 0
3 38 84 40 224 127 85 0
3 40 84 85 224 127 85 0
3 40 85 42 224 127 85 0
3 42 85 86 224 127 85 0
3 42 86 44 224 127 85 0
3 44 86 87 224 127 85 0
3 44 87 46 224 127 85 0
3 46 87 88 224 127 85 0
3 46 88 48 224 127 85 0
3 48 88 89 224 127 85 0
3 48 89 50 224 127 85 0
3 50 89 90 224 127 85 0
3 50 90 52 224 127 85 0
3 52 90 91 224 127 85 0
3 52 91 54 224 127 85 0
3 54 91 92 224 127 85 0
3 54 92 56 224 127 85 0
3 56 92 93 224 127 85 0
3 56 93 58 224 127 85 0
3 58 93 94 224 127 85 0
3 58 94 60 224 127 85 0
3 60 94 95 224 127 85 0
3 60 95 62 224 127 85 0
3 62 95 64 224 127 85 0
3 62 64 1 224 127 85 0
3 64 96 97 224 127 85 0
3 64 97 65 224 127 85 0
3 65 97 98 224 127 85 0
3 65 98 66 224 127 85 0
3 66 98 99 224 127 85 0
3 66 99 67 224 127 85 0
3 67 99 100 224 127 85 0
3 67 100 68 224 127 85 0
3 68 100 101 224 127 85 0
3 68 101 69 224 127 85 0
3 69 101 102 224 127 85 0
3 69 102 70 224 127 85 0
3 70 102 103 224 127 85 0
3 70 103 71 224 127 85 0
3 71 103 104 224 127 85 0
3 71 104 72 224 127 85 0
3 72 104 105 224 127 85 0
3 72 105 73 224 127 85 0
3 73 105 106 224 127 85 0
3 73 106 74 224 127 85 0
3 74 106 107 224 127 85 0
3 74 107 75 224 127 85 0
3 75 107 108 224 127 85 0
3 75 108 76 224 127 85 0
3 76 108 109 224 127 85 0
3 76 109 77 224 127 85 0
3 77 109 110 224 127 85 0
3 77 110 78 224 127 85 0
3 78 110 111 224 127 85 0
3 78 111 79 224 127 85 0
3 79 111 112 224 127 85 0
3 79 112 80 224 127 85 0
3 80 112 113 224 127 85 0
3 80 113 81 224 127 85 0
3 81 113 114 224 127 85 0
3 81 114 82 224 127 85 0
3 82 114 115 224 127 85 0
3 82 115 83 224 127 85 0
3 83 115 116 224 127 85 0
3 83 116 84 224 127 85 0
3 84 116 117 224 127 85 0
3 84 117 85 224 127 85 0
3 85 117 118 224 127 85 0
3 85 118 86 224 127 85 0
3 86 118 119 224 127 85 0
3 86 119 87 224 127 85 0
3 87 119 120 224 127 85 0
3 87 120 88 224 127 85 0
3 88 120 121 224 127 85 0
3 88 121 89 224 127 85 0
3 89 121 122 224 127 85 0
3 89 122 90 224 127 85 0
3 90 122 123 224 127 85 0
3 90 123 91 224 127 85 0
3 91 123 124 224 127 85 0
3 91 124 92 224 127 85 0
3 92 124 125 224 127 85 0
3 92 125 93 224 127 85 0
3 93 125 126 224 127 85 0
3 93 126 94 224 127 85 0
3 94 126 127 224 127 85 0
3 94 127 95 224 127 85 0
3 95 127 96 224 127 85 0
3 95 96 64 224 127 85 0
3 96 128 129 224 127 85 0
3 96 129 97 224 127 85 0
3 97 129 130 224 127 85 0
3 97 130 98 224 127 85 0
3 98 130 131 224 127 85 0
3 98 131 99 224 127 85 0
3 99 131 132 224 127 85 0
3 99 132 100 224 127 85 0
3 100 132 133 224 127 85 0
3 100 133 101 224 127 85 0
3 101 133 134 224 127 85 0
3 101 134 102 224 127 85 0
3 102 134 135 224 127 85 0
3 102 135 103 224 127 85 0
3 103 135 136 224 127 85 0
3 103 136 104 224 127 85 0
3 104 136 137 224 127 85 0
3 104 137 105 224 127 85 0
3 105 137 138 224 127 85 0
3 105 138 106 224 127 85 0
3 106 138 139 224 127 85 0
3 106 139 107 224 127 85 0
3 107 139 140 224 127 85 0
3 107 140 108 224 127 85 0
3 108 140 141 224 127 85 0
3 108 141 109 224 127 85 0
3 109 141 142 224 127 85 0
3 109 142 110 224 127 85 0
3 110 142 143 224 127 85 0
3 110 143 111 224 127 85 0
3 111 143 144 224 127 85 0
3 111 144 112 224 127 85 0
3 112 144 145 224 127 85 0
3 112 145 113 224 127 85 0
3 113 145 146 224 127 85 0
3 113 146 114 224 127 85 0
3 114 146 147 224 127 85 0
3 114 147 115 224 127 85 0
3 115 147 148 224 127 85 0
3 115 148 116 224 127 85 0
3 116 148 149 224 127 85 0
3 116 149 117 224 127 85 0
3 117 149 150 224 127 85 0
3 117 150 118 224 127 85 0
3 118 150 151 224 127 85 0
3 118 151 119 224 127 85 0
3 119 151 152 224 127 85 0
3 119 152 120 224 127 85 0
3 120 152 153 224 127 85 0
3 120 153 121 224 127 85 0
3 121 153 154 224 127 85 0
3 121 154 122 224 127 85 0
3 122 154 155 224 127 85 0
3 122 155 123 224 127 85 0
3 123 155 156 224 127 85 0
3 123 156 124 224 127 85 0
3 124 156 157 224 127 85 0
3 124 157 125 224 127 85 0
3 125 157 158 224 127 85 0
3 125 158 126 224 127 85 0
3 126 158 159 224 127 85 0
3 126 159 127 224 127 85 0
3 127 159 128 224 127 85 0
3 127 128 96 224 127 85 0
3 128 160 161 224 127 85 0
3 128 161 129 224 127 85 0
3 129 161 162 224 127 85 0
3 129 162 130 224 127 85 0
3 130 162 163 224 127 85 0
3 130 163 131 224 127 85 0
3 131 163 164 224 127 85 0
3 131 164 132 224 127 85 0
3 132 164 165 224 127 85 0
3 132 165 133 224 127 85 0
3 133 165 166 224 127 85 0
3 133 166 134 224 127 85 0
3 134 166 167 224 127 85 0
3 134 167 135 224 127 85 0
3 135 167 168 224 127 85 0
3 135 168 136 224 127 85 0
3 136 168 169 224 127 85 0
3 136 169 137 224 127 85 0
3 137 169 170 224 127 85 0
3 137 170 138 224 127 85 0
3 138 170 171 224 127 85 0
3 138 171 139 224 127 85 0
3 139 171 172 224 127 85 0
3 139 172 140 224 127 85 0
3 140 172 173 224 127 85 0
3 140 173 141 224 127 85 0
3 141 173 174 224 127 85 0
3 141 174 142 224 127 85 0
3 142 174 175 224 127 85 0
3 142 175 143 224 127 85 0
3 143 175 176 224 127 85 0
3 143 176 144 224 127 85 0
3 144 176 177 224 127 85 0
3 144 177 145 224 127 85 0
3 145 177 178 224 127 85 0
3 145 178 146 224 127 85 0
3 146 178 179 224 127 85 0
3 146 179 147 224 127 85 0
3 147 179 180 224 127 85 0
3 147 180 148 224 127 85 0
3 148 180 181 224 127 85 0
3 148 181 149 224 127 85 0
3 149 181 182 224 127 85 0
3 149 182 150 224 127 85 0
3 150 182 183 224 127 85 0
3 150 183 151 224 127 85 0
3 151 183 184 224 127 85 0
3 151 184 152 224 127 85 0
3 152 184 185 224 127 85 0
3 152 185 153 224 127 85 0
3 153 185 186 224 127 85 0
3 153 186 154 224 127 85 0
3 154 186 187 224 127 85 0
3 154 187 155 224 127 85 0
3 155 187 188 224 127 85 0
3 155 188 156 224 127 85 0
3 156 188 189 224 127 85 0
3 156 189 157 224 127 85 0
3 157 189 190 224 127 85 0
3 157 190 158 224 127 85 0
3 158 190 191 224 127 85 0
3 158 191 159 224 127 85 0
3 159 191 160 224 127 85 0
3 159 160 128 224 127 85 0
3 160 192 193 224 127 85 0
3 160 193 161 224 127 85 0
3 161 193 194 224 127 85 0
3 161 194 162 224 127 85 0
3 162 194 195 224 127 85 0
3 162 195 163 224 127 85 0
3 163 195 196 224 127 85 0
3 163 196 164 224 127 85 0
3 164 196 197 224 127 85 0
3 164 197 165 224 127 85 0
3 165 197 198 224 127 85 0
3 165 198 166 224 127 85 0
3 166 198 199 224 127 85 0
3 166 199 167 224 127 85 0
3 167 199 200 224 127 85 0
3 167 200 168 224 127 85 0
3 168 200 201 224 127 85 0
3 168 201 169 224 127 85 0
3 169 201 202 224 127 85 0
3 169 202 170 224 127 85 0
3 170 202 203 224 127 85 0
3 170 203 171 224 127 85 0
3 171 203 204 224 127 85 0
3 171 204 172 224 127 85 0
3 172 204 205 224 127 85 0
3 172 205 173 224 127 85 0
3 173 205 206 224 127 85 0
3 173 206 174 224 127 85 0
3 174 206 207 224 127 85 0
3 174 207 175 224 127 85 0
3 175 207 208 224 127 85 0
3 175 208 176 224 127 85 0
3 176 208 209 224 127 85 0
3 176 209 177 224 127 85 0
3 177 209 210 224 127 85 0
3 177 210 178 224 127 85 0
3 178 210 211 224 127 85 0
3 178 211 179 224 127 85 0
3 179 211 212 224 127 85 0
3 179 212 180 224 127 85 0
3 180 212 213 224 127 85 0
3 180 213 181 224 127 85 0
3 181 213 214 224 127 85 0
3 181 214 182 224 127 85 0
3 182 214 215 224 127 85 0
3 182 215 183 224 127 85 0
3 183 215 216 224 127 85 0
3 183 216 184 224 127 85 0
3 184 216 217 224 127 85 0
3 184 217 185 224 127 85 0
3 185 217 218 224 127 85 0
3 185 218 186 224 127 85 0
3 186 218 219 224 127 85 0
3 186 219 187 224 127 85 0
3 187 219 220 224 127 85 0
3 187 220 188 224 127 85 0
3 188 220 221 224 127 85 0
3 188 221 189 224 127 85 0
3 189 221 222 224 127 85 0
3 189 222 190 224 127 85 0
3 190 222 223 224 127 85 0
3 190 223 191 224 127 85 0
3 191 223 192 224 127 85 0
3 191 192 160 224 127 85 0
3 192 224 225 224 127 85 0
3 192 225 193 224 127 85 0
3 193 225 226 224 127 85 0
3 193 226 194 224 127 85 0
3 194 226 227 224 127 85 0
3 194 227 195 224 127 85 0
3 195 227 228 224 127 85 0
3 195 228 196 224 127 85 0
3 196 228 229 224 127 85 0
3 196 229 197 224 127 85 0
3 197 229 230 224 127 85 0
3 197 230 198 224 127 85 0
3 198 230 231 224 127 85 0
3 198 231 199 224 127 85 0
3 199 231 232 224 127 85 0
3 199 232 200 224 127 85 0
3 200 232 233 224 127 85 0
3 200 233 201 224 127 85 0
3 201 233 234 224 127 85 0
3 201 234 202 224 127 85 0
3 202 234 235 224 127 85 0
3 202 235 203 224 127 85 0
3 203 235 236 224 127 85 0
3 203 236 204 224 127 85 0
3 204 236 237 224 127 85 0
3 204 237 205 224 127 85 0
3 205 237 238 224 127 85 0
3 205 238 206 224 127 85 0
3 206 238 239 224 127 85 0
3 206 239 207 224 127 85 0
3 207 239 240 224 127 85 0
3 207 240 208 224 127 85 0
3 208 240 241 224 127 85 0
3 208 241 209 224 127 85 0
3 209 241 242 224 127 85 0
3 209 242 210 224 127 85 0
3 210 242 243 224 127 85 0
3 210 243 211 224 127 85 0
3 211 243 244 224 127 85 0
3 211 244 212 224 127 85 0
3 212 244 245 224 127 85 0
3 212 245 213 224 127 85 0
3 213 245 246 224 127 85 0
3 213 246 214 224 127 85 0
3 214 246 247 224 127 85 0
3 214 247 215 224 127 85 0
3 215 247 248 224 127 85 0
3 215 248 216 224 127 85 0
3 216 248 249 224 127 85 0
3 216 249 217 224 127 85 0
3 217 249 250 224 127 85 0
3 217 250 218 224 127 85 0
3 218 250 251 224 127 85 0
3 218 251 219 224 127 85 0
3 219 251 252 224 127 85 0
3 219 252 220 224 127 85 0
3 220 252 253 224 127 85 0
3 220 253 221 224 127 85 0
3 221 253 254 224 127 85 0
3 221 254 222 224 127 85 0
3 222 254 255 224 127 85 0
3 222 255 223 224 127 85 0
3 223 255 224 224 127 85 0
3 223 224 192 224 127 85 0
3 224 256 257 224 127 85 0
3 224 257 225 224 127 85 0
3 225 257 258 224 127 85 0
3 225 258 226 224 127 85 0
3 226 258 259 224 127 85 0
3 226 259 227 224 127 85 0
3 227 259 260 224 127 85 0
3 227 260 228 224 127 85 0
3 228 260 261 224 127 85 0
3 228 261 229 224 127 85 0
3 229 261 262 224 127 85 0
3 229 262 230 224 127 85 0
3 230 262 263 224 127 85 0
3 230 263 231 224 127 85 0
3 231 263 264 224 127 85 0
3 231 264 232 224 127 85 0
3 232 264 265 224 127 85 0
3 232 265 233 224 127 85 0
3 233 265 266 224 127 85 0
3 233 266 234 224 127 85 0
3 234 266 267 224 127 85 0
3 234 267 235 224 127 85 0
3 235 267 268 224 127 85 0
3 235 268 236 224 127 85 0
3 236 268 269 224 127 85 0
3 236 269 237 224 127 85 0
3 237 269 270 224 127 85 0
3 237 270 238 224 127 85 0
3 238 270 271 224 127 85 0
3 238 271 239 224 127 85 0
3 239 271 272 224 127 85 0
3 239 272 240 224 127 85 0
3 240 272 273 224 127 85 0
3 240 273 241 224 127 85 0
3 241 273 274 224 127 85 0
3 241 274 242 224 127 85 0
3 242 274 275 224 127 85 0
3 242 275 243 224 127 85 0
3 243 275 276 224 127 85 0
3 243 276 244 224 127 85 0
3 244 276 277 224 127 85 0
3 244 277 245 224 127 85 0
3 245 277 278 224 127 85 0
3 245 278 246 224 127 85 0
3 246 278 279 224 127 85 0
3 246 279 247 224 127 85 0
3 247 279 280 224 127 85 0
3 247 280 248 224 127 85 0
3 248 280 281 224 127 85 0
3 248 281 249 224 127 85 0
3 249 281 282 224 127 85 0
3 249 282 250 224 127 85 0
3 250 282 283 224 127 85 0
3 250 283 251 224 127 85 0
3 251 283 284 224 127 85 0
3 251 284 252 224 127 85 0
3 252 284 285 224 127 85 0
3 252 285 253 224 127 85 0
3 253 285 286 224 127 85 0
3 253 286 254 224 127 85 0
3 254 286 287 224 127 85 0
3 254 287 255 224 127 85 0
3 255 287 256 224 127 85 0
3 255 256 224 224 127 85 0
3 256 288 289 224 127 85 0
3 256 289 257 224 127 85 0
3 257 289 290 224 127 85 0
3 257 290 258 224 127 85 0
3 258 290 291 224 127 85 0
3 258 291 259 224 127 85 0
3 259 291 292 224 127 85 0
3 259 292 260 224 127 85 0
3 260 292 293 224 127 85 0
3 260 293 261 224 127 85 0
3 261 293 294 224 127 85 0
3 261 294 262 224 127 85 0
3 262 294 295 224 127 85 0
3 262 295 263 224 127 85 0
3 263 295 296 224 127 85 0
3 263 296 264 224 127 85 0
3 264 296 297 224 127 85 0
3 264 297 265 224 127 85 0
3 265 297 298 224 127 85 0
3 265 298 266 224 127 85 0
3 266 298 299 224 127 85 0
3 266 299 267 224 127 85 0
3 267 299 300 224 127 85 0
3 267 300 268 224 127 85 0
3 268 300 301 224 127 85 0
3 268 301 269 224 127 85 0
3 269 301 302 224 127 85 0
3 269 302 270 224 127 85 0
3 270 302 303 224 127 85 0
3 270 303 271 224 127 85 0
3 271 303 304 224 127 85 0
3 271 304 272 224 127 85 0
3 272 304 305 224 127 85 0
3 272 305 273 224 127 85 0
3 273 305 306 224 127 85 0
3 273 306 274 224 127 85 0
3 274 306 307 224 127 85 0
3 274 307 275 224 127 85 0
3 275 307 308 224 127 85 0
3 275 308 276 224 127 85 0
3 276 308 309 224 127 85 0
3 276 309 277 224 127 85 0
3 277 309 310 224 127 85 0
3 277 310 278 224 127 85 0
3 278 310 311 224 127 85 0
3 278 311 279 224 127 85 0
3 279 311 312 224 127 85 0
3 279 312 280 224 127 85 0
3 280 312 313 224 127 85 0
3 280 313 281 224 127 85 0
3 281 313 314 224 127 85 0
3 281 314 282 224 127 85 0
3 282 314 315 224 127 85 0
3 282 315 283 224 127 85 0
3 283 315 316 224 127 85 0
3 283 316 284 224 127 85 0
3 284 316 317 224 127 85 0
3 284 317 285 224 127 85 0
3 285 317 318 224 127 85 0
3 285 318 286 224 127 85 0
3 286 318 319 224 127 85 0
3 286 319 287 224 127 85 0
3 287 319 288 224 127 85 0
3 287 288 256 224 127 85 0
3 288 320 321 224 127 85 0
3 288 321 289 224 127 85 0
3 289 321 322 224 127 85 0
3 289 322 290 224 127 85 0
3 290 322 323 224 127 85 0
3 290 323 291 224 127 85 0
3 291 323 324 224 127 85 0
3 291 324 292 224 127 85 0
3 292 324 325 224 127 85 0
3 292 325 293 224 127 85 0
3 293 325 326 224 127 85 0
3 293 326 294 224 127 85 0
3 294 326 327 224 127 85 0
3 294 327 295 224 127 85 0
3 295 327 328 224 127 85 0
3 295 328 296 224 127 85 0
3 296 328 329 224 127 85 0
3 296 329 297 224 127 85 0
3 297 329 330 224 127 85 0
3 297 330 298 224 127 85 0
3 298 330 331 224 127 85 0
3 298 331 299 224 127 85 0
3 299 331 332 224 127 85 0
3 299 332 300 224 127 85 0
3 300 332 333 224 127 85 0
3 300 333 301 224 127 85 0
3 301 333 334 224 127 85 0
3 301 334 302 224 127 85 0
3 302 334 335 224 127 85 0
3 302 335 303 224 127 85 0
3 303 335 336 224 127 85 0
3 303 336 304 224 127 85 0
3 304 336 337 224 127 85 0
3 304 337 305 224 127 85 0
3 305 337 338 224 127 85 0
3 305 338 306 224 127 85 0
3 306 338 339 224 127 85 0
3 306 339 307 224 127 85 0
3 307 339 340 224 127 85 0
3 307 340 308 224 127 85 0
3 308 340 341 224 127 85 0
3 308 341 309 224 127 85 0
3 309 341 342 224 127 85 0
3 309 342 310 224 127 85 0
3 310 342 343 224 127 85 0
3 310 343 311 224 127 85 0
3 311 343 344 224 127 85 0
3 311 344 312 224 127 85 0
3 312 344 345 224 127 85 0
3 312 345 313 224 127 85 0
3 313 345 346 224 127 85 0
3 313 346 314 224 127 85 0
3 314 346 347 224 127 85 0
3 314 347 315 224 127 85 0
3 315 347 348 224 127 85 0
3 315 348 316 224 127 85 0
3 316 348 349 224 127 85 0
3 316 349 317 224 127 85 0
3 317 349 350 224 127 85 0
3 317 350 318 224 127 85 0
3 318 350 351 224 127 85 0
3 318 351 319 224 127 85 0
3 319 351 320 224 127 85 0
3 319 320 288 224 127 85 0
3 320 352 353 224 127 85 0
3 320 353 321 224 127 85 0
3 321 353 354 224 127 85 0
3 321 354 322 224 127 85 0
3 322 354 355 224 127 85 0
3 322 355 323 224 127 85 0
3 323 355 356 224 127 85 0
3 323 356 324 224 127 85 0
3 324 356 357 224 127 85 0
3 324 357 325 224 127 85 0
3 325 357 358 224 127 85 0
3 325 358 326 224 127 85 0
3 326 358 359 224 127 85 0
3 326 359 327 224 127 85 0
3 327 359 360 224 127 85 0
3 327 360 328 224 127 85 0
3 328 360 361 224 127 85 0
3 328 361 329 224 127 85 0
3 329 361 362 224 127 85 0
3 329 362 330 224 127 85 0
3 330 362 363 224 127 85 0
3 330 363 331 224 127 85 0
3 331 363 364 224 127 85 0
3 331 364 332 224 127 85 0
3 332 364 365 224 127 85 0
3 332 365 333 224 127 85 0
3 333 365 366 224 127 85 0
3 333 366 334 224 127 85 0
3 334 366 367 224 127 85 0
3 334 367 335 224 127 85 0
3 335 367 368 224 127 85 0
3 335 368 336 224 127 85 0
3 336 368 369 224 127 85 0
3 336 369 337 224 127 85 0
3 337 369 370 224 127 85 0
3 337 370 338 224 127 85 0
3 338 370 371 224 127 85 0
3 338 371 339 224 127 85 0
3 339 371 372 224 127 85 0
3 339 372 340 224 127 85 0
3 340 372 373 224 127 85 0
3 340 373 341 224 127 85 0
3 341 373 374 224 127 85 0
3 341 374 342 224 127 85 0
3 342 374 375 224 127 85 0
3 342 375 343 224 127 85 0
3 343 375 376 224 127 85 0
3 343 376 344 224 127 85 0
3 344 376 377 224 127 85 0
3 344 377 345 224 127 85 0
3 345 377 378 224 127 85 0
3 345 378 346 224 127 85 0
3 346 378 379 224 127 85 0
3 346 379 347 224 127 85 0
3 347 379 380 224 127 85 0
3 347 380 348 224 127 85 0
3 348 380 381 224 127 85 0
3 348 381 349 224 127 85 0
3 349 381 382 224 127 85 0
3 349 382 350 224 127 85 0
3 350 382 383 224 127 85 0
3 350 383 351 224 127 85 0
3 351 383 352 224 127 85 0
3 351 352 320 224 127 85 0
3 352 384 385 224 127 85 0
3 352 385 353 224 127 85 0
3 353 385 386 224 127 85 0
3 353 386 354 224 127 85 0
3 354 386 387 224 127 85 0
3 354 387 355 224 127 85 0
3 355 387 388 224 127 85 0
3 355 388 356 224 127 85 0
3 356 388 389 224 127 85 0
3 356 389 357 224 127 85 0
3 357 389 390 224 127 85 0
3 357 390 358 224 127 85 0
3 358 390 391 224 127 85 0
3 358 391 359 224 127 85 0
3 359 391 392 224 127 85 0
3 359 392 360 224 127 85 0
3 360 392 393 224 127 85 0
3 360 393 361 224 127 85 0
3 361 393 394 224 127 85 0
3 361 394 362 224 127 85 0
3 362 394 395 224 127 85 0
3 362 395 363 224 127 85 0
3 363 395 396 224 127 85 0
3 363 396 364 224 127 85 0
3 364 396 397 224 127 85 0
3 364 397 365 224 127 85 0
3 365 397 398 224 127 85 0
3 365 398 366 224 127 85 0
3 366 398 399 224 127 85 0
3 366 399 367 224 127 85 0
3 367 399 400 224 127 85 0
3 367 400 368 224 127 85 0
3 368 400 401 224 127 85 0
3 368 401 369 224 127 85 0
3 369 401 402 224 127 85 0
3 369 402 370 224 127 85 0
3 370 402 403 224 127 85 0
3 370 403 371 224 127 85 0
3 371 403 404 224 127 85 0
3 371 404 372 224 127 85 0
3 372 404 405 224 127 85 0
3 372 405 373 224 127 85 0
3 373 405 406 224 127 85 0
3 373 406 374 224 127 85 0
3 374 406 407 224 127 85 0
3 374 407 375 224 127 85 0
3 375 407 408 224 127 85 0
3 375 408 376 224 127 85 0
3 376 408 409 224 127 85 0
3 376 409 377 224 127 85 0
3 377 409 410 224 127 85 0
3 377 410 378 224 127 85 0
3 378 410 411 224 127 85 0
3 378 411 379 224 127 85 0
3 379 411 412 224 127 85 0
3 379 412 380 224 127 85 0
3 380 412 413 224 127 85 0
3 380 413 381 224 127 85 0
3 381 413 414 224 127 85 0
3 381 414 382 224 127 85 0
3 382 414 415 224 127 85 0
3 382 415 383 224 127 85 0
3 383 415 384 224 127 85 0
3 383 384 352 224 127 85 0
3 384 416 417 224 127 85 0
3 384 417 385 224 127 85 0
3 385 417 418 224 127 85 0
3 385 418 386 224 127 85 0
3 386 418 419 224 127 85 0
3 386 419 387 224 127 85 0
3 387 419 420 224 127 85 0
3 387 420 388 224 127 85 0
3 388 420 421 224 127 85 0
3 388 421 389 224 127 85 0
3 389 421 422 224 127 85 0
3 389 422 390 224 127 85 0
3 390 422 423 224 127 85 0
3 390 423 391 224 127 85 0
3 391 423 424 224 127 85 0
3 391 424 392 224 127 85 0
3 392 424 425 224 127 85 0
3 392 425 393 224 127 85 0
3 393 425 426 224 127 85 0
3 393 426 394 224 127 85 0
3 394 426 427 224 127 85 0
3 394 427 395 224 127 85 0
3 395 427 428 224 127 85 0
3 395 428 396 224 127 85 0
3 396 428 429 224 127 85 0
3 396 429 397 224 127 85 0
3 397 429 430 224 127 85 0
3 397 430 398 224 127 85 0
3 398 430 431 224 127 85 0
3 398 431 399 224 127 85 0
3 399 431 432 224 127 85 0
3 399 432 400 224 127 85 0
3 400 432 433 224 127 85 0
3 400 433 401 224 127 85 0
3 401 433 434 224 127 85 0
3 401 434 402 224 127 85 0
3 402 434 435 224 127 85 0
3 402 435 403 224 127 85 0
3 403 435 436 224 127 85 0
3 403 436 404 224 127 85 0
3 404 436 437 224 127 85 0
3 404 437 405 224 127 85 0
3 405 437 438 224 127 85 0
3 405 438 406 224 127 85 0
3 406 438 439 224 127 85 0
3 406 439 407 224 127 85 0
3 407 439 440 224 127 85 0
3 407 440 408 224 127 85 0
3 408 440 441 224 127 85 0
3 408 441 409 224 127 85 0
3 409 441 442 224 127 85 0
3 409 442 410 224 127 85 0
3 410 442 443 224 127 85 0
3 410 443 411 224 127 85 0
3 411 443 444 224 127 85 0
3 411 444 412 224 127 85 0
3 412 444 445 224 127 85 0
3 412 445 413 224 127 85 0
3 413 445 446 224 127 85 0
3 413 446 414 224 127 85 0
3 414 446 447 224 127 85 0
3 414 447 415 224 127 85 0
3 415 447 416 224 127 85 0
3 415 416 384 224 127 85 0
3 416 448 449 224 127 85 0
3 416 449 417 224 127 85 0
3 417 449 450 224 127 85 0
3 417 450 418 224 127 85 0
3 418 450 451 224 127 85 0
3 418 451 419 224 127 85 0
3 419 451 452 224 127 85 0
3 419 452 420 224 127 85 0
3 420 452 453 224 127 85 0
3 420 453 421 224 127 85 0
3 421 453 454 224 127 85 0
3 421 454 422 224 127 85 0
3 422 454 455 224 127 85 0
3 422 455 423 224 127 85 0
3 423 455 456 224 127 85 0
3 423 456 424 224 127 85 0
3 424 456 457 224 127 85 0
3 424 457 425 224 127 85 0
3 425 457 458 224 127 85 0
3 425 458 426 224 127 85 0
3 426 458 459 224 127 85 0
3 426 459 427 224 127 85 0
3 427 459 460 224 127 85 0
3 427 460 428 224 127 85 0
3 428 460 461 224 127 85 0
3 428 461 429 224 127 85 0
3 429 461 462 224 127 85 0
3 429 462 430 224 127 85 0
3 430 462 463 224 127 85 0
3 430 463 431 224 127 85 0
3 431 463 464 224 127 85 0
3 431 464 432 224 127 85 0
3 432 464 465 224 127 85 0
3 432 465 433 224 127 85 0
3 433 465 466 224 127 85 0
3 433 466 434 224 127 85 0
3 434 466 467 224 127 85 0
3 434 467 435 224 127 85 0
3 435 467 468 224 127 85 0
3 435 468 436 224 127 85 0
3 436 468 469 224 127 85 0
3 436 469 437 224 127 85 0
3 437 469 470 224 127 85 0
3 437 470 438 224 127 85 0
3 438 470 471 224 127 85 0
3 438 471 439 224 127 85 0
3 439 471 472 224 127 85 0
3 439 472 440 224 127 85 0
3 440 472 473 224 127 85 0
3 440 473 441 224 127 85 0
3 441 473 474 224 127 85 0
3 441 474 442 224 127 85 0
3 442 474 475 224 127 85 0
3 442 475 443 224 127 85 0
3 443 475 476 224 127 85 0
3 443 476 444 224 127 85 0
3 444 476 477 224 127 85 0
3 444 477 445 224 127 85 0
3 445 477 478 224 127 85 0
3 445 478 446 224 127 85 0
3 446 478 479 224 127 85 0
3 446 479 447 224 127 85 0
3 447 479 448 224 127 85 0
3 447 448 416 224 127 85 0
3 448 480 481 224 127 85 0
3 448 481 449 224 127 85 0
3 449 481 482 224 127 85 0
3 449 482 450 224 127 85 0
3 450 482 483 224 127 85 0
3 450 483 451 224 127 85 0
3 451 483 484 224 127 85 0
3 451 484 452 224 127 85 0
3 452 484 485 224 127 85 0
3 452 485 453 224 127 85 0
3 453 485 486 224 127 85 0
3 453 486 454 224 127 85 0
3 454 486 487 224 127 85 0
3 454 487 455 224 127 85 0
3 455 487 488 224 127 85 0
3 455 488 456 224 127 85 0
3 456 488 489 224 127 85 0
3 456 489 457 224 127 85 0
3 457 489 490 224 127 85 0
3 457 490 458 224 127 85 0
3 458 490 491 224 127 85 0
3 458 491 459 224 127 85 0
3 459 491 492 224 127 85 0
3 459 492 460 224 127 85 0
3 460 492 493 224 127 85 0
3 460 493 461 224 127 85 0
3 461 493 494 224 127 85 0
3 461 494 462 224 127 85 0
3 462 494 495 224 127 85 0
3 462 495 463 224 127 85 0
3 463 495 496 224 127 85 0
3 463 496 464 224 127 85 0
3 464 496 497 224 127 85 0
3 464 497 465 224 127 85 0
3 465 497 498 224 127 85 0
3 465 498 466 224 127 85 0
3 466 498 499 224 127 85 0
3 466 499 467 224 127 85 0
3 467 499 500 224 127 85 0
3 467 500 468 224 127 85 0
3 468 500 501 224 127 85 0
3 468 501 469 224 127 85 0
3 469 501 502 224 127 85 0
3 469 502 470 224 127 85 0
3 470 502 503 224 127 85 0
3 470 503 471 224 127 85 0
3 471 503 504 224 127 85 0
3 471 504 472 224 127 85 0
3 472 504 505 224 127 85 0
3 472 505 473 224 127 85 0
3 473 505 506 224 127 85 0
3 473 506 474 224 127 85 0
3 474 506 507 224 127 85 0
3 474 507 475 224 127 85 0
3 475 507 508 224 127 85 0
3 475 508 476 224 127 85 0
3 476 508 509 224 127 85 0
3 476 509 477 224 127 85 0
3 477 509 510 224 127 85 0
3 477 510 478 224 127 85 0
3 478 510 511 224 127 85 0
3 478 511 479 224 127 85 0
3 479 511 480 224 127 85 0
3 479 480 448 224 127 85 0
3 480 512 513 224 127 85 0
3 480 513 481 224 127 85 0
3 481 513 514 224 127 85 0
3 481 514 482 224 127 85 0
3 482 514 515 224 127 85 0
3 482 515 483 224 127 85 0
3 483 515 516 224 127 85 0
3 483 516 484 224 127 85 0
3 484 516 517 224 127 85 0
3 484 517 485 224 127 85 0
3 485 517 518 224 127 85 0
3 485 518 486 224 127 85 0
3 486 518 519 224 127 85 0
3 486 519 487 224 127 85 0
3 487 519 520 224 127 85 0
3 487 520 488 224 127 85 0
3 488 520 521 224 127 85 0
3 488 521 489 224 127 85 0
3 489 521 522 224 127 85 0
3 489 522 490 224 127 85 0
3 490 522 523 224 127 85 0
3 490 523 491 224 127 85 0
3 491 523 524 224 127 85 0
3 491 524 492 224 127 85 0
3 492 524 525 224 127 85 0
3 492 525 493 224 127 85 0
3 493 525 526 224 127 85 0
3 493 526 494 224 127 85 0
3 494 526 527 224 127 85 0
3 494 527 495 224 127 85 0
3 495 527 528 224 127 85 0
3 495 528 496 224 127 85 0
3 496 528 529 224 127 85 0
3 496 529 497 224 127 85 0
3 497 529 530 224 127 85 0
3 497 530 498 224 127 85 0
3 498 530 531 224 127 85 0
3 498 531 499 224 127 85 0
3 499 531 532 224 127 85 0
3 499 532 500 224 127 85 0
3 500 532 533 224 127 85 0
3 500 533 501 224 127 85 0
3 501 533 534 224 127 85 0
3 501 534 502 224 127 85 0
3 502 534 535 224 127 85 0
3 502 535 503 224 127 85 0
3 503 535 536 224 127 85 0
3 503 536 504 224 127 85 0
3 504 536 537 224 127 85 0
3 504 537 505 224 127 85 0
3 505 537 538 224 127 85 0
3 505 538 506 224 127 85 0
3 506 538 539 224 127 85 0
3 506 539 507 224 127 85 0
3 507 539 540 224 127 85 0
3 507 540 508 224 127 85 0
3 508 540 541 224 127 85 0
3 508 541 509 224 127 85 0
3 509 541 542 224 127 85 0
3 509 542 510 224 127 85 0
3 510 542 543 224 127 85 0
3 510 543 511 224 127 85 0
3 511 543 512 224 127 85 0
3 511 512 480 224 127 85 0
3 512 544 545 224 127 85 0
3 512 545 513 224 127 85 0
3 513 545 546 224 127 85 0
3 513 546 514 224 127 85 0
3 514 546 547 224 127 85 0
3 514 547 515 224 127 85 0
3 515 547 548 224 127 85 0
3 515 548 516 224 127 85 0
3 516 548 549 224 127 85 0
3 516 549 517 224 127 85 0
3 517 549 550 224 127 85 0
3 517 550 518 224 127 85 0
3 518 550 551 224 127 85 0
3 518 551 519 224 127 85 0
3 519 551 552 224 127 85 0
3 519 552 520 224 127 85 0
3 520 552 553 224 127 85 0
3 520 553 521 224 127 85 0
3 521 553 554 224 127 85 0
3 521 554 522 224 127 85 0
3 522 554 555 224 127 85 0
3 522 555 523 224 127 85 0
3 523 555 556 224 127 85 0
3 523 556 524 224 127 85 0
3 524 556 557 224 127 85 0
3 524 557 525 224 127 85 0
3 525 557 558 224 127 85 0
3 525 558 526 224 127 85 0
3 526 558 559 224 127 85 0
3 526 559 527 224 127 85 0
3 527 559 560 224 127 85 0
3 527 560 528 224 127 85 0
3 528 560 561 224 127 85 0
3 528 561 529 224 127 85 0
3 529 561 562 224 127 85 0
3 529 562 530 224 127 85 0
3 530 562 563 224 127 85 0
3 530 563 531 224 127 85 0
3 531 563 564 224 127 85 0
3 531 564 532 224 127 85 0
3 532 564 565 224 127 85 0
3 532 565 533 224 127 85 0
3 533 565 566 224 127 85 0
3 533 566 534 224 127 85 0
3 534 566 567 224 127 85 0
3 534 567 535 224 127 85 0
3 535 567 568 224 127 85 0
3 535 568 536 224 127 85 0
3 536 568 569 224 127 85 0
3 536 569 537 224 127 85 0
3 537 569 570 224 127 85 0
3 537 570 538 224 127 85 0
3 538 570 571 224 127 85 0
3 538 571 539 224 127 85 0
3 539 571 572 224 127 85 0
3 539 572 540 224 127 85 0
3 540 572 573 224 127 85 0
3 540 573 541 224 127 85 0
3 541 573 574 224 127 85 0
3 541 574 542 224 127 85 0
3 542 574 575 224 127 85 0
3 542 575 543 224 127 85 0
3 543 575 544 224 127 85 0
3 543 544 512 224 127 85 0
3 544 576 577 224 127 85 0
3 544 577 545 224 127 85 0
3 545 577 578 224 127 85 0
3 545 578 546 224 127 85 0
3 546 578 579 224 127 85 0
3 546 579 547 224 127 85 0
3 547 579 580 224 127 85 0
3 547 580 548 224 127 85 0
3 548 580 581 224 127 85 0
3 548 581 549 224 127 85 0
3 549 581 582 224 127 85 0
3 549 582 550 224 127 85 0
3 550 582 583 224 127 85 0
3 550 583 551 224 127 85 0
3 551 583 584 224 127 85 0
3 551 584 552 224 127 85 0
3 552 584 585 224 127 85 0
3 552 585 553 224 127 85 0
3 553 585 586 224 127 85 0
3 553 586 554 224 127 85 0
3 554 586 587 224 127 85 0
3 554 587 555 224 127 85 0
3 555 587 588 224 127 85 0
3 555 588 556 224 127 85 0
3 556 588 589 224 127 85 0
3 556 589 557 224 127 85 0
3 557 589 590 224 127 85 0
3 557 590 558 224 127 85 0
3 558 590 591 224 127 85 0
3 558 591 559 224 127 85 0
3 559 591 592 224 127 85 0
3 559 592 560 224 127 85 0
3 560 592 593 224 127 85 0
3 560 593 561 224 127 85 0
3 561 593 594 224 127 85 0
3 561 594 562 224 127 85 0
3 562 594 595 224 127 85 0
3 562 595 563 224 127 85 0
3 563 595 596 224 127 85 0
3 563 596 564 224 127 85 0
3 564 596 597 224 127 85 0
3 564 597 565 224 127 85 0
3 565 597 598 224 127 85 0
3 565 598 566 224 127 85 0
3 566 598 599 224 127 85 0
3 566 599 567 224 127 85 0
3 567 599 600 224 127 85 0
3 567 600 568 224 127 85 0
3 568 600 601 224 127 85 0
3 568 601 569 224 127 85 0
3 569 601 602 224 127 85 0
3 569 602 570 224 127 85 0
3 570 602 603 224 127 85 0
3 570 603 571 224 127 85 0
3 571 603 604 224 127 85 0
3 571 604 572 224 127 85 0
3 572 604 605 224 127 85 0
3 572 605 573 224 127 85 0
3 573 605 606 224 127 85 0
3 573 606 574 224 127 85 0
3 574 606 607 224 127 85 0
3 574 607 575 224 127 85 0
3 575 607 576 224 127 85 0
3 575 576 544 224 127 85 0
3 576 608 609 224 127 85 0
3 576 609 577 224 127 85 0
3 577 609 610 224 127 85 0
3 577 610 578 224 127 85 0
3 578 610 611 224 127 85 0
3 578 611 579 224 127 85 0
3 579 611 612 224 127 85 0
3 579 612 580 224 127 85 0
3 580 612 613 224 127 85 0
3 580 613 581 224 127 85 0
3 581 613 614 224 127 85 0
3 581 614 582 224 127 85 0
3 582 614 615 224 127 85 0
3 582 615 583 224 127 85 0
3 583 615 616 224 127 85 0
3 583 616 584 224 127 85 0
3 584 616 617 224 127 85 0
3 584 617 585 224 127 85 0
3 585 617 618 224 127 85 0
3 585 618 586 224 127 85 0
3 586 618 619 224 127 85 0
3 586 619 587 224 127 85 0
3 587 619 620 224 127 85 0
3 587 620 588 224 127 85 0
3 588 620 621 224 127 85 0
3 588 621 589 224 127 85 0
3 589 621 622 224 127 85 0
3 589 622 590 224 127 85 0
3 590 622 623 224 127 85 0
3 590 623 591 224 127 85 0
3 591 623 624 224 127 85 0
3 591 624 592 224 127 85 0
3 592 624 625 224 127 85 0
3 592 625 593 224 127 85 0
3 593 625 626 224 127 85 0
3 593 626 594 224 127 85 0
3 594 626 627 224 127 85 0
3 594 627 595 224 127 85 0
3 595 627 628 224 127 85 0
3 595 628 596 224 127 85 0
3 596 628 629 224 127 85 0
3 596 629 597 224 127 85 0
3 597 629 630 224 127 85 0
3 597 630 598 224 127 85 0
3 598 630 631 224 127 85 0
3 598 631 599 224 127 85 0
3 599 631 632 224 127 85 0
3 599 632 600 224 127 85 0
3 600 632 633 224 127 85 0
3 600 633 601 224 127 85 0
3 601 633 634 224 127 85 0
3 601 634 602 224 127 85 0
3 602 634 635 224 127 85 0
3 602 635 603 224 127 85 0
3 603 635 636 224 127 85 0
3 603 636 604 224 127 85 0
3 604 636 637 224 127 85 0
3 604 637 605 224 127 85 0
3 605 637 638 224 127 85 0
3 605 638 606 224 127 85 0
3 606 638 639 224 127 85 0
3 606 639 607 224 127 85 0
3 607 639 608 224 127 85 0
3 607 608 576 224 127 85 0
3 608 640 641 224 127 85 0
3 608 641 609 224 127 85 0
3 609 641 642 224 127 85 0
3 609 642 610 224 127 85 0
3 610 642 643 224 127 85 0
3 610 643 611 224 127 85 0
3 611 643 644 224 127 85 0
3 611 644 612 224 127 85 0
3 612 644 645 224 127 85 0
3 612 645 613 224 127 85 0
3 613 645 646 224 127 85 0
3 613 646 614 224 127 85 0
3 614 646 647 224 127 85 0
3 614 647 615 224 127 85 0
3 615 647 648 224 127 85 0
3 615 648 616 224 127 85 0
3 616 648 649 224 127 85 0
3 616 649 617 224 127 85 0
3 617 649 650 224 127 85 0
3 617 650 618 224 127 85 0
3 618 650 651 224 127 85 0
3 618 651 619 224 127 85 0
3 619 651 652 224 127 85 0
3 619 652 620 224 127 85 0
3 620 652 653 224 127 85 0
3 620 653 621 224 127 85 0
3 621 653 654 224 127 85 0
3 621 654 622 224 127 85 0
3 622 654 655 224 127 85 0
3 622 655 623 224 127 85 0
3 623 655 656 224 127 85 0
3 623 656 624 224 127 85 0
3 624 656 657 224 127 85 0
3 624 657 625 224 127 85 0
3 625 657 658 224 127 85 0
3 625 658 626 224 127 85 0
3 626 658 659 224 127 85 0
3 626 659 627 224 127 85 0
3 627 659 660 224 127 85 0
3 627 660 628 224 127 85 0
3 628 660 661 224 127 85 0
3 628 661 629 224 127 85 0
3 629 661 662 224 127 85 0
3 629 662 630 224 127 85 0
3 630 662 663 224 127 85 0
3 630 663 631 224 127 85 0
3 631 663 664 224 127 85 0
3 631 664 632 224 127 85 0
3 632 664 665 224 127 85 0
3 632 665 633 224 127 85 0
3 633 665 666 224 127 85 0
3 633 666 634 224 127 85 0
3 634 666 667 224 127 85 0
3 634 667 635 224 127 85 0
3 635 667 668 224 127 85 0
3 635 668 636 224 127 85 0
3 636 668 669 224 127 85 0
3 636 669 637 224 127 85 0
3 637 669 670 224 127 85 0
3 637 670 638 224 127 85 0
3 638 670 671 224 127 85 0
3 638 671 639 224 127 85 0
3 639 671 640 224 127 85 0
3 639 640 608 224 127 85 0
3 640 672 673 224 127 85 0
3 640 673 641 224 127 85 0
3 641 673 674 224 127 85 0
3 641 674 642 224 127 85 0
3 642 674 675 224 127 85 0
3 642 675 643 224 127 85 0
3 643 675 676 224 127 85 0
3 643 676 644 224 127 85 0
3 644 676 677 224 127 85 0
3 644 677 645 224 127 85 0
3 645 677 678 224 127 85 0
3 645 678 646 224 127 85 0
3 646 678 679 224 127 85 0
3 646 679 647 224 127 85 0
3 647 679 680 224 127 85 0
3 647 680 648 224 127 85 0
3 648 680 681 224 127 85 0
3 648 681 649 224 127 85 0
3 649 681 682 224 127 85 0
3 649 682 650 224 127 85 0
3 650 682 683 224 127 85 0
3 650 683 651 224 127 85 0
3 651 683 684 224 127 85 0
3 651 684 652 224 127 85 0
3 652 684 685 224 127 85 0
3 652 685 653 224 127 85 0
3 653 685 686 224 127 85 0
3 653 686 654 224 127 85 0
3 654 686 687 224 127 85 0
3 654 687 655 224 127 85 0
3 655 687 688 224 127 85 0
3 655 688 656 224 127 85 0
3 656 688 689 224 127 85 0
3 656 689 657 224 127 85 0
3 657 689 690 224 127 85 0
3 657 690 658 224 127 85 0
3 658 690 691 224 127 85 0
3 658 691 659 224 127 85 0
3 659 691 692 224 127 85 0
3 659 692 660 224 127 85 0
3 660 692 693 224 127 85 0
3 660 693 661 224 127 85 0
3 661 693 694 224 127 85 0
3 661 694 662 224 127 85 0
3 662 694 695 224 127 85 0
3 662 695 663 224 127 85 0
3 663 695 696 224 127 85 0
3 663 696 664 224 127 85 0
3 664 696 697 224 127 85 0
3 664 697 665 224 127 85 0
3 665 697 698 224 127 85 0
3 665 698 666 224 127 85 0
3 666 698 699 224 127 85 0
3 666 699 667 224 127 85 0
3 667 699 700 224 127 85 0
3 667 700 668 224 127 85 0
3 668 700 701 224 127 85 0
3 668 701 669 224 127 85 0
3 669 701 702 224 127 85 0
3 669 702 670 224 127 85 0
3 670 702 703 224 127 85 0
3 670 703 671 224 127 85 0
3 671 703 672 224 127 85 0
3 671 672 640 224 127 85 0
3 672 704 705 224 127 85 0
3 672 705 673 224 127 85 0
3 673 705 706 224 127 85 0
3 673 706 674 224 127 85 0
3 674 706 707 224 127 85 0
3 674 707 675 224 127 85 0
3 675 707 708 224 127 85 0
3 675 708 676 224 127 85 0
3 676 708 709 224 127 85 0
3 676 709 677 224 127 85 0
3 677 709 710 224 127 85 0
3 677 710 678 224 127 85 0
3 678 710 711 224 127 85 0
3 678 711 679 224 127 85 0
3 679 711 712 224 127 85 0
3 679 712 680 224 127 85 0
3 680 712 713 224 127 85 0
3 680 713 681 224 127 85 0
3 681 713 714 224 127 85 0
3 681 714 682 224 127 85 0
3 682 714 715 224 127 85 0
3 682 715 683 224 127 85 0
3 683 715 716 224 127 85 0
3 683 716 684 224 127 85 0
3 684 716 717 224 127 85 0
3 684 717 685 224 127 85 0
3 685 717 718 224 127 85 0
3 685 718 686 224 127 85 0
3 686 718 719 224 127 85 0
3 686 719 687 224 127 85 0
3 687 719 720 224 127 85 0
3 687 720 688 224 127 85 0
3 688 720 721 224 127 85 0
3 688 721 689 224 127 85 0
3 689 721 722 224 127 85 0
3 689 722 690 224 127 85 0
3 690 722 723 224 127 85 0
3 690 723 691 224 127 85 0
3 691 723 724 224 127 85 0
3 691 724 692 224 127 85 0
3 692 724 725 224 127 85 0
3 692 725 693 224 127 85 0
3 693 725 726 224 127 85 0
3 693 726 694 224 127 85 0
3 694 726 727 224 127 85 0
3 694 727 695 224 127 85 0
3 695 727 728 224 127 85 0
3 695 728 696 224 127 85 0
3 696 728 729 224 127 85 0
3 696 729 697 224 127 85 0
3 697 729 730 224 127 85 0
3 697 730 698 224 127 85 0
3 698 730 731 224 127 85 0
3 698 731 699 224 127 85 0
3 699 731 732 224 127 85 0
3 699 732 700 224 127 85 0
3 700 732 733 224 127 85 0
3 700 733 701 224 127 85 0
3 701 733 734 224 127 85 0
3 701 734 702 224 127 85 0
3 702 734 735 224 127 85 0
3 702 735 703 224 127 85 0
3 703 735 704 224 127 85 0
3 703 704 672 224 127 85 0
3 704 736 737 224 127 85 0
3 704 737 705 224 127 85 0
3 705 737 738 224 127 85 0
3 705 738 706 224 127 85 0
3 706 738 739 224 127 85 0
3 706 739 707 224 127 85 0
3 707 739 740 224 127 85 0
3 707 740 708 224 127 85 0
3 708 740 741 224 127 85 0
3 708 741 709 224 127 85 0
3 709 741 742 224 127 85 0
3 709 742 710 224 127 85 0
3 710 742 743 224 127 85 0
3 710 743 711 224 127 85 0
3 711 743 744 224 127 85 0
3 711 744 712 224 127 85 0
3 712 744 745 224 127 85 0
3 712 745 713 224 127 85 0
3 713 745 746 224 127 85 0
3 713 746 714 224 127 85 0
3 714 746 747 224 127 85 0
3 714 747 715 224 127 85 0
3 715 747 748 224 127 85 0
3 715 748 716 224 127 85 0
3 716 748 749 224 127 85 0
3 716 749 717 224 127 85 0
3 717 749 750 224 127 85 0
3 717 750 718 224 127 85 0
3 718 750 751 224 127 85 0
3 718 751 719 224 127 85 0
3 719 751 752 224 127 85 0
3 719 752 720 224 127 85 0
3 720 752 753 224 127 85 0
3 720 753 721 224 127 85 0
3 721 753 754 224 127 85 0
3 721 754 722 224 127 85 0
3 722 754 755 224 127 85 0
3 722 755 723 224 127 85 0
3 723 755 756 224 127 85 0
3 723 756 724 224 127 85 0
3 724 756 757 224 127 85 0
3 724 757 725 224 127 85 0
3 725 757 758 224 127 85 0
3 725 758 726 224 127 85 0
3 726 758 759 224 127 85 0
3 726 759 727 224 127 85 0
3 727 759 760 224 127 85 0
3 727 760 728 224 127 85 0
3 728 760 761 224 127 85 0
3 728 761 729 224 127 85 0
3 729 761 762 224 127 85 0
3 729 762 730 224 127 85 0
3 730 762 763 224 127 85 0
3 730 763 731 224 127 85 0
3 731 763 764 224 127 85 0
3 731 764 732 224 127 85 0
3 732 764 765 224 127 85 0
3 732 765 733 224 127 85 0
3 733 765 766 224 127 85 0
3 733 766 734 224 127 85 0
3 734 766 767 224 127 85 0
3 734 767 735 224 127 85 0
3 735 767 736 224 127 85 0
3 735 736 704 224 127 85 0
3 736 768 769 224 127 85 0
3 736 769 737 224 127 85 0
3 737 769 770 224 127 85 0
3 737 770 738 224 127 85 0
3 738 770 771 224 127 85 0
3 738 771 739 224 127 85 0
3 739 771 772 224 127 85 0
3 739 772 740 224 127 85 0
3 740 772 773 224 127 85 0
3 740 773 741 224 127 85 0
3 741 773 774 224 127 85 0
3 741 774 742 224 127 85 0
3 742 774 775 224 127 85 0
3 742 775 743 224 127 85 0
3 743 775 776 224 127 85 0
3 743 776 744 224 127 85 0
3 744 776 777 224 127 85 0
3 744 777 745 224 127 85 0
3 745 777 778 224 127 85 0
3 745 778 746 224 127 85 0
3 746 778 779 224 127 85 0
3 746 779 747 224 127 85 0
3 747 779 780 224 127 85 0
3 747 780 748 224 127 85 0
3 748 780 781 224 127 85 0
3 748 781 749 224 127 85 0
3 749 781 782 224 127 85 0
3 749 782 750 224 127 85 0
3 750 782 783 224 127 85 0
3 750 783 751 224 127 85 0
3 751 783 784 224 127 85 0
3 751 784 752 224 127 85 0
3 752 784 785 224 127 85 0
3 752 785 753 224 127 85 0
3 753 785 786 224 127 85 0
3 753 786 754 224 127 85 0
3 754 786 787 224 127 85 0
3 754 787 755 224 127 85 0
3 755 787 788 224 127 85 0
3 755 788 756 224 127 85 0
3 756 788 789 224 127 85 0
3 756 789 757 224 127 85 0
3 757 789 790 224 127 85 0
3 757 790 758 224 127 85 0
3 758 790 791 224 127 85 0
3 758 791 759 224 127 85 0
3 759 791 792 224 127 85 0
3 759 792 760 224 127 85 0
3 760 792 793 224 127 85 0
3 760 793 761 224 127 85 0
3 761 793 794 224 127 85 0
3 761 794 762 224 127 85 0
3 762 794 795 224 127 85 0
3 762 795 763 224 127 85 0
3 763 795 796 224 127 85 0
3 763 796 764 224 127 85 0
3 764 796 797 224 127 85 0
3 764 797 765 224 127 85 0
3 765 797 798 224 127 85 0
3 765 798 766 224 127 85 0
3 766 798 799 224 127 85 0
3 766 799 767 224 127 85 0
3 767 799 768 224 127 85 0
3 767 768 736 224 127 85 0
3 768 800 801 224 127 85 0
3 768 801 769 224 127 85 0
3 769 801 802 224 127 85 0
3 769 802 770 224 127 85 0
3 770 802 803 224 127 85 0
3 770 803 771 224 127 85 0
3 771 803 804 224 127 85 0
3 771 804 772 224 127 85 0
3 772 804 805 224 127 85 0
3 772 805 773 224 127 85 0
3 773 805 806 224 127 85 0
3 773 806 774 224 127 85 0
3 774 806 807 224 127 85 0
3 774 807 775 224 127 85 0
3 775 807 808 224 127 85 0
3 775 808 776 224 127 85 0
3 776 808 809 224 127 85 0
3 776 809 777 224 127 85 0
3 777 809 810 224 127 85 0
3 777 810 778 224 127 85 0
3 778 810 811 224 127 85 0
3 778 811 779 224 127 85 0
3 779 811 812 224 127 85 0
3 779 812 780 224 127 85 0
3 780 812 813 224 127 85 0
3 780 813 781 224 127 85 0
3 781 813 814 224 127 85 0
3 781 814 782 224 127 85 0
3 782 814 815 224 127 85 0
3 782 815 783 224 127 85 0
3 783 815 816 224 127 85 0
3 783 816 784 224 127 85 0
3 784 816 817 224 127 85 0
3 784 817 785 224 127 85 0
3 785 817 818 224 127 85 0
3 785 818 786 224 127 85 0
3 786 818 819 224 127 85 0
3 786 819 787 224 127 85 0
3 787 819 820 224 127 85 0
3 787 820 788 224 127 85 0
3 788 820 821 224 127 85 0
3 788 821 789 224 127 85 0
3 789 821 822 224 127 85 0
3 789 822 790 224 127 85 0
3 790 822 823 224 127 85 0
3 790 823 791 224 127 85 0
3 791 823 824 224 127 85 0
3 791 824 792 224 127 85 0
3 792 824 825 224 127 85 0
3 792 825 793 224 127 85 0
3 793 825 826 224 127 85 0
3 793 826 794 224 127 85 0
3 794 826 827 224 127 85 0
3 794 827 795 224 127 85 0
3 795 827 828 224 127 85 0
3 795 828 796 224 127 85 0
3 796 828 829 224 127 85 0
3 796 829 797 224 127 85 0
3 797 829 830 224 127 85 0
3 797 830 798 224 127 85 0
3 798 830 831 224 127 85 0
3 798 831 799 224 127 85 0
3 799 831 800 224 127 85 0
3 799 800 768 224 127 85 0
3 800 832 833 224 127 85 0
3 800 833 801 224 127 85 0
3 801 833 834 224 127 85 0
3 801 834 802 224 127 85 0
3 802 834 835 224 127 85 0
3 802 835 803 224 127 85 0
3 803 835 836 224 127 85 0
3 803 836 804 224 127 85 0
3 804 836 837 224 127 85 0
3 804 837 805 224 127 85 0
3 805 837 838 224 127 85 0
3 805 838 806 224 127 85 0
3 806 838 839 224 127 85 0
3 806 839 807 224 127 85 0
3 807 839 840 224 127 85 0
3 807 840 808 224 127 85 0
3 808 840 841 224 127 85 0
3 808 841 809 224 127 85 0
3 809 841 842 224 127 85 0
3 809 842 810 224 127 85 0
3 810 842 843 224 127 85 0
3 810 843 811 224 127 85 0
3 811 843 844 224 127 85 0
3 811 844 812 224 127 85 0
3 812 844 845 224 127 85 0
3 812 845 813 224 127 85 0
3 813 845 846 224 127 85 0
3 813 846 814 224 127 85 0
3 814 846 847 224 127 85 0
3 814 847 815 224 127 85 0
3 815 847 848 224 127 85 0
3 815 848 816 224 127 85 0
3 816 848 849 224 127 85 0
3 816 849 817 224 127 85 0
3 817 849 850 224 127 85 0
3 817 850 818 224 127 85 0
3 818 850 851 224 127 85 0
3 818 851 819 224 127 85 0
3 819 851 852 224 127 85 0
3 819 852 820 224 127 85 0
3 820 852 853 224 127 85 0
3 820 853 821 224 127 85 0
3 821 853 854 224 127 85 0
3 821 854 822 224 127 85 0
3 822 854 855 224 127 85 0
3 822 855 823 224 127 85 0
3 823 855 856 224 127 85 0
3 823 856 824 224 127 85 0
3 824 856 857 224 127 85 0
3 824 857 825 224 127 85 0
3 825 857 858 224 127 85 0
3 825 858 826 224 127 85 0
3 826 858 859 224 127 85 0
3 826 859 827 224 127 85 0
3 827 859 860 224 127 85 0
3 827 860 828 224 127 85 0
3 828 860 861 224 127 85 0
3 828 861 829 224 127 85 0
3 829 861 862 224 127 85 0
3 829 862 830 224 127 85 0
3 830 862 863 224 127 85 0
3 830 863 831 224 127 85 0
3 831 863 832 224 127 85 0
3 831 832 800 224 127 85 0
3 832 864 865 224 127 85 0
3 832 865 833 224 127 85 0
3 833 865 866 224 127 85 0
3 833 866 834 224 127 85 0
3 834 866 867 224 127 85 0
3 834 867 835 224 127 85 0
3 835 867 868 224 127 85 0
3 835 868 836 224 127 85 0
3 836 868 869 224 127 85 0
3 836 869 837 224 127 85 0
3 837 869 870 224 127 85 0
3 837 870 838 224 127 85 0
3 838 870 871 224 127 85 0
3 838 871 839 224 127 85 0
3 839 871 872 224 127 85 0
3 839 872 840 224 127 85 0
3 840 872 873 224 127 85 0
3 840 873 841 224 127 85 0
3 841 873 874 224 127 85 0
3 841 874 842 224 127 85 0
3 842 874 875 224 127 85 0
3 842 875 843 224 127 85 0
3 843 875 876 224 127 85 0
3 843 876 844 224 127 85 0
3 844 876 877 224 127 85 0
3 844 877 845 224 127 85 0
3 845 877 878 224 127 85 0
3 845 878 846 224 127 85 0
3 846 878 879 224 127 85 0
3 846 879 847 224 127 85 0
3 847 879 880 224 127 85 0
3 847 880 848 224 127 85 0
3 848 880 881 224 127 85 0
3 848 881 849 224 127 85 0
3 849 881 882 224 127 85 0
3 849 882 850 224 127 85 0
3 850 882 883 224 127 85 0
3 850 883 851 224 127 85 0
3 851 883 884 224 127 85 0
3 851 884 852 224 127 85 0
3 852 884 885 224 127 85 0
3 852 885 853 224 127 85 0
3 853 885 886 224 127 85 0
3 853 886 854 224 127 85 0
3 854 886 887 224 127 85 0
3 854 887 855 224 127 85 0
3 855 887 888 224 127 85 0
3 855 888 856 224 127 85 0
3 856 888 889 224 127 85 0
3 856 889 857 224 127 85 0
3 857 889 890 224 127 85 0
3 857 890 858 224 127 85 0
3 858 890 891 224 127 85 0
3 858 891 859 224 127 85 0
3 859 891 892 224 127 85 0
3 859 892 860 224 127 85 0
3 860 892 893 224 127 85 0
3 860 893 861 224 127 85 0
3 861 893 894 224 127 85 0
3 861 894 862 224 127 85 0
3 862 894 895 224 127 85 0
3 862 895 863 224 127 85 0
3 863 895 864 224 127 85 0
3 863 864 832 224 127 85 0
3 864 896 897 224 127 85 0
3 864 897 865 224 127 85 0
3 865 897 898 224 127 85 0
3 865 898 866 224 127 85 0
3 866 898 899 224 127 85 0
3 866 899 867 224 127 85 0
3 867 899 900 224 127 85 0
3 867 900 868 224 127 85 0
3 868 900 901 224 127 85 0
3 868 901 869 224 127 85 0
3 869 901 902 224 127 85 0
3 869 902 870 224 127 85 0
3 870 902 903 224 127 85 0
3 870 903 871 224 127 85 0
3 871 903 904 224 127 85 0
3 871 904 872 224 127 85 0
3 872 904 905 224 127 85 0
3 872 905 873 224 127 85 0
3 873 905 906 224 127 85 0
3 873 906 874 224 127 85 0
3 874 906 907 224 127 85 0
3 874 907 875 224 127 85 0
3 875 907 908 224 127 85 0
3 875 908 876 224 127 85 0
3 876 908 909 224 127 85 0
3 876 909 877 224 127 85 0
3 877 909 910 224 127 85 0
3 877 910 878 224 127 85 0
3 878 910 911 224 127 85 0
3 878 911 879 224 127 85 0
3 879 911 912 224 127 85 0
3 879 912 880 224 127 85 0
3 880 912 913 224 127 85 0
3 880 913 881 224 127 85 0
3 881 913 914 224 127 85 0
3 881 914 882 224 127 85 0
3 882 914 915 224 127 85 0
3 882 915 883 224 127 85 0
3 883 915 916 224 127 85 0
3 883 916 884 224 127 85 0
3 884 916 917 224 127 85 0
3 884 917 885 224 127 85 0
3 885 917 918 224 127 85 0
3 885 918 886 224 127 85 0
3 886 918 919 224 127 85 0
3 886 919 887 224 127 85 0
3 887 919 920 224 127 85 0
3 887 920 888 224 127 85 0
3 888 920 921 224 127 85 0
3 888 921 889 224 127 85 0
3 889 921 922 224 127 85 0
3 889 922 890 224 127 85 0
3 890 922 923 224 127 85 0
3 890 923 891 224 127 85 0
3 891 923 924 224 127 85 0
3 891 924 892 224 127 85 0
3 892 924 925 224 127 85 0
3 892 925 893 224 127 85 0
3 893 925 926 224 127 85 0
3 893 926 894 224 127 85 0
3 894 926 927 224 127 85 0
3 894 927 895 224 127 85 0
3 895 927 896 224 127 85 0
3 895 896 864 224 127 85 0
3 896 928 929 224 127 85 0
3 896 929 897 224 127 85 0
3 897 929 930 224 127 85 0
3 897 930 898 224 127 85 0
3 898 930 931 224 127 85 0
3 898 931 899 224 127 85 0
3 899 931 932 224 127 85 0
3 899 932 900 224 127 85 0
3 900 932 933 224 127 85 0
3 900 933 901 224 127 85 0
3 901 933 934 224 127 85 0
3 901 934 902 224 127 85 0
3 902 934 935 224 127 85 0
3 902 935 903 224 127 85 0
3 903 935 936 224 127 85 0
3 903 936 904 224 127 85 0
3 904 936 937 224 127 85 0
3 904 937 905 224 127 85 0
3 905 937 938 224 127 85 0
3 905 938 906 224 127 85 0
3 906 938 939 224 127 85 0
3 906 939 907 224 127 85 0
3 907 939 940 224 127 85 0
3 907 940 908 224 127 85 0
3 908 940 941 224 127 85 0
3 908 941 909 224 127 85 0
3 909 941 942 224 127 85 0
3 909 942 910 224 127 85 0
3 910 942 943 224 127 85 0
3 910 943 911 224 127 85 0
3 911 943 944 224 127 85 0
3 911 944 912 224 127 85 0
3 912 944 945 224 127 85 0
3 912 945 913 224 127 85 0
3 913 945 946 224 127 85 0
3 913 946 914 224 127 85 0
3 914 946 947 224 127 85 0
3 914 947 915 224 127 85 0
3 915 947 948 224 127 85 0
3 915 948 916 224 127 85 0
3 916 948 949 224 127 85 0
3 916 949 917 224 127 85 0
3 917 949 950 224 127 85 0
3 917 950 918 224 127 85 0
3 918 950 951 224 127 85 0
3 918 951 919 224 127 85 0
3 919 951 952 224 127 85 0
3 919 952 920 224 127 85 0
3 920 952 953 224 127 85 0
3 920 953 921 224 127 85 0
3 921 953 954 224 127 85 0
3 921 954 922 224 127 85 0
3 922 954 955 224 127 85 0
3 922 955 923 224 127 85 0
3 923 955 956 224 127 85 0
3 923 956 924 224 127 85 0
3 924 956 957 224 127 85 0
3 924 957 925 224 127 85 0
3 925 957 958 224 127 85 0
3 925 958 926 224 127 85 0
3 926 958 959 224 127 85 0
3 926 959 927 224 127 85 0
3 927 959 928 224 127 85 0
3 927 928 896 224 127 85 0
3 928 960 961 224 127 85 0
3 928 961 929 224 127 85 0
3 929 961 962 224 127 85 0
3 929 962 930 224 127 85 0
3 930 962 963 224 127 85 0
3 930 963 931 224 127 85 0
3 931 963 964 224 127 85 0
3 931 964 932 224 127 85 0
3 932 964 965 224 127 85 0
3 932 965 933 224 127 85 0
3 933 965 966 224 127 85 0
3 933 966 934 224 127 85 0
3 934 966 967 224 127 85 0
3 934 967 935 224 127 85 0
3 935 967 968 224 127 85 0
3 935 968 936 224 127 85 0
3 936 968 969 224 127 85 0
3 936 969 937 224 127 85 0
3 937 969 970 224 127 85 0
3 937 970 938 224 127 85 0
3 938 970 971 224 127 85 0
3 938 971 939 224 127 85 0
3 939 971 972 224 127 85 0
3 939 972 940 224 127 85 0
3 940 972 973 224 127 85 0
3 940 973 941 224 127 85 0
3 941 973 974 224 127 85 0
3 941 974 942 224 127 85 0
3 942 974 975 224 127 85 0
3 942 975 943 224 127 85 0
3 943 975 976 224 127 85 0
3 943 976 944 224 127 85 0
3 944 976 977 224 127 85 0
3 944 977 945 224 127 85 0
3 945 977 978 224 127 85 0
3 945 978 946 224 127 85 0
3 946 978 979 224 127 85 0
3 946 979 947 224 127 85 0
3 947 979 980 224 127 85 0
3 947 980 948 224 127 85 0
3 948 980 981 224 127 85 0
3 948 981 949 224 127 85 0
3 949 981 982 224 127 85 0
3 949 982 950 224 127 85 0
3 950 982 983 224 127 85 0
3 950 983 951 224 127 85 0
3 951 983 984 224 127 85 0
3 951 984 952 224 127 85 0
3 952 984 985 224 127 85 0
3 952 985 953 224 127 85 0
3 953 985 986 224 127 85 0
3 953 986 954 224 127 85 0
3 954 986 987 224 127 85 0
3 954 987 955 224 127 85 0
3 955 987 988 224 127 85 0
3 955 988 956 224 127 85 0
3 956 988 989 224 127 85 0
3 956 989 957 224 127 85 0
3 957 989 990 224 127 85 0
3 957 990 958 224 127 85 0
3 958 990 991 224 127 85 0
3 958 991 959 224 127 85 0
3 959 991 960 224 127 85 0
3 959 960 928 224 127 85 0
3 960 992 993 224 127 85 0
3 960 993 961 224 127 85 0
3 961 993 994 224 127 85 0
3 961 994 962 224 127 85 0
3 962 994 995 224 127 85 0
3 962 995 963 224 127 85 0
3 963 995 996 224 127 85 0
3 963 996 964 224 127 85 0
3 964 996 997 224 127 85 0
3 964 997 965 224 127 85 0
3 965 997 998 224 127 85 0
3 965 998 966 224 127 85 0
3 966 998 999 224 127 85 0
3 966 999 967 224 127 85 0
3 967 999 1000 224 127 85 0
3 967 1000 968 224 127 85 0
3 968 1000 1001 224 127 85 0
3 968 1001 969 224 127 85 0
3 969 1001 1002 224 127 85 0
3 969 1002 970 224 127 85 0
3 970 1002 1003 224 127 85 0
3 970 1003 971 224 127 85 0
3 971 1003 1004 224 127 85 0
3 971 1004 972 224 127 85 0
3 972 1004 1005 224 127 85 0
3 972 1005 973 224 127 85 0
3 973 1005 1006 224 127 85 0
3 973 1006 974 224 127 85 0
3 974 1006 1007 224 127 85 0
3 974 1007 975 224 127 85 0
3 975 1007 1008 224 127 85 0
3 975 1008 976 224 127 85 0
3 976 1008 1009 224 127 85 0
3 976 1009 977 224 127 85 0
3 977 1009 1010 224 127 85 0
3 977 1010 978 224 127 85 0
3 978 1010 1011 224 127 85 0
3 978 1011 979 224 127 85 0
3 979 1011 1012 224 127 85 0
3 979 1012 980 224 127 85 0
3 980 1012 1013 224 127 85 0
3 980 1013 981 224 127 85 0
3 981 1013 1014 224 127 85 0
3 981 1014 982 224 127 85 0
3 982 1014 1015 224 127 85 0
3 982 1015 983 224 127 85 0
3 983 1015 1016 224 127 85 0
3 983 1016 984 224 127 85 0
3 984 1016 1017 224 127 85 0
3 984 1017 985 224 127 85 0
3 985 1017 1018 224 127 85 0
3 985 1018 986 224 127 85 0
3 986 1018 1019 224 127 85 0
3 986 1019 987 224 127 85 0
3 987 1019 1020 224 127 85 0
3 987 1020 988 224 127 85 0
3 988 1020 1021 224 127 85 0
3 988 1021 989 224 127 85 0
3 989 1021 1022 224 127 85 0
3 989 1022 990 224 127 85 0
3 990 1022 1023 224 127 85 0
3 990 1023 991 224 127 85 0
3 991 1023 992 224 127 85 0
3 991 992 960 224 127 85 0
3 992 1024 1025 224 127 85 0
3 992 1025 993 224 127 85 0
3 993 1025 1026 224 127 85 0
3 993 1026 994 224 127 85 0
3 994 1026 1027 224 127 85 0
3 994 1027 995 224 127 85 0
3 995 1027 1028 224 127 85 0
3 995 1028 996 224 127 85 0
3 996 1028 1029 224 127 85 0
3 996 1029 997 224 127 85 0
3 997 1029 1030 224 127 85 0
3 997 1030 998 224 127 85 0
3 998 1030 1031 224 127 85 0
3 998 1031 999 224 127 85 0
3 999 1031 1032 224 127 85 0
3 999 1032 1000 224 127 85 0
3 1000 1032 1033 224 127 85 0
3 1000 1033 1001 224 127 85 0
3 1001 1033 1034 224 127 85 0
3 1001 1034 1002 224 127 85 0
3 1002 1034 1035 224 127 85 0
3 1002 1035 1003 224 127 85 0
3 1003 1035 1036 224 127 85 0
3 1003 1036 1004 224 127 85 0
3 1004 1036 1037 224 127 85 0
3 1004 1037 1005 224 127 85 0
3 1005 1037 1038 224 127 85 0
3 1005 1038 1006 224 127 85 0
3 1006 1038 1039 224 127 85 0
3 1006 1039 1007 224 127 85 0
3 1007 1039 1040 224 127 85 0
3 1007 1040 1008 224 127 85 0
3 1008 1040 1041 224 127 85 0
3 1008 1041 1009 224 127 85 0
3 1009 1041 1042 224 127 85 0
3 1009 1042 1010 224 127 85 0
3 1010 1042 1043 224 127 85 0
3 1010 1043 1011 224 127 85 0
3 1011 1043 1044 224 127 85 0
3 1011 1044 1012 224 127 85 0
3 1012 1044 1045 224 127 85 0
3 1012 1045 1013 224 127 85 0
3 1013 1045 1046 224 127 85 0
3 1013 1046 1014 224 127 85 0
3 1014 1046 1047 224 127 85 0
3 1014 1047 1015 224 127 85 0
3 1015 1047 1048 224 127 85 0
3 1015 1048 1016 224 127 85 0
3 1016 1048 1049 224 127 85 0
3 1016 1049 1017 224 127 85 0
3 1017 1049 1050 224 127 85 0
3 1017 1050 1018 224 127 85 0
3 1018 1050 1051 224 127 85 0
3 1018 1051 1019 224 127 85 0
3 1019 1051 1052 224 127 85 0
3 1019 1052 1020 224 127 85 0
3 1020 1052 1053 224 127 85 0
3 1020 1053 1021 224 127 85 0
3 1021 1053 1054 224 127 85 0
3 1021 1054 1022 224 127 85 0
3 1022 1054 1055 224 127 85 0
3 1022 1055 1023 224 127 85 0
3 1023 1055 1024 224 127 85 0
3 1023 1024 992 224 127 85 0
3 1024 1056 1057 224 127 85 0
3 1024 1057 1025 224 127 85 0
3 1025 1057 1058 224 127 85 0
3 1025 1058 1026 224 127 85 0
3 1026 1058 1059 224 127 85 0
3 1026 1059 1027 224 127 85 0
3 1027 1059 1060 224 127 85 0
3 1027 1060 1028 224 127 85 0
3 1028 1060 1061 224 127 85 0
3 1028 1061 1029 224 127 85 0
3 1029 1061 1062 224 127 85 0
3 1029 1062 1030 224 127 85 0
3 1030 1062 1063 224 127 85 0
3 1030 1063 1031 224 127 85 0
3 1031 1063 1064 224 127 85 0
3 1031 1064 1032 224 127 85 0
3 1032 1064 1065 224 127 85 0
3 1032 1065 1033 224 127 85 0
3 1033 1065 1066 224 127 85 0
3 1033 1066 1034 224 127 85 0
3 1034 1066 1067 224 127 85 0
3 1034 1067 1035 224 127 85 0
3 1035 1067 1068 224 127 85 0
3 1035 1068 1036 224 127 85 0
3 1036 1068 1069 224 127 85 0
3 1036 1069 1037 224 127 85 0
3 1037 1069 1070 224 127 85 0
3 1037 1070 1038 224 127 85 0
3 1038 1070 1071 224 127 85 0
3 1038 1071 1039 224 127 85 0
3 1039 1071 1072 224 127 85 0
3 1039 1072 1040 224 127 85 0
3 1040 1072 1073 224 127 85 0
3 1040 1073 1041 224 127 85 0
3 1041 1073 1074 224 127 85 0
3 1041 1074 1042 224 127 85 0
3 1042 1074 1075 224 127 85 0
3 1042 1075 1043 224 127 85 0
3 1043 1075 1076 224 127 85 0
3 1043 1076 1044 224 127 85 0
3 1044 1076 1077 224 127 85 0
3 1044 1077 1045 224 127 85 0
3 1045 1077 1078 224 127 85 0
3 1045 1078 1046 224 127 85 0
3 1046 1078 1079 224 127 85 0
3 1046 1079 1047 224 127 85 0
3 1047 1079 1080 224 127 85 0
3 1047 1080 1048 224 127 85 0
3 1048 1080 1081 224 127 85 0
3 1048 1081 1049 224 127 85 0
3 1049 1081 1082 224 127 85 0
3 1049 1082 1050 224 127 85 0
3 1050 1082 1083 224 127 85 0
3 1050 1083 1051 224 127 85 0
3 1051 1083 1084 224 127 85 0
3 1051 1084 1052 224 127 85 0
3 1052 1084 1085 224 127 85 0
3 1052 1085 1053 224 127 85 0
3 1053 1085 1086 224 127 85 0
3 1053 1086 1054 224 127 85 0
3 1054 1086 1087 224 127 85 0
3 1054 1087 1055 224 127 85 0
3 1055 1087 1056 224 127 85 0
3 1055 1056 1024 224 127 85 0
3 1056 1088 1089 224 127 85 0
3 1056 1089 1057 224 127 85 0
3 1057 1089 1090 224 127 85 0
3 1057 1090 1058 224 127 85 0
3 1058 1090 1091 224 127 85 0
3 1058 1091 1059 224 127 85 0
3 1059 1091 1092 224 127 85 0
3 1059 1092 1060 224 127 85 0
3 1060 1092 1093 224 127 85 0
3 1060 1093 1061 224 127 85 0
3 1061 1093 1094 224 127 85 0
3 1061 1094 1062 224 127 85 0
3 1062 1094 1095 224 127 85 0
3 1062 1095 1063 224 127 85 0
3 1063 1095 1096 224 127 85 0
3 1063 1096 1064 224 127 85 0
3 1064 1096 1097 224 127 85 0
3 1064 1097 1065 224 127 85 0
3 1065 1097 1098 224 127 85 0
3 1065 1098 1066 224 127 85 0
3 1066 1098 1099 224 127 85 0
3 1066 1099 1067 224 127 85 0
3 1067 1099 1100 224 127 85 0
3 1067 1100 1068 224 127 85 0
3 1068 1100 1101 224 127 85 0
3 1068 1101 1069 224 127 85 0
3 1069 1101 1102 224 127 85 0
3 1069 1102 1070 224 127 85 0
3 1070 1102 1103 224 127 85 0
3 1070 1103 1071 224 127 85 0
3 1071 1103 1104 224 127 85 0
3 1071 1104 1072 224 127 85 0
3 1072 1104 1105 224 127 85 0
3 1072 1105 1073 224 127 85 0
3 1073 1105 1106 224 127 85 0
3 1073 1106 1074 224 127 85 0
3 1074 1106 1107 224 127 85 0
3 1074 1107 1075 224 127 85 0
3 1075 1107 1108 224 127 85 0
3 1075 1108 1076 224 127 85 0
3 1076 1108 1109 224 127 85 0
3 1076 1109 1077 224 127 85 0
3 1077 1109 1110 224 127 85 0
3 1077 1110 1078 224 127 85 0
3 1078 1110 1111 224 127 85 0
3 1078 1111 1079 224 127 85 0
3 1079 1111 1112 224 127 85 0
3 1079 1112 1080 224 127 85 0
3 1080 1112 1113 224 127 85 0
3 1080 1113 1081 224 127 85 0
3 1081 1113 1114 224 127 85 0
3 1081 1114 1082 224 127 85 0
3 1082 1114 1115 224 127 85 0
3 1082 1115 1083 224 127 85 0
3 1083 1115 1116 224 127 85 0
3 1083 1116 1084 224 127 85 0
3 1084 1116 1117 224 127 85 0
3 1084 1117 1085 224 127 85 0
3 1085 1117 1118 224 127 85 0
3 1085 1118 1086 224 127 85 0
3 1086 1118 1119 224 127 85 0
3 1086 1119 1087 224 127 85 0
3 1087 1119 1088 224 127 85 0
3 1087 1088 1056 224 127 85 0
3 1088 1120 1121 224 127 85 0
3 1088 1121 1089 224 127 85 0
3 1089 1121 1122 224 127 85 0
3 1089 1122 1090 224 127 85 0
3 1090 1122 1123 224 127 85 0
3 1090 1123 1091 224 127 85 0
3 1091 1123 1124 224 127 85 0
3 1091 1124 1092 224 127 85 0
3 1092 1124 1125 224 127 85 0
3 1092 1125 1093 224 127 85 0
3 1093 1125 1126 224 127 85 0
3 1093 1126 1094 224 127 85 0
3 1094 1126 1127 224 127 85 0
3 1094 1127 1095 224 127 85 0
3 1095 1127 1128 224 127 85 0
3 1095 1128 1096 224 127 85 0
3 1096 1128 1129 224 127 85 0
3 1096 1129 1097 224 127 85 0
3 1097 1129 1130 224 127 85 0
3 1097 1130 1098 224 127 85 0
3 1098 1130 1131 224 127 85 0
3 1098 1131 1099 224 127 85 0
3 1099 1131 1132 224 127 85 0
3 1099 1132 1100 224 127 85 0
3 1100 1132 1133 224 127 85 0
3 1100 1133 1101 224 127 85 0
3 1101 1133 1134 224 127 85 0
3 1101 1134 1102 224 127 85 0
3 1102 1134 1135 224 127 85 0
3 1102 1135 1103 224 127 85 0
3 1103 1135 1136 224 127 85 0
3 1103 1136 1104 224 127 85 0
3 1104 1136 1137 224 127 85 0
3 1104 1137 1105 224 127 85 0
3 1105 1137 1138 224 127 85 0
3 1105 1138 1106 224 127 85 0
3 1106 1138 1139 224 127 85 0
3 1106 1139 1107 224 127 85 0
3 1107 1139 1140 224 127 85 0
3 1107 1140 1108 224 127 85 0
3 1108 1140 1141 224 127 85 0
3 1108 1141 1109 224 127 85 0
3 1109 1141 1142 224 127 85 0
3 1109 1142 1110 224 127 85 0
3 1110 1142 1143 224 127 85 0
3 1110 1143 1111 224 127 85 0
3 1111 1143 1144 224 127 85 0
3 1111 1144 1112 224 127 85 0
3 1112 1144 1145 224 127 85 0
3 1112 1145 1113 224 127 85 0
3 1113 1145 1146 224 127 85 0
3 1113 1146 1114 224 127 85 0
3 1114 1146 1147 224 127 85 0
3 1114 1147 1115 224 127 85 0
3 1115 1147 1148 224 127 85 0
3 1115 1148 1116 224 127 85 0
3 1116 1148 1149 224 127 85 0
3 1116 1149 1117 224 127 85 0
3 1117 1149 1150 224 127 85 0
3 1117 1150 1118 224 127 85 0
3 1118 1150 1151 224 127 85 0
3 1118 1151 1119 224 127 85 0
3 1119 1151 1120 224 127 85 0
3 1119 1120 1088 224 127 85 0
3 1120 1152 1153 224 127 85 0
3 1120 1153 1121 224 127 85 0
3 1121 1153 1154 224 127 85 0
3 1121 1154 1122 224 127 85 0
3 1122 1154 1155 224 127 85 0
3 1122 1155 1123 224 127 85 0
3 1123 1155 1156 224 127 85 0
3 1123 1156 1124 224 127 85 0
3 1124 1156 1157 224 127 85 0
3 1124 1157 1125 224 127 85 0
3 1125 1157 1158 224 127 85 0
3 1125 1158 1126 224 127 85 0
3 1126 1158 1159 224 127 85 0
3 1126 1159 1127 224 127 85 0
3 1127 1159 1160 224 127 85 0
3 1127 1160 1128 224 127 85 0
3 1128 1160 1161 224 127 85 0
3 1128 1161 1129 224 127 85 0
3 1129 1161 1162 224 127 85 0
3 1129 1162 1130 224 127 85 0
3 1130 1162 1163 224 127 85 0
3 1130 1163 1131 224 127 85 0
3 1131 1163 1164 224 127 85 0
3 1131 1164 1132 224 127 85 0
3 1132 1164 1165 224 127 85 0
3 1132 1165 1133 224 127 85 0
3 1133 1165 1166 224 127 85 0
3 1133 1166 1134 224 127 85 0
3 1134 1166 1167 224 127 85 0
3 1134 1167 1135 224 127 85 0
3 1135 1167 1168 224 127 85 0
3 1135 1168 1136 224 127 85 0
3 1136 1168 1169 224 127 85 0
3 1136 1169 1137 224 127 85 0
3 1137 1169 1170 224 127 85 0
3 1137 1170 1138 224 127 85 0
3 1138 1170 1171 224 127 85 0
3 1138 1171 1139 224 127 85 0
3 1139 1171 1172 224 127 85 0
3 1139 1172 1140 224 127 85 0
3 1140 1172 1173 224 127 85 0
3 1140 1173 1141 224 127 85 0
3 1141 1173 1174 224 127 85 0
3 1141 1174 1142 224 127 85 0
3 1142 1174 1175 224 127 85 0
3 1142 1175 1143 224 127 85 0
3 1143 1175 1176 224 127 85 0
3 1143 1176 1144 224 127 85 0
3 1144 1176 1177 224 127 85 0
3 1144 1177 1145 224 127 85 0
3 1145 1177 1178 224 127 85 0
3 1145 1178 1146 224 127 85 0
3 1146 1178 1179 224 127 85 0
3 1146 1179 1147 224 127 85 0
3 1147 1179 1180 224 127 85 0
3 1147 1180 1148 224 127 85 0
3 1148 1180 1181 224 127 85 0
3 1148 1181 1149 224 127 85 0
3 1149 1181 1182 224 127 85 0
3 1149 1182 1150 224 127 85 0
3 1150 1182 1183 224 127 85 0
3 1150 1183 1151 224 127 85 0
3 1151 1183 1152 224 127 85 0
3 1151 1152 1120 224 127 85 0
3 1152 1184 1185 224 127 85 0
3 1152 1185 1153 224 127 85 0
3 1153 1185 1186 224 127 85 0
3 1153 1186 1154 224 127 85 0
3 1154 1186 1187 224 127 85 0
3 1154 1187 1155 224 127 85 0
3 1155 1187 1188 224 127 85 0
3 1155 1188 1156 224 127 85 0
3 1156 1188 1189 224 127 85 0
3 1156 1189 1157 224 127 85 0
3 1157 1189 1190 224 127 85 0
3 1157 1190 1158 224 127 85 0
3 1158 1190 1191 224 127 85 0
3 1158 1191 1159 224 127 85 0
3 1159 1191 1192 224 127 85 0
3 1159 1192 1160 224 127 85 0
3 1160 1192 1193 224 127 85 0
3 1160 1193 1161 224 127 85 0
3 1161 1193 1194 224 127 85 0
3 1161 1194 1162 224 127 85 0
3 1162 1194 1195 224 127 85 0
3 1162 1195 1163 224 127 85 0
3 1163 1195 1196 224 127 85 0
3 1163 1196 1164 224 127 85 0
3 1164 1196 1197 224 127 85 0
3 1164 1197 1165 224 127 85 0
3 1165 1197 1198 224 127 85 0
3 1165 1198 1166 224 127 85 0
3 1166 1198 1199 224 127 85 0
3 1166 1199 1167 224 127 85 0
3 1167 1199 1200 224 127 85 0
3 1167 1200 1168 224 127 85 0
3 1168 1200 1201 224 127 85 0
3 1168 1201 1169 224 127 85 0
3 1169 1201 1202 224 127 85 0
3 1169 1202 1170 224 127 85 0
3 1170 1202 1203 224 127 85 0
3 1170 1203 1171 224 127 85 0
3 1171 1203 1204 224 127 85 0
3 1171 1204 1172 224 127 85 0
3 1172 1204 1205 224 127 85 0
3 1172 1205 1173 224 127 85 0
3 1173 1205 1206 224 127 85 0
3 1173 1206 1174 224 127 85 0
3 1174 1206 1207 224 127 85 0
3 1174 1207 1175 224 127 85 0
3 1175 1207 1208 224 127 85 0
3 1175 1208 1176 224 127 85 0
3 1176 1208 1209 224 127 85 0
3 1176 1209 1177 224 127 85 0
3 1177 1209 1210 224 127 85 0
3 1177 1210 1178 224 127 85 0
3 1178 1210 1211 224 127 85 0
3 1178 1211 1179 224 127 85 0
3 1179 1211 1212 224 127 85 0
3 1179 1212 1180 224 127 85 0
3 1180 1212 1213 224 127 85 0
3 1180 1213 1181 224 127 85 0
3 1181 1213 1214 224 127 85 0
3 1181 1214 1182 224 127 85 0
3 1182 1214 1215 224 127 85 0
3 1182 1215 1183 224 127 85 0
3 1183 1215 1184 224 127 85 0
3 1183 1184 1152 224 127 85 0
3 1184 1216 1217 224 127 85 0
3 1184 1217 1185 224 127 85 0
3 1185 1217 1218 224 127 85 0
3 1185 1218 1186 224 127 85 0
3 1186 1218 1219 224 127 85 0
3 1186 1219 1187 224 127 85 0
3 1187 1219 1220 224 127 85 0
3 1187 1220 1188 224 127 85 0
3 1188 1220 1221 224 127 85 0
3 1188 1221 1189 224 127 85 0
3 1189 1221 1222 224 127 85 0
3 1189 1222 1190 224 127 85 0
3 1190 1222 1223 224 127 85 0
3 1190 1223 1191 224 127 85 0
3 1191 1223 1224 224 127 85 0
3 1191 1224 1192 224 127 85 0
3 1192 1224 1225 224 127 85 0
3 1192 1225 1193 224 127 85 0
3 1193 1225 1226 224 127 85 0
3 1193 1226 1194 224 127 85 0
3 1194 1226 1227 224 127 85 0
3 1194 1227 1195 224 127 85 0
3 1195 1227 1228 224 127 85 0
3 1195 1228 1196 224 127 85 0
3 1196 1228 1229 224 127 85 0
3 1196 1229 1197 224 127 85 0
3 1197 1229 1230 224 127 85 0
3 1197 1230 1198 224 127 85 0
3 1198 1230 1231 224 127 85 0
3 1198 1231 1199 224 127 85 0
3 1199 1231 1232 224 127 85 0
3 1199 1232 1200 224 127 85 0
3 1200 1232 1233 224 127 85 0
3 1200 1233 1201 224 127 85 0
3 1201 1233 1234 224 127 85 0
3 1201 1234 1202 224 127 85 0
3 1202 1234 1235 224 127 85 0
3 1202 1235 1203 224 127 85 0
3 1203 1235 1236 224 127 85 0
3 1203 1236 1204 224 127 85 0
3 1204 1236 1237 224 127 85 0
3 1204 1237 1205 224 127 85 0
3 1205 1237 1238 224 127 85 0
3 1205 1238 1206 224 127 85 0
3 1206 1238 1239 224 127 85 0
3 1206 1239 1207 224 127 85 0
3 1207 1239 1240 224 127 85 0
3 1207 1240 1208 224 127 85 0
3 1208 1240 1241 224 127 85 0
3 1208 1241 1209 224 127 85 0
3 1209 1241 1242 224 127 85 0
3 1209 1242 1210 224 127 85 0
3 1210 1242 1243 224 127 85 0
3 1210 1243 1211 224 127 85 0
3 1211 1243 1244 224 127 85 0
3 1211 1244 1212 224 127 85 0
3 1212 1244 1245 224 127 85 0
3 1212 1245 1213 224 127 85 0
3 1213 1245 1246 224 127 85 0
3 1213 1246 1214 224 127 85 0
3 1214 1246 1247 224 127 85 0
3 1214 1247 1215 224 127 85 0
3 1215 1247 1216 224 127 85 0
3 1215 1216 1184 224 127 85 0
3 1216 1248 1249 224 127 85 0
3 1216 1249 1217 224 127 85 0
3 1217 1249 1250 224 127 85 0
3 1217 1250 1218 224 127 85 0
3 1218 1250 1251 224 127 85 0
3 1218 1251 1219 224 127 85 0
3 1219 1251 1252 224 127 85 0
3 1219 1252 1220 224 127 85 0
3 1220 1252 1253 224 127 85 0
3 1220 1253 1221 224 127 85 0
3 1221 1253 1254 224 127 85 0
3 1221 1254 1222 224 127 85 0
3 1222 1254 1255 224 127 85 0
3 1222 1255 1223 224 127 85 0
3 1223 1255 1256 224 127 85 0
3 1223 1256 1224 224 127 85 0
3 1224 1256 1257 224 127 85 0
3 1224 1257 1225 224 127 85 0
3 1225 1257 1258 224 127 85 0
3 1225 1258 1226 224 127 85 0
3 1226 1258 1259 224 127 85 0
3 1226 1259 1227 224 127 85 0
3 1227 1259 1260 224 127 85 0
3 1227 1260 1228 224 127 85 0
3 1228 1260 1261 224 127 85 0
3 1228 1261 1229 224 127 85 0
3 1229 1261 1262 224 127 85 0
3 1229 1262 1230 224 127 85 0
3 1230 1262 1263 224 127 85 0
3 1230 1263 1231 224 127 85 0
3 1231 1263 1264 224 127 85 0
3 1231 1264 1232 224 127 85 0
3 1232 1264 1265 224 127 85 0
3 1232 1265 1233 224 127 85 0
3 1233 1265 1266 224 127 85 0
3 1233 1266 1234 224 127 85 0
3 1234 1266 1267 224 127 85 0
3 1234 1267 1235 224 127 85 0
3 1235 1267 1268 224 127 85 0
3 1235 1268 1236 224 127 85 0
3 1236 1268 1269 224 127 85 0
3 1236 1269 1237 224 127 85 0
3 1237 1269 1270 224 127 85 0
3 1237 1270 1238 224 127 85 0
3 1238 1270 1271 224 127 85 0
3 1238 1271 1239 224 127 85 0
3 1239 1271 1272 224 127 85 0
3 1239 1272 1240 224 127 85 0
3 1240 1272 1273 224 127 85 0
3 1240 1273 1241 224 127 85 0
3 1241 1273 1274 224 127 85 0
3 1241 1274 1242 224 127 85 0
3 1242 1274 1275 224 127 85 0
3 1242 1275 1243 224 127 85 0
3 1243 1275 1276 224 127 85 0
3 1243 1276 1244 224 127 85 0
3 1244 1276 1277 224 127 85 0
3 1244 1277 1245 224 127 85 0
3 1245 1277 1278 224 127 85 0
3 1245 1278 1246 224 127 85 0
3 1246 1278 1279 224 127 85 0
3 1246 1279 1247 224 127 85 0
3 1247 1279 1248 224 127 85 0
3 1247 1248 1216 224 127 85 0
3 1248 1280 1281 224 127 85 0
3 1248 1281 1249 224 127 85 0
3 1249 1281 1282 224 127 85 0
3 1249 1282 1250 224 127 85 0
3 1250 1282 1283 224 127 85 0
3 1250 1283 1251 224 127 85 0
3 1251 1283 1284 224 127 85 0
3 1251 1284 1252 224 127 85 0
3 1252 1284 1285 224 127 85 0
3 1252 1285 1253 224 127 85 0
3 1253 1285 1286 224 127 85 0
3 1253 1286 1254 224 127 85 0
3 1254 1286 1287 224 127 85 0
3 1254 1287 1255 224 127 85 0
3 1255 1287 1288 224 127 85 0
3 1255 1288 1256 224 127 85 0
3 1256 1288 1289 224 127 85 0
3 1256 1289 1257 224 127 85 0
3 1257 1289 1290 224 127 85 0
3 1257 1290 1258 224 127 85 0
3 1258 1290 1291 224 127 85 0
3 1258 1291 1259 224 127 85 0
3 1259 1291 1292 224 127 85 0
3 1259 1292 1260 224 127 85 0
3 1260 1292 1293 224 127 85 0
3 1260 1293 1261 224 127 85 0
3 1261 1293 1294 224 127 85 0
3 1261 1294 1262 224 127 85 0
3 1262 1294 1295 224 127 85 0
3 1262 1295 1263 224 127 85 0
3 1263 1295 1296 224 127 85 0
3 1263 1296 1264 224 127 85 0
3 1264 1296 1297 224 127 85 0
3 1264 1297 1265 224 127 85 0
3 1265 1297 1298 224 127 85 0
3 1265 1298 1266 224 127 85 0
3 1266 1298 1299 224 127 85 0
3 1266 1299 1267 224 127 85 0
3 1267 1299 1300 224 127 85 0
3 1267 1300 1268 224 127 85 0
3 1268 1300 1301 224 127 85 0
3 1268 1301 1269 224 127 85 0
3 1269 1301 1302 224 127 85 0
3 1269 1302 1270 224 127 85 0
3 1270 1302 1303 224 127 85 0
3 1270 1303 1271 224 127 85 0
3 1271 1303 1304 224 127 85 0
3 1271 1304 1272 224 127 85 0
3 1272 1304 1305 224 127 85 0
3 1272 1305 1273 224 127 85 0
3 1273 1305 1306 224 127 85 0
3 1273 1306 1274 224 127 85 0
3 1274 1306 1307 224 127 85 0
3 1274 1307 1275 224 127 85 0
3 1275 1307 1308 224 127 85 0
3 1275 1308 1276 224 127 85 0
3 1276 1308 1309 224 127 85 0
3 1276 1309 1277 224 127 85 0
3 1277 1309 1310 224 127 85 0
3 1277 1310 1278 224 127 85 0
3 1278 1310 1311 224 127 85 0
3 1278 1311 1279 224 127 85 0
3 1279 1311 1280 224 127 85 0
3 1279 1280 1248 224 127 85 0
3 1280 1312 1313 224 127 85 0
3 1280 1313 1281 224 127 85 0
3 1281 1313 1314 224 127 85 0
3 1281 1314 1282 224 127 85 0
3 1282 1314 1315 224 127 85 0
3 1282 1315 1283 224 127 85 0
3 1283 1315 1316 224 127 85 0
3 1283 1316 1284 224 127 85 0
3 1284 1316 1317 224 127 85 0
3 1284 1317 1285 224 127 85 0
3 1285 1317 1318 224 127 85 0
3 1285 1318 1286 224 127 85 0
3 1286 1318 1319 224 127 85 0
3 1286 1319 1287 224 127 85 0
3 1287 1319 1320 224 127 85 0
3 1287 1320 1288 224 127 85 0
3 1288 1320 1321 224 127 85 0
3 1288 1321 1289 224 127 85 0
3 1289 1321 1322 224 127 85 0
3 1289 1322 1290 224 127 85 0
3 1290 1322 1323 224 127 85 0
3 1290 1323 1291 224 127 85 0
3 1291 1323 1324 224 127 85 0
3 1291 1324 1292 224 127 85 0
3 1292 1324 1325 224 127 85 0
3 1292 1325 1293 224 127 85 0
3 1293 1325 1326 224 127 85 0
3 1293 1326 1294 224 127 85 0
3 1294 1326 1327 224 127 85 0
3 1294 1327 1295 224 127 85 0
3 1295 1327 1328 224 127 85 0
3 1295 1328 1296 224 127 85 0
3 1296 1328 1329 224 127 85 0
3 1296 1329 1297 224 127 85 0
3 1297 1329 1330 224 127 85 0
3 1297 1330 1298 224 127 85 0
3 1298 1330 1331 224 127 85 0
3 1298 1331 1299 224 127 85 0
3 1299 1331 1332 224 127 85 0
3 1299 1332 1300 224 127 85 0
3 1300 1332 1333 224 127 85 0
3 1300 1333 1301 224 127 85 0
3 1301 1333 1334 224 127 85 0
3 1301 1334 1302 224 127 85 0
3 1302 1334 1335 224 127 85 0
3 1302 1335 1303 224 127 85 0
3 1303 1335 1336 224 127 85 0
3 1303 1336 1304 224 127 85 0
3 1304 1336 1337 224 127 85 0
3 1304 1337 1305 224 127 85 0
3 1305 1337 1338 224 127 85 0
3 1305 1338 1306 224 127 85 0
3 1306 1338 1339 224 127 85 0
3 1306 1339 1307 224 127 85 0
3 1307 1339 1340 224 127 85 0
3 1307 1340 1308 224 127 85 0
3 1308 1340 1341 224 127 85 0
3 1308 1341 1309 224 127 85 0
3 1309 1341 1342 224 127 85 0
3 1309 1342 1310 224 127 85 0
3 1310 1342 1343 224 127 85 0
3 1310 1343 1311 224 127 85 0
3 1311 1343 1312 224 127 85 0
3 1311 1312 1280 224 127 85 0
3 1312 1344 1345 224 127 85 0
3 1312 1345 1313 224 127 85 0
3 1313 1345 1346 224 127 85 0
3 1313 1346 1314 224 127 85 0
3 1314 1346 1347 224 127 85 0
3 1314 1347 1315 224 127 85 0
3 1315 1347 1348 224 127 85 0
3 1315 1348 1316 224 127 85 0
3 1316 1348 1349 224 127 85 0
3 1316 1349 1317 224 127 85 0
3 1317 1349 1350 224 127 85 0
3 1317 1350 1318 224 127 85 0
3 1318 1350 1351 224 127 85 0
3 1318 1351 1319 224 127 85 0
3 1319 1351 1352 224 127 85 0
3 1319 1352 1320 224 127 85 0
3 1320 1352 1353 224 127 85 0
3 1320 1353 1321 224 127 85 0
3 1321 1353 1354 224 127 85 0
3 1321 1354 1322 224 127 85 0
3 1322 1354 1355 224 127 85 0
3 1322 1355 1323 224 127 85 0
3 1323 1355 1356 224 127 85 0
3 1323 1356 1324 224 127 85 0
3 1324 1356 1357 224 127 85 0
3 1324 1357 1325 224 127 85 0
3 1325 1357 1358 224 127 85 0
3 1325 1358 1326 224 127 85 0
3 1326 1358 1359 224 127 85 0
3 1326 1359 1327 224 127 85 0
3 1327 1359 1360 224 127 85 0
3 1327 1360 1328 224 127 85 0
3 1328 1360 1361 224 127 85 0
3 1328 1361 1329 224 127 85 0
3 1329 1361 1362 224 127 85 0
3 1329 1362 1330 224 127 85 0
3 1330 1362 1363 224 127 85 0
3 1330 1363 1331 224 127 85 0
3 1331 1363 1364 224 127 85 0
3 1331 1364 1332 224 127 85 0
3 1332 1364 1365 224 127 85 0
3 1332 1365 1333 224 127 85 0
3 1333 1365 1366 224 127 85 0
3 1333 1366 1334 224 127 85 0
3 1334 1366 1367 224 127 85 0
3 1334 1367 1335 224 127 85 0
3 1335 1367 1368 224 127 85 0
3 1335 1368 1336 224 127 85 0
3 1336 1368 1369 224 127 85 0
3 1336 1369 1337 224 127 85 0
3 1337 1369 1370 224 127 85 0
3 1337 1370 1338 224 127 85 0
3 1338 1370 1371 224 127 85 0
3 1338 1371 1339 224 127 85 0
3 1339 1371 1372 224 127 85 0
3 1339 1372 1340 224 127 85 0
3 1340 1372 1373 224 127 85 0
3 1340 1373 1341 224 127 85 0
3 1341 1373 1374 224 127 85 0
3 1341 1374 1342 224 127 85 0
3 1342 1374 1375 224 127 85 0
3 1342 1375 1343 224 127 85 0
3 1343 1375 1344 224 127 85 0
3 1343 1344 1312 224 127 85 0
3 1344 1376 1377 224 127 85 0
3 1344 1377 1345 224 127 85 0
3 1345 1377 1378 224 127 85 0
3 1345 1378 1346 224 127 85 0
3 1346 1378 1379 224 127 85 0
3 1346 1379 1347 224 127 85 0
3 1347 1379 1380 224 127 85 0
3 1347 1380 1348 224 127 85 0
3 1348 1380 1381 224 127 85 0
3 1348 1381 1349 224 127 85 0
3 1349 1381 1382 224 127 85 0
3 1349 1382 1350 224 127 85 0
3 1350 1382 1383 224 127 85 0
3 1350 1383 1351 224 127 85 0
3 1351 1383 1384 224 127 85 0
3 1351 1384 1352 224 127 85 0
3 1352 1384 1385 224 127 85 0
3 1352 1385 1353 224 127 85 0
3 1353 1385 1386 224 127 85 0
3 1353 1386 1354 224 127 85 0
3 1354 1386 1387 224 127 85 0
3 1354 1387 1355 224 127 85 0
3 1355 1387 1388 224 127 85 0
3 1355 1388 1356 224 127 85 0
3 1356 1388 1389 224 127 85 0
3 1356 1389 1357 224 127 85 0
3 1357 1389 1390 224 127 85 0
3 1357 1390 1358 224 127 85 0
3 1358 1390 1391 224 127 85 0
3 1358 1391 1359 224 127 85 0
3 1359 1391 1392 224 127 85 0
3 1359 1392 1360 224 127 85 0
3 1360 1392 1393 224 127 85 0
3 1360 1393 1361 224 127 85 0
3 1361 1393 1394 224 127 85 0
3 1361 1394 1362 224 127 85 0
3 1362 1394 1395 224 127 85 0
3 1362 1395 1363 224 127 85 0
3 1363 1395 1396 224 127 85 0
3 1363 1396 1364 224 127 85 0
3 1364 1396 1397 224 127 85 0
3 1364 1397 1365 224 127 85 0
3 1365 1397 1398 224 127 85 0
3 1365 1398 1366 224 127 85 0
3 1366 1398 1399 224 127 85 0
3 1366 1399 1367 224 127 85 0
3 1367 1399 1400 224 127 85 0
3 1367 1400 1368 224 127 85 0
3 1368 1400 1401 224 127 85 0
3 1368 1401 1369 224 127 85 0
3 1369 1401 1402 224 127 85 0
3 1369 1402 1370 224 127 85 0
3 1370 1402 1403 224 127 85 0
3 1370 1403 1371 224 127 85 0
3 1371 1403 1404 224 127 85 0
3 1371 1404 1372 224 127 85 0
3 1372 1404 1405 224 127 85 0
3 1372 1405 1373 224 127 85 0
3 1373 1405 1406 224 127 85 0
3 1373 1406 1374 224 127 85 0
3 1374 1406 1407 224 127 85 0
3 1374 1407 1375 224 127 85 0
3 1375 1407 1376 224 127 85 0
3 1375 1376 1344 224 127 85 0
3 1376 1408 1409 224 127 85 0
3 1376 1409 1377 224 127 85 0
3 1377 1409 1410 224 127 85 0
3 1377 1410 1378 224 127 85 0
3 1378 1410 1411 224 127 85 0
3 1378 1411 1379 224 127 85 0
3 1379 1411 1412 224 127 85 0
3 1379 1412 1380 224 127 85 0
3 1380 1412 1413 224 127 85 0
3 1380 1413 1381 224 127 85 0
3 1381 1413 1414 224 127 85 0
3 1381 1414 1382 224 127 85 0
3 1382 1414 1415 224 127 85 0
3 1382 1415 1383 224 127 85 0
3 1383 1415 1416 224 127 85 0
3 1383 1416 1384 224 127 85 0
3 1384 1416 1417 224 127 85 0
3 1384 1417 1385 224 127 85 0
3 1385 1417 1418 224 127 85 0
3 1385 1418 1386 224 127 85 0
3 1386 1418 1419 224 127 85 0
3 1386 1419 1387 224 127 85 0
3 1387 1419 1420 224 127 85 0
3 1387 1420 1388 224 127 85 0
3 1388 1420 1421 224 127 85 0
3 1388 1421 1389 224 127 85 0
3 1389 1421 1422 224 127 85 0
3 1389 1422 1390 224 127 85 0
3 1390 1422 1423 224 127 85 0
3 1390 1423 1391 224 127 85 0
3 1391 1423 1424 224 127 85 0
3 1391 1424 1392 224 127 85 0
3 1392 1424 1425 224 127 85 0
3 1392 1425 1393 224 127 85 0
3 1393 1425 1426 224 127 85 0
3 1393 1426 1394 224 127 85 0
3 1394 1426 1427 224 127 85 0
3 1394 1427 1395 224 127 85 0
3 1395 1427 1428 224 127 85 0
3 1395 1428 1396 224 127 85 0
3 1396 1428 1429 224 127 85 0
3 1396 1429 1397 224 127 85 0
3 1397 1429 1430 224 127 85 0
3 1397 1430 1398 224 127 85 0
3 1398 1430 1431 224 127 85 0
3 1398 1431 1399 224 127 85 0
3 1399 1431 1432 224 127 85 0
3 1399 1432 1400 224 127 85 0
3 1400 1432 1433 224 127 85 0
3 1400 1433 1401 224 127 85 0
3 1401 1433 1434 224 127 85 0
3 1401 1434 1402 224 127 85 0
3 1402 1434 1435 224 127 85 0
3 1402 1435 1403 224 127 85 0
3 1403 1435 1436 224 127 85 0
3 1403 1436 1404 224 127 85 0
3 1404 1436 1437 224 127 85 0
3 1404 1437 1405 224 127 85 0
3 1405 1437 1438 224 127 85 0
3 1405 1438 1406 224 127 85 0
3 1406 1438 1439 224 127 85 0
3 1406 1439 1407 224 127 85 0
3 1407 1439 1408 224 127 85 0
3 1407 1408 1376 224 127 85 0
3 1408 1440 1441 224 127 85 0
3 1408 1441 1409 224 127 85 0
3 1409 1441 1442 224 127 85 0
3 1409 1442 1410 224 127 85 0
3 1410 1442 1443 224 127 85 0
3 1410 1443 1411 224 127 85 0
3 1411 1443 1444 224 127 85 0
3 1411 1444 1412 224 127 85 0
3 1412 1444 1445 224 127 85 0
3 1412 1445 1413 224 127 85 0
3 1413 1445 1446 224 127 85 0
3 1413 1446 1414 224 127 85 0
3 1414 1446 1447 224 127 85 0
3 1414 1447 1415 224 127 85 0
3 1415 1447 1448 224 127 85 0
3 1415 1448 1416 224 127 85 0
3 1416 1448 1449 224 127 85 0
3 1416 1449 1417 224 127 85 0
3 1417 1449 1450 224 127 85 0
3 1417 1450 1418 224 127 85 0
3 1418 1450 1451 224 127 85 0
3 1418 1451 1419 224 127 85 0
3 1419 1451 1452 224 127 85 0
3 1419 1452 1420 224 127 85 0
3 1420 1452 1453 224 127 85 0
3 1420 1453 1421 224 127 85 0
3 1421 1453 1454 224 127 85 0
3 1421 1454 1422 224 127 85 0
3 1422 1454 1455 224 127 85 0
3 1422 1455 1423 224 127 85 0
3 1423 1455 1456 224 127 85 0
3 1423 1456 1424 224 127 85 0
3 1424 1456 1457 224 127 85 0
3 1424 1457 1425 224 127 85 0
3 1425 1457 1458 224 127 85 0
3 1425 1458 1426 224 127 85 0
3 1426 1458 1459 224 127 85 0
3 1426 1459 1427 224 127 85 0
3 1427 1459 1460 224 127 85 0
3 1427 1460 1428 224 127 85 0
3 1428 1460 1461 224 127 85 0
3 1428 1461 1429 224 127 85 0
3 1429 1461 1462 224 127 85 0
3 1429 1462 1430 224 127 85 0
3 1430 1462 1463 224 127 85 0
3 1430 1463 1431 224 127 85 0
3 1431 1463 1464 224 127 85 0
3 1431 1464 1432 224 127 85 0
3 1432 1464 1465 224 127 85 0
3 1432 1465 1433 224 127 85 0
3 1433 1465 1466 224 127 85 0
3 1433 1466 1434 224 127 85 0
3 1434 1466 1467 224 127 85 0
3 1434 1467 1435 224 127 85 0
3 1435 1467 1468 224 127 85 0
3 1435 1468 1436 224 127 85 0
3 1436 1468 1469 224 127 85 0
3 1436 1469 1437 224 127 85 0
3 1437 1469 1470 224 127 85 0
3 1437 1470 1438 224 127 85 0
3 1438 1470 1471 224 127 85 0
3 1438 1471 1439 224 127 85 0
3 1439 1471 1440 224 127 85 0
3 1439 1440 1408 224 127 85 0
3 1440 1472 1473 224 127 85 0
3 1440 1473 1441 224 127 85 0
3 1441 1473 1474 224 127 85 0
3 1441 1474 1442 224 127 85 0
3 1442 1474 1475 224 127 85 0
3 1442 1475 1443 224 127 85 0
3 1443 1475 1476 224 127 85 0
3 1443 1476 1444 224 127 85 0
3 1444 1476 1477 224 127 85 0
3 1444 1477 1445 224 127 85 0
3 1445 1477 1478 224 127 85 0
3 1445 1478 1446 224 127 85 0
3 1446 1478 1479 224 127 85 0
3 1446 1479 1447 224 127 85 0
3 1447 1479 1480 224 127 85 0
3 1447 1480 1448 224 127 85 0
3 1448 1480 1481 224 127 85 0
3 1448 1481 1449 224 127 85 0
3 1449 1481 1482 224 127 85 0
3 1449 1482 1450 224 127 85 0
3 1450 1482 1483 224 127 85 0
3 1450 1483 1451 224 127 85 0
3 1451 1483 1484 224 127 85 0
3 1451 1484 1452 224 127 85 0
3 1452 1484 1485 224 127 85 0
3 1452 1485 1453 224 127 85 0
3 1453 1485 1486 224 127 85 0
3 1453 1486 1454 224 127 85 0
3 1454 1486 1487 224 127 85 0
3 1454 1487 1455 224 127 85 0
3 1455 1487 1488 224 127 85 0
3 1455 1488 1456 224 127 85 0
3 1456 1488 1489 224 127 85 0
3 1456 1489 1457 224 127 85 0
3 1457 1489 1490 224 127 85 0
3 1457 1490 1458 224 127 85 0
3 1458 1490 1491 224 127 85 0
3 1458 1491 1459 224 127 85 0
3 1459 1491 1492 224 127 85 0
3 1459 1492 1460 224 127 85 0
3 1460 1492 1493 224 127 85 0
3 1460 1493 1461 224 127 85 0
3 1461 1493 1494 224 127 85 0
3 1461 1494 1462 224 127 85 0
3 1462 1494 1495 224 127 85 0
3 1462 1495 1463 224 127 85 0
3 1463 1495 1496 224 127 85 0
3 1463 1496 1464 224 127 85 0
3 1464 1496 1497 224 127 85 0
3 1464 1497 1465 224 127 85 0
3 1465 1497 1498 224 127 85 0
3 1465 1498 1466 224 127 85 0
3 1466 1498 1499 224 127 85 0
3 1466 1499 1467 224 127 85 0
3 1467 1499 1500 224 127 85 0
3 1467 1500 1468 224 127 85 0
3 1468 1500 1501 224 127 85 0
3 1468 1501 1469 224 127 85 0
3 1469 1501 1502 224 127 85 0
3 1469 1502 1470 224 127 85 0
3 1470 1502 1503 224 127 85 0
3 1470 1503 1471 224 127 85 0
3 1471 1503 1472 224 127 85 0
3 1471 1472 1440 224 127 85 0
3 1472 1504 1505 224 127 85 0
3 1472 1505 1473 224 127 85 0
3 1473 1505 1506 224 127 85 0
3 1473 1506 1474 224 127 85 0
3 1474 1506 1507 224 127 85 0
3 1474 1507 1475 224 127 85 0
3 1475 1507 1508 224 127 85 0
3 1475 1508 1476 224 127 85 0
3 1476 1508 1509 224 127 85 0
3 1476 1509 1477 224 127 85 0
3 1477 1509 1510 224 127 85 0
3 1477 1510 1478 224 127 85 0
3 1478 1510 1511 224 127 85 0
3 1478 1511 1479 224 127 85 0
3 1479 1511 1512 224 127 85 0
3 1479 1512 1480 224 127 85 0
3 1480 1512 1513 224 127 85 0
3 1480 1513 1481 224 127 85 0
3 1481 1513 1514 224 127 85 0
3 1481 1514 1482 224 127 85 0
3 1482 1514 1515 224 127 85 0
3 1482 1515 1483 224 127 85 0
3 1483 1515 1516 224 127 85 0
3 1483 1516 1484 224 127 85 0
3 1484 1516 1517 224 127 85 0
3 1484 1517 1485 224 127 85 0
3 1485 1517 1518 224 127 85 0
3 1485 1518 1486 224 127 85 0
3 1486 1518 1519 224 127 85 0
3 1486 1519 1487 224 127 85 0
3 1487 1519 1520 224 127 85 0
3 1487 1520 1488 224 127 85 0
3 1488 1520 1521 224 127 85 0
3 1488 1521 1489 224 127 85 0
3 1489 1521 1522 224 127 85 0
3 1489 1522 1490 224 127 85 0
3 1490 1522 1523 224 127 85 0
3 1490 1523 1491 224 127 85 0
3 1491 1523 1524 224 127 85 0
3 1491 1524 1492 224 127 85 0
3 1492 1524 1525 224 127 85 0
3 1492 1525 1493 224 127 85 0
3 1493 1525 1526 224 127 85 0
3 1493 1526 1494 224 127 85 0
3 1494 1526 1527 224 127 85 0
3 1494 1527 1495 224 127 85 0
3 1495 1527 1528 224 127 85 0
3 1495 1528 1496 224 127 85 0
3 1496 1528 1529 224 127 85 0
3 1496 1529 1497 224 127 85 0
3 1497 1529 1530 224 127 85 0
3 1497 1530 1498 224 127 85 0
3 1498 1530 1531 224 127 85 0
3 1498 1531 1499 224 127 85 0
3 1499 1531 1532 224 127 85 0
3 1499 1532 1500 224 127 85 0
3 1500 1532 1533 224 127 85 0
3 1500 1533 1501 224 127 85 0
3 1501 1533 1534 224 127 85 0
3 1501 1534 1502 224 127 85 0
3 1502 1534 1535 224 127 85 0
3 1502 1535 1503 224 127 85 0
3 1503 1535 1504 224 127 85 0
3 1503 1504 1472 224 127 85 0
3 1504 1536 1537 224 127 85 0
3 1504 1537 1505 224 127 85 0
3 1505 1537 1538 224 127 85 0
3 1505 1538 1506 224 127 85 0
3 1506 1538 1539 224 127 85 0
3 1506 1539 1507 224 127 85 0
3 1507 1539 1540 224 127 85 0
3 1507 1540 1508 224 127 85 0
3 1508 1540 1541 224 127 85 0
3 1508 1541 1509 224 127 85 0
3 1509 1541 1542 224 127 85 0
3 1509 1542 1510 224 127 85 0
3 1510 1542 1543 224 127 85 0
3 1510 1543 1511 224 127 85 0
3 1511 1543 1544 224 127 85 0
3 1511 1544 1512 224 127 85 0
3 1512 1544 1545 224 127 85 0
3 1512 1545 1513 224 127 85 0
3 1513 1545 1546 224 127 85 0
3 1513 1546 1514 224 127 85 0
3 1514 1546 1547 224 127 85 0
3 1514 1547 1515 224 127 85 0
3 1515 1547 1548 224 127 85 0
3 1515 1548 1516 224 127 85 0
3 1516 1548 1549 224 127 85 0
3 1516 1549 1517 224 127 85 0
3 1517 1549 1550 224 127 85 0
3 1517 1550 1518 224 127 85 0
3 1518 1550 1551 224 127 85 0
3 1518 1551 1519 224 127 85 0
3 1519 1551 1552 224 127 85 0
3 1519 1552 1520 224 127 85 0
3 1520 1552 1553 224 127 85 0
3 1520 1553 1521 224 127 85 0
3 1521 1553 1554 224 127 85 0
3 1521 1554 1522 224 127 85 0
3 1522 1554 1555 224 127 85 0
3 1522 1555 1523 224 127 85 0
3 1523 1555 1556 224 127 85 0
3 1523 1556 1524 224 127 85 0
3 1524 1556 1557 224 127 85 0
3 1524 1557 1525 224 127 85 0
3 1525 1557 1558 224 127 85 0
3 1525 1558 1526 224 127 85 0
3 1526 1558 1559 224 127 85 0
3 1526 1559 1527 224 127 85 0
3 1527 1559 1560 224 127 85 0
3 1527 1560 1528 224 127 85 0
3 1528 1560 1561 224 127 85 0
3 1528 1561 1529 224 127 85 0
3 1529 1561 1562 224 127 85 0
3 1529 1562 1530 224 127 85 0
3 1530 1562 1563 224 127 85 0
3 1530 1563 1531 224 127 85 0
3 1531 1563 1564 224 127 85 0
3 1531 1564 1532 224 127 85 0
3 1532 1564 1565 224 127 85 0
3 1532 1565 1533 224 127 85 0
3 1533 1565 1566 224 127 85 0
3 1533 1566 1534 224 127 85 0
3 1534 1566 1567 224 127 85 0
3 1534 1567 1535 224 127 85 0
3 1535 1567 1536 224 127 85 0
3 1535 1536 1504 224 127 85 0
3 1536 1568 1569 224 127 85 0
3 1536 1569 1537 224 127 85 0
3 1537 1569 1570 224 127 85 0
3 1537 1570 1538 224 127 85 0
3 1538 1570 1571 224 127 85 0
3 1538 1571 1539 224 127 85 0
3 1539 1571 1572 224 127 85 0
3 1539 1572 1540 224 127 85 0
3 1540 1572 1573 224 127 85 0
3 1540 1573 1541 224 127 85 0
3 1541 1573 1574 224 127 85 0
3 1541 1574 1542 224 127 85 0
3 1542 1574 1575 224 127 85 0
3 1542 1575 1543 224 127 85 0
3 1543 1575 1576 224 127 85 0
3 1543 1576 1544 224 127 85 0
3 1544 1576 1577 224 127 85 0
3 1544 1577 1545 224 127 85 0
3 1545 1577 1578 224 127 85 0
3 1545 1578 1546 224 127 85 0
3 1546 1578 1579 224 127 85 0
3 1546 1579 1547 224 127 85 0
3 1547 1579 1580 224 127 85 0
3 1547 1580 1548 224 127 85 0
3 1548 1580 1581 224 127 85 0
3 1548 1581 1549 224 127 85 0
3 1549 1581 1582 224 127 85 0
3 1549 1582 1550 224 127 85 0
3 1550 1582 1583 224 127 85 0
3 1550 1583 1551 224 127 85 0
3 1551 1583 1584 224 127 85 0
3 1551 1584 1552 224 127 85 0
3 1552 1584 1585 224 127 85 0
3 1552 1585 1553 224 127 85 0
3 1553 1585 1586 224 127 85 0
3 1553 1586 1554 224 127 85 0
3 1554 1586 1587 224 127 85 0
3 1554 1587 1555 224 127 85 0
3 1555 1587 1588 224 127 85 0
3 1555 1588 1556 224 127 85 0
3 1556 1588 1589 224 127 85 0
3 1556 1589 1557 224 127 85 0
3 1557 1589 1590 224 127 85 0
3 1557 1590 1558 224 127 85 0
3 1558 1590 1591 224 127 85 0
3 1558 1591 1559 224 127 85 0
3 1559 1591 1592 224 127 85 0
3 1559 1592 1560 224 127 85 0
3 1560 1592 1593 224 127 85 0
3 1560 1593 1561 224 127 85 0
3 1561 1593 1594 224 127 85 0
3 1561 1594 1562 224 127 85 0
3 1562 1594 1595 224 127 85 0
3 1562 1595 1563 224 127 85 0
3 1563 1595 1596 224 127 85 0
3 1563 1596 1564 224 127 85 0
3 1564 1596 1597 224 127 85 0
3 1564 1597 1565 224 127 85 0
3 1565 1597 1598 224 127 85 0
3 1565 1598 1566 224 127 85 0
3 1566 1598 1599 224 127 85 0
3 1566 1599 1567 224 127 85 0
3 1567 1599 1568 224 127 85 0
3 1567 1568 1536 224 127 85 0
3 1568 1600 1601 224 127 85 0
3 1568 1601 1569 224 127 85 0
3 1569 1601 1602 224 127 85 0
3 1569 1602 1570 224 127 85 0
3 1570 1602 1603 224 127 85 0
3 1570 1603 1571 224 127 85 0
3 1571 1603 1604 224 127 85 0
3 1571 1604 1572 224 127 85 0
3 1572 1604 1605 224 127 85 0
3 1572 1605 1573 224 127 85 0
3 1573 1605 1606 224 127 85 0
3 1573 1606 1574 224 127 85 0
3 1574 1606 1607 224 127 85 0
3 1574 1607 1575 224 127 85 0
3 1575 1607 1608 224 127 85 0
3 1575 1608 1576 224 127 85 0
3 1576 1608 1609 224 127 85 0
3 1576 1609 1577 224 127 85 0
3 1577 1609 1610 224 127 85 0
3 1577 1610 1578 224 127 85 0
3 1578 1610 1611 224 127 85 0
3 1578 1611 1579 224 127 85 0
3 1579 1611 1612 224 127 85 0
3 1579 1612 1580 224 127 85 0
3 1580 1612 1613 224 127 85 0
3 1580 1613 1581 224 127 85 0
3 1581 1613 1614 224 127 85 0
3 1581 1614 1582 224 127 85 0
3 1582 1614 1615 224 127 85 0
3 1582 1615 1583 224 127 85 0
3 1583 1615 1616 224 127 85 0
3 1583 1616 1584 224 127 85 0
3 1584 1616 1617 224 127 85 0
3 1584 1617 1585 224 127 85 0
3 1585 1617 1618 224 127 85 0
3 1585 1618 1586 224 127 85 0
3 1586 1618 1619 224 127 85 0
3 1586 1619 1587 224 127 85 0
3 1587 1619 1620 224 127 85 0
3 1587 1620 1588 224 127 85 0
3 1588 1620 1621 224 127 85 0
3 1588 1621 1589 224 127 85 0
3 1589 1621 1622 224 127 85 0
3 1589 1622 1590 224 127 85 0
3 1590 1622 1623 224 127 85 0
3 1590 1623 1591 224 127 85 0
3 1591 1623 1624 224 127 85 0
3 1591 1624 1592 224 127 85 0
3 1592 1624 1625 224 127 85 0
3 1592 1625 1593 224 127 85 0
3 1593 1625 1626 224 127 85 0
3 1593 1626 1594 224 127 85 0
3 1594 1626 1627 224 127 85 0
3 1594 1627 1595 224 127 85 0
3 1595 1627 1628 224 127 85 0
3 1595 1628 1596 224 127 85 0
3 1596 1628 1629 224 127 85 0
3 1596 1629 1597 224 127 85 0
3 1597 1629 1630 224 127 85 0
3 1597 1630 1598 224 127 85 0
3 1598 1630 1631 224 127 85 0
3 1598 1631 1599 224 127 85 0
3 1599 1631 1600 224 127 85 0
3 1599 1600 1568 224 127 85 0
3 1600 1632 1633 224 127 85 0
3 1600 1633 1601 224 127 85 0
3 1601 1633 1634 224 127 85 0
3 1601 1634 1602 224 127 85 0
3 1602 1634 1635 224 127 85 0
3 1602 1635 1603 224 127 85 0
3 1603 1635 1636 224 127 85 0
3 1603 1636 1604 224 127 85 0
3 1604 1636 1637 224 127 85 0
3 1604 1637 1605 224 127 85 0
3 1605 1637 1638 224 127 85 0
3 1605 1638 1606 224 127 85 0
3 1606 1638 1639 224 127 85 0
3 1606 1639 1607 224 127 85 0
3 1607 1639 1640 224 127 85 0
3 1607 1640 1608 224 127 85 0
3 1608 1640 1641 224 127 85 0
3 1608 1641 1609 224 127 85 0
3 1609 1641 1642 224 127 85 0
3 1609 1642 1610 224 127 85 0
3 1610 1642 1643 224 127 85 0
3 1610 1643 1611 224 127 85 0
3 1611 1643 1644 224 127 85 0
3 1611 1644 1612 224 127 85 0
3 1612 1644 1645 224 127 85 0
3 1612 1645 1613 224 127 85 0
3 1613 1645 1646 224 127 85 0
3 1613 1646 1614 224 127 85 0
3 1614 1646 1647 224 127 85 0
3 1614 1647 1615 224 127 85 0
3 1615 1647 1648 224 127 85 0
3 1615 1648 1616 224 127 85 0
3 1616 1648 1649 224 127 85 0
3 1616 1649 1617 224 127 85 0
3 1617 1649 1650 224 127 85 0
3 1617 1650 1618 224 127 85 0
3 1618 1650 1651 224 127 85 0
3 1618 1651 1619 224 127 85 0
3 1619 1651 1652 224 127 85 0
3 1619 1652 1620 224 127 85 0
3 1620 1652 1653 224 127 85 0
3 1620 1653 1621 224 127 85 0
3 1621 1653 1654 224 127 85 0
3 1621 1654 1622 224 127 85 0
3 1622 1654 1655 224 127 85 0
3 1622 1655 1623 224 127 85 0
3 1623 1655 1656 224 127 85 0
3 1623 1656 1624 224 127 85 0
3 1624 1656 1657 224 127 85 0
3 1624 1657 1625 224 127 85 0
3 1625 1657 1658 224 127 85 0
3 1625 1658 1626 224 127 85 0
3 1626 1658 1659 224 127 85 0
3 1626 1659 1627 224 127 85 0
3 1627 1659 1660 224 127 85 0
3 1627 1660 1628 224 127 85 0
3 1628 1660 1661 224 127 85 0
3 1628 1661 1629 224 127 85 0
3 1629 1661 1662 224 127 85 0
3 1629 1662 1630 224 127 85 0
3 1630 1662 1663 224 127 85 0
3 1630 1663 1631 224 127 85 0
3 1631 1663 1632 224 127 85 0
3 1631 1632 1600 224 127 85 0
3 1632 1664 1665 224 127 85 0
3 1632 1665 1633 224 127 85 0
3 1633 1665 1666 224 127 85 0
3 1633 1666 1634 224 127 85 0
3 1634 1666 1667 224 127 85 0
3 1634 1667 1635 224 127 85 0
3 1635 1667 1668 224 127 85 0
3 1635 1668 1636 224 127 85 0
3 1636 1668 1669 224 127 85 0
3 1636 1669 1637 224 127 85 0
3 1637 1669 1670 224 127 85 0
3 1637 1670 1638 224 127 85 0
3 1638 1670 1671 224 127 85 0
3 1638 1671 1639 224 127 85 0
3 1639 1671 1672 224 127 85 0
3 1639 1672 1640 224 127 85 0
3 1640 1672 1673 224 127 85 0
3 1640 1673 1641 224 127 85 0
3 1641 1673 1674 224 127 85 0
3 1641 1674 1642 224 127 85 0
3 1642 1674 1675 224 127 85 0
3 1642 1675 1643 224 127 85 0
3 1643 1675 1676 224 127 85 0
3 1643 1676 1644 224 127 85 0
3 1644 1676 1677 224 127 85 0
3 1644 1677 1645 224 127 85 0
3 1645 1677 1678 224 127 85 0
3 1645 1678 1646 224 127 85 0
3 1646 1678 1679 224 127 85 0
3 1646 1679 1647 224 127 85 0
3 1647 1679 1680 224 127 85 0
3 1647 1680 1648 224 127 85 0
3 1648 1680 1681 224 127 85 0
3 1648 1681 1649 224 127 85 0
3 1649 1681 1682 224 127 85 0
3 1649 1682 1650 224 127 85 0
3 1650 1682 1683 224 127 85 0
3 1650 1683 1651 224 127 85 0
3 1651 1683 1684 224 127 85 0
3 1651 1684 1652 224 127 85 0
3 1652 1684 1685 224 127 85 0
3 1652 1685 1653 224 127 85 0
3 1653 1685 1686 224 127 85 0
3 1653 1686 1654 224 127 85 0
3 1654 1686 1687 224 127 85 0
3 1654 1687 1655 224 127 85 0
3 1655 1687 1688 224 127 85 0
3 1655 1688 1656 224 127 85 0
3 1656 1688 1689 224 127 85 0
3 1656 1689 1657 224 127 85 0
3 1657 1689 1690 224 127 85 0
3 1657 1690 1658 224 127 85 0
3 1658 1690 1691 224 127 85 0
3 1658 1691 1659 224 127 85 0
3 1659 1691 1692 224 127 85 0
3 1659 1692 1660 224 127 85 0
3 1660 1692 1693 224 127 85 0
3 1660 1693 1661 224 127 85 0
3 1661 1693 1694 224 127 85 0
3 1661 1694 1662 224 127 85 0
3 1662 1694 1695 224 127 85 0
3 1662 1695 1663 224 127 85 0
3 1663 1695 1664 224 127 85 0
3 1663 1664 1632 224 127 85 0
3 1664 1696 1697 224 127 85 0
3 1664 1697 1665 224 127 85 0
3 1665 1697 1698 224 127 85 0
3 1665 1698 1666 224 127 85 0
3 1666 1698 1699 224 127 85 0
3 1666 1699 1667 224 127 85 0
3 1667 1699 1700 224 127 85 0
3 1667 1700 1668 224 127 85 0
3 1668 1700 1701 224 127 85 0
3 1668 1701 1669 224 127 85 0
3 1669 1701 1702 224 127 85 0
3 1669 1702 1670 224 127 85 0
3 1670 1702 1703 224 127 85 0
3 1670 1703 1671 224 127 85 0
3 1671 1703 1704 224 127 85 0
3 1671 1704 1672 224 127 85 0
3 1672 1704 1705 224 127 85 0
3 1672 1705 1673 224 127 85 0
3 1673 1705 1706 224 127 85 0
3 1673 1706 1674 224 127 85 0
3 1674 1706 1707 224 127 85 0
3 1674 1707 1675 224 127 85 0
3 1675 1707 1708 224 127 85 0
3 1675 1708 1676 224 127 85 0
3 1676 1708 1709 224 127 85 0
3 1676 1709 1677 224 127 85 0
3 1677 1709 1710 224 127 85 0
3 1677 1710 1678 224 127 85 0
3 1678 1710 1711 224 127 85 0
3 1678 1711 1679 224 127 85 0
3 1679 1711 1712 224 127 85 0
3 1679 1712 1680 224 127 85 0
3 1680 1712 1713 224 127 85 0
3 1680 1713 1681 224 127 85 0
3 1681 1713 1714 224 127 85 0
3 1681 1714 1682 224 127 85 0
3 1682 1714 1715 224 127 85 0
3 1682 1715 1683 224 127 85 0
3 1683 1715 1716 224 127 85 0
3 1683 1716 1684 224 127 85 0
3 1684 1716 1717 224 127 85 0
3 1684 1717 1685 224 127 85 0
3 1685 1717 1718 224 127 85 0
3 1685 1718 1686 224 127 85 0
3 1686 1718 1719 224 127 85 0
3 1686 1719 1687 224 127 85 0
3 1687 1719 1720 224 127 85 0
3 1687 1720 1688 224 127 85 0
3 1688 1720 1721 224 127 85 0
3 1688 1721 1689 224 127 85 0
3 1689 1721 1722 224 127 85 0
3 1689 1722 1690 224 127 85 0
3 1690 1722 1723 224 127 85 0
3 1690 1723 1691 224 127 85 0
3 1691 1723 1724 224 127 85 0
3 1691 1724 1692 224 127 85 0
3 1692 1724 1725 224 127 85 0
3 1692 1725 1693 224 127 85 0
3 1693 1725 1726 224 127 85 0
3 1693 1726 1694 224 127 85 0
3 1694 1726 1727 224 127 85 0
3 1694 1727 1695 224 127 85 0
3 1695 1727 1696 224 127 85 0
3 1695 1696 1664 224 127 85 0
3 1696 1728 1729 224 127 85 0
3 1696 1729 1697 224 127 85 0
3 1697 1729 1730 224 127 85 0
3 1697 1730 1698 224 127 85 0
3 1698 1730 1731 224 127 85 0
3 1698 1731 1699 224 127 85 0
3 1699 1731 1732 224 127 85 0
3 1699 1732 1700 224 127 85 0
3 1700 1732 1733 224 127 85 0
3 1700 1733 1701 224 127 85 0
3 1701 1733 1734 224 127 85 0
3 1701 1734 1702 224 127 85 0
3 1702 1734 1735 224 127 85 0
3 1702 1735 1703 224 127 85 0
3 1703 1735 1736 224 127 85 0
3 1703 1736 1704 224 127 85 0
3 1704 1736 1737 224 127 85 0
3 1704 1737 1705 224 127 85 0
3 1705 1737 1738 224 127 85 0
3 1705 1738 1706 224 127 85 0
3 1706 1738 1739 224 127 85 0
3 1706 1739 1707 224 127 85 0
3 1707 1739 1740 224 127 85 0
3 1707 1740 1708 224 127 85 0
3 1708 1740 1741 224 127 85 0
3 1708 1741 1709 224 127 85 0
3 1709 1741 1742 224 127 85 0
3 1709 1742 1710 224 127 85 0
3 1710 1742 1743 224 127 85 0
3 1710 1743 1711 224 127 85 0
3 1711 1743 1744 224 127 85 0
3 1711 1744 1712 224 127 85 0
3 1712 1744 1745 224 127 85 0
3 1712 1745 1713 224 127 85 0
3 1713 1745 1746 224 127 85 0
3 1713 1746 1714 224 127 85 0
3 1714 1746 1747 224 127 85 0
3 1714 1747 1715 224 127 85 0
3 1715 1747 1748 224 127 85 0
3 1715 1748 1716 224 127 85 0
3 1716 1748 1749 224 127 85 0
3 1716 1749 1717 224 127 85 0
3 1717 1749 1750 224 127 85 0
3 1717 1750 1718 224 127 85 0
3 1718 1750 1751 224 127 85 0
3 1718 1751 1719 224 127 85 0
3 1719 1751 1752 224 127 85 0
3 1719 1752 1720 224 127 85 0
3 1720 1752 1753 224 127 85 0
3 1720 1753 1721 224 127 85 0
3 1721 1753 1754 224 127 85 0
3 1721 1754 1722 224 127 85 0
3 1722 1754 1755 224 127 85 0
3 1722 1755 1723 224 127 85 0
3 1723 1755 1756 224 127 85 0
3 1723 1756 1724 224 127 85 0
3 1724 1756 1757 224 127 85 0
3 1724 1757 1725 224 127 85 0
3 1725 1757 1758 224 127 85 0
3 1725 1758 1726 224 127 85 0
3 1726 1758 1759 224 127 85 0
3 1726 1759 1727 224 127 85 0
3 1727 1759 1728 224 127 85 0
3 1727 1728 1696 224 127 85 0
3 1728 1760 1761 224 127 85 0
3 1728 1761 1729 224 127 85 0
3 1729 1761 1762 224 127 85 0
3 1729 1762 1730 224 127 85 0
3 1730 1762 1763 224 127 85 0
3 1730 1763 1731 224 127 85 0
3 1731 1763 1764 224 127 85 0
3 1731 1764 1732 224 127 85 0
3 1732 1764 1765 224 127 85 0
3 1732 1765 1733 224 127 85 0
3 1733 1765 1766 224 127 85 0
3 1733 1766 1734 224 127 85 0
3 1734 1766 1767 224 127 85 0
3 1734 1767 1735 224 127 85 0
3 1735 1767 1768 224 127 85 0
3 1735 1768 1736 224 127 85 0
3 1736 1768 1769 224 127 85 0
3 1736 1769 1737 224 127 85 0
3 1737 1769 1770 224 127 85 0
3 1737 1770 1738 224 127 85 0
3 1738 1770 1771 224 127 85 0
3 1738 1771 1739 224 127 85 0
3 1739 1771 1772 224 127 85 0
3 1739 1772 1740 224 127 85 0
3 1740 1772 1773 224 127 85 0
3 1740 1773 1741 224 127 85 0
3 1741 1773 1774 224 127 85 0
3 1741 1774 1742 224 127 85 0
3 1742 1774 1775 224 127 85 0
3 1742 1775 1743 224 127 85 0
3 1743 1775 1776 224 127 85 0
3 1743 1776 1744 224 127 85 0
3 1744 1776 1777 224 127 85 0
3 1744 1777 1745 224 127 85 0
3 1745 1777 1778 224 127 85 0
3 1745 1778 1746 224 127 85 0
3 1746 1778 1779 224 127 85 0
3 1746 1779 1747 224 127 85 0
3 1747 1779 1780 224 127 85 0
3 1747 1780 1748 224 127 85 0
3 1748 1780 1781 224 127 85 0
3 1748 1781 1749 224 127 85 0
3 1749 1781 1782 224 127 85 0
3 1749 1782 1750 224 127 85 0
3 1750 1782 1783 224 127 85 0
3 1750 1783 1751 224 127 85 0
3 1751 1783 1784 224 127 85 0
3 1751 1784 1752 224 127 85 0
3 1752 1784 1785 224 127 85 0
3 1752 1785 1753 224 127 85 0
3 1753 1785 1786 224 127 85 0
3 1753 1786 1754 224 127 85 0
3 1754 1786 1787 224 127 85 0
3 1754 1787 1755 224 127 85 0
3 1755 1787 1788 224 127 85 0
3 1755 1788 1756 224 127 85 0
3 1756 1788 1789 224 127 85 0
3 1756 1789 1757 224 127 85 0
3 1757 1789 1790 224 127 85 0
3 1757 1790 1758 224 127 85 0
3 1758 1790 1791 224 127 85 0
3 1758 1791 1759 224 127 85 0
3 1759 1791 1760 224 127 85 0
3 1759 1760 1728 224 127 85 0
3 1760 1792 1793 224 127 85 0
3 1760 1793 1761 224 127 85 0
3 1761 1793 1794 224 127 85 0
3 1761 1794 1762 224 127 85 0
3 1762 1794 1795 224 127 85 0
3 1762 1795 1763 224 127 85 0
3 1763 1795 1796 224 127 85 0
3 1763 1796 1764 224 127 85 0
3 1764 1796 1797 224 127 85 0
3 1764 1797 1765 224 127 85 0
3 1765 1797 1798 224 127 85 0
3 1765 1798 1766 224 127 85 0
3 1766 1798 1799 224 127 85 0
3 1766 1799 1767 224 127 85 0
3 1767 1799 1800 224 127 85 0
3 1767 1800 1768 224 127 85 0
3 1768 1800 1801 224 127 85 0
3 1768 1801 1769 224 127 85 0
3 1769 1801 1802 224 127 85 0
3 1769 1802 1770 224 127 85 0
3 1770 1802 1803 224 127 85 0
3 1770 1803 1771 224 127 85 0
3 1771 1803 1804 224 127 85 0
3 1771 1804 1772 224 127 85 0
3 1772 1804 1805 224 127 85 0
3 1772 1805 1773 224 127 85 0
3 1773 1805 1806 224 127 85 0
3 1773 1806 1774 224 127 85 0
3 1774 1806 1807 224 127 85 0
3 1774 1807 1775 224 127 85 0
3 1775 1807 1808 224 127 85 0
3 1775 1808 1776 224 127 85 0
3 1776 1808 1809 224 127 85 0
3 1776 1809 1777 224 127 85 0
3 1777 1809 1810 224 127 85 0
3 1777 1810 1778 224 127 85 0
3 1778 1810 1811 224 127 85 0
3 1778 1811 1779 224 127 85 0
3 1779 1811 1812 224 127 85 0
3 1779 1812 1780 224 127 85 0
3 1780 1812 1813 224 127 85 0
3 1780 1813 1781 224 127 85 0
3 1781 1813 1814 224 127 85 0
3 1781 1814 1782 224 127 85 0
3 1782 1814 1815 224 127 85 0
3 1782 1815 1783 224 127 85 0
3 1783 1815 1816 224 127 85 0
3 1783 1816 1784 224 127 85 0
3 1784 1816 1817 224 127 85 0
3 1784 1817 1785 224 127 85 0
3 1785 1817 1818 224 127 85 0
3 1785 1818 1786 224 127 85 0
3 1786 1818 1819 224 127 85 0
3 1786 1819 1787 224 127 85 0
3 1787 1819 1820 224 127 85 0
3 1787 1820 1788 224 127 85 0
3 1788 1820 1821 224 127 85 0
3 1788 1821 1789 224 127 85 0
3 1789 1821 1822 224 127 85 0
3 1789 1822 1790 224 127 85 0
3 1790 1822 1823 224 127 85 0
3 1790 1823 1791 224 127 85 0
3 1791 1823 1792 224 127 85 0
3 1791 1792 1760 224 127 85 0
3 1792 1824 1825 224 127 85 0
3 1792 1825 1793 224 127 85 0
3 1793 1825 1826 224 127 85 0
3 1793 1826 1794 224 127 85 0
3 1794 1826 1827 224 127 85 0
3 1794 1827 1795 224 127 85 0
3 1795 1827 1828 224 127 85 0
3 1795 1828 1796 224 127 85 0
3 1796 1828 1829 224 127 85 0
3 1796 1829 1797 224 127 85 0
3 1797 1829 1830 224 127 85 0
3 1797 1830 1798 224 127 85 0
3 1798 1830 1831 224 127 85 0
3 1798 1831 1799 224 127 85 0
3 1799 1831 1832 224 127 85 0
3 1799 1832 1800 224 127 85 0
3 1800 1832 1833 224 127 85 0
3 1800 1833 1801 224 127 85 0
3 1801 1833 1834 224 127 85 0
3 1801 1834 1802 224 127 85 0
3 1802 1834 1835 224 127 85 0
3 1802 1835 1803 224 127 85 0
3 1803 1835 1836 224 127 85 0
3 1803 1836 1804 224 127 85 0
3 1804 1836 1837 224 127 85 0
3 1804 1837 1805 224 127 85 0
3 1805 1837 1838 224 127 85 0
3 1805 1838 1806 224 127 85 0
3 1806 1838 1839 224 127 85 0
3 1806 1839 1807 224 127 85 0
3 1807 1839 1840 224 127 85 0
3 1807 1840 1808 224 127 85 0
3 1808 1840 1841 224 127 85 0
3 1808 1841 1809 224 127 85 0
3 1809 1841 1842 224 127 85 0
3 1809 1842 1810 224 127 85 0
3 1810 1842 1843 224 127 85 0
3 1810 1843 1811 224 127 85 0
3 1811 1843 1844 224 127 85 0
3 1811 1844 1812 224 127 85 0
3 1812 1844 1845 224 127 85 0
3 1812 1845 1813 224 127 85 0
3 1813 1845 1846 224 127 85 0
3 1813 1846 1814 224 127 85 0
3 1814 1846 1847 224 127 85 0
3 1814 1847 1815 224 127 85 0
3 1815 1847 1848 224 127 85 0
3 1815 1848 1816 224 127 85 0
3 1816 1848 1849 224 127 85 0
3 1816 1849 1817 224 127 85 0
3 1817 1849 1850 224 127 85 0
3 1817 1850 1818 224 127 85 0
3 1818 1850 1851 224 127 85 0
3 1818 1851 1819 224 127 85 0
3 1819 1851 1852 224 127 85 0
3 1819 1852 1820 224 127 85 0
3 1820 1852 1853 224 127 85 0
3 1820 1853 1821 224 127 85 0
3 1821 1853 1854 224 127 85 0
3 1821 1854 1822 224 127 85 0
3 1822 1854 1855 224 127 85 0
3 1822 1855 1823 224 127 85 0
3 1823 1855 1824 224 127 85 0
3 1823 1824 1792 224 127 85 0
3 1824 1856 1857 224 127 85 0
3 1824 1857 1825 224 127 85 0
3 1825 1857 1858 224 127 85 0
3 1825 1858 1826 224 127 85 0
3 1826 1858 1859 224 127 85 0
3 1826 1859 1827 224 127 85 0
3 1827 1859 1860 224 127 85 0
3 1827 1860 1828 224 127 85 0
3 1828 1860 1861 224 127 85 0
3 1828 1861 1829 224 127 85 0
3 1829 1861 1862 224 127 85 0
3 1829 1862 1830 224 127 85 0
3 1830 1862 1863 224 127 85 0
3 1830 1863 1831 224 127 85 0
3 1831 1863 1864 224 127 85 0
3 1831 1864 1832 224 127 85 0
3 1832 1864 1865 224 127 85 0
3 1832 1865 1833 224 127 85 0
3 1833 1865 1866 224 127 85 0
3 1833 1866 1834 224 127 85 0
3 1834 1866 1867 224 127 85 0
3 1834 1867 1835 224 127 85 0
3 1835 1867 1868 224 127 85 0
3 1835 1868 1836 224 127 85 0
3 1836 1868 1869 224 127 85 0
3 1836 1869 1837 224 127 85 0
3 1837 1869 1870 224 127 85 0
3 1837 1870 1838 224 127 85 0
3 1838 1870 1871 224 127 85 0
3 1838 1871 1839 224 127 85 0
3 1839 1871 1872 224 127 85 0
3 1839 1872 1840 224 127 85 0
3 1840 1872 1873 224 127 85 0
3 1840 1873 1841 224 127 85 0
3 1841 1873 1874 224 127 85 0
3 1841 1874 1842 224 127 85 0
3 1842 1874 1875 224 127 85 0
3 1842 1875 1843 224 127 85 0
3 1843 1875 1876 224 127 85 0
3 1843 1876 1844 224 127 85 0
3 1844 1876 1877 224 127 85 0
3 1844 1877 1845 224 127 85 0
3 1845 1877 1878 224 127 85 0
3 1845 1878 1846 224 127 85 0
3 1846 1878 1879 224 127 85 0
3 1846 1879 1847 224 127 85 0
3 1847 1879 1880 224 127 85 0
3 1847 1880 1848 224 127 85 0
3 1848 1880 1881 224 127 85 0
3 1848 1881 1849 224 127 85 0
3 1849 1881 1882 224 127 85 0
3 1849 1882 1850 224 127 85 0
3 1850 1882 1883 224 127 85 0
3 1850 1883 1851 224 127 85 0
3 1851 1883 1884 224 127 85 0
3 1851 1884 1852 224 127 85 0
3 1852 1884 1885 224 127 85 0
3 1852 1885 1853 224 127 85 0
3 1853 1885 1886 224 127 85 0
3 1853 1886 1854 224 127 85 0
3 1854 1886 1887 224 127 85 0
3 1854 1887 1855 224 127 85 0
3 1855 1887 1856 224 127 85 0
3 1855 1856 1824 224 127 85 0
3 1856 1888 1889 224 127 85 0
3 1856 1889 1857 224 127 85 0
3 1857 1889 1890 224 127 85 0
3 1857 1890 1858 224 127 85 0
3 1858 1890 1891 224 127 85 0
3 1858 1891 1859 224 127 85 0
3 1859 1891 1892 224 127 85 0
3 1859 1892 1860 224 127 85 0
3 1860 1892 1893 224 127 85 0
3 1860 1893 1861 224 127 85 0
3 1861 1893 1894 224 127 85 0
3 1861 1894 1862 224 127 85 0
3 1862 1894 1895 224 127 85 0
3 1862 1895 1863 224 127 85 0
3 1863 1895 1896 224 127 85 0
3 1863 1896 1864 224 127 85 0
3 1864 1896 1897 224 127 85 0
3 1864 1897 1865 224 127 85 0
3 1865 1897 1898 224 127 85 0
3 1865 1898 1866 224 127 85 0
3 1866 1898 1899 224 127 85 0
3 1866 1899 1867 224 127 85 0
3 1867 1899 1900 224 127 85 0
3 1867 1900 1868 224 127 85 0
3 1868 1900 1901 224 127 85 0
3 1868 1901 1869 224 127 85 0
3 1869 1901 1902 224 127 85 0
3 1869 1902 1870 224 127 85 0
3 1870 1902 1903 224 127 85 0
3 1870 1903 1871 224 127 85 0
3 1871 1903 1904 224 127 85 0
3 1871 1904 1872 224 127 85 0
3 1872 1904 1905 224 127 85 0
3 1872 1905 1873 224 127 85 0
3 1873 1905 1906 224 127 85 0
3 1873 1906 1874 224 127 85 0
3 1874 1906 1907 224 127 85 0
3 1874 1907 1875 224 127 85 0
3 1875 1907 1908 224 127 85 0
3 1875 1908 1876 224 127 85 0
3 1876 1908 1909 224 127 85 0
3 1876 1909 1877 224 127 85 0
3 1877 1909 1910 224 127 85 0
3 1877 1910 1878 224 127 85 0
3 1878 1910 1911 224 127 85 0
3 1878 1911 1879 224 127 85 0
3 1879 1911 1912 224 127 85 0
3 1879 1912 1880 224 127 85 0
3 1880 1912 1913 224 127 85 0
3 1880 1913 1881 224 127 85 0
3 1881 1913 1914 224 127 85 0
3 1881 1914 1882 224 127 85 0
3 1882 1914 1915 224 127 85 0
3 1882 1915 1883 224 127 85 0
3 1883 1915 1916 224 127 85 0
3 1883 1916 1884 224 127 85 0
3 1884 1916 1917 224 127 85 0
3 1884 1917 1885 224 127 85 0
3 1885 1917 1918 224 127 85 0
3 1885 1918 1886 224 127 85 0
3 1886 1918 1919 224 127 85 0
3 1886 1919 1887 224 127 85 0
3 1887 1919 1888 224 127 85 0
3 1887 1888 1856 224 127 85 0
3 1888 1920 1921 224 127 85 0
3 1888 1921 1889 224 127 85 0
3 1889 1921 1922 224 127 85 0
3 1889 1922 1890 224 127 85 0
3 1890 1922 1923 224 127 85 0
3 1890 1923 1891 224 127 85 0
3 1891 1923 1924 224 127 85 0
3 1891 1924 1892 224 127 85 0
3 1892 1924 1925 224 127 85 0
3 1892 1925 1893 224 127 85 0
3 1893 1925 1926 224 127 85 0
3 1893 1926 1894 224 127 85 0
3 1894 1926 1927 224 127 85 0
3 1894 1927 1895 224 127 85 0
3 1895 1927 1928 224 127 85 0
3 1895 1928 1896 224 127 85 0
3 1896 1928 1929 224 127 85 0
3 1896 1929 1897 224 127 85 0
3 1897 1929 1930 224 127 85 0
3 1897 1930 1898 224 127 85 0
3 1898 1930 1931 224 127 85 0
3 1898 1931 1899 224 127 85 0
3 1899 1931 1932 224 127 85 0
3 1899 1932 1900 224 127 85 0
3 1900 1932 1933 224 127 85 0
3 1900 1933 1901 224 127 85 0
3 1901 1933 1934 224 127 85 0
3 1901 1934 1902 224 127 85 0
3 1902 1934 1935 224 127 85 0
3 1902 1935 1903 224 127 85 0
3 1903 1935 1936 224 127 85 0
3 1903 1936 1904 224 127 85 0
3 1904 1936 1937 224 127 85 0
3 1904 1937 1905 224 127 85 0
3 1905 1937 1938 224 127 85 0
3 1905 1938 1906 224 127 85 0
3 1906 1938 1939 224 127 85 0
3 1906 1939 1907 224 127 85 0
3 1907 1939 1940 224 127 85 0
3 1907 1940 1908 224 127 85 0
3 1908 1940 1941 224 127 85 0
3 1908 1941 1909 224 127 85 0
3 1909 1941 1942 224 127 85 0
3 1909 1942 1910 224 127 85 0
3 1910 1942 1943 224 127 85 0
3 1910 1943 1911 224 127 85 0
3 1911 1943 1944 224 127 85 0
3 1911 1944 1912 224 127 85 0
3 1912 1944 1945 224 127 85 0
3 1912 1945 1913 224 127 85 0
3 1913 1945 1946 224 127 85 0
3 1913 1946 1914 224 127 85 0
3 1914 1946 1947 224 127 85 0
3 1914 1947 1915 224 127 85 0
3 1915 1947 1948 224 127 85 0
3 1915 1948 1916 224 127 85 0
3 1916 1948 1949 224 127 85 0
3 1916 1949 1917 224 127 85 0
3 1917 1949 1950 224 127 85 0
3 1917 1950 1918 224 127 85 0
3 1918 1950 1951 224 127 85 0
3 1918 1951 1919 224 127 85 0
3 1919 1951 1920 224 127 85 0
3 1919 1920 1888 224 127 85 0
3 1920 1952 1953 224 127 85 0
3 1920 1953 1921 224 127 85 0
3 1921 1953 1954 224 127 85 0
3 1921 1954 1922 224 127 85 0
3 1922 1954 1955 224 127 85 0
3 1922 1955 1923 224 127 85 0
3 1923 1955 1956 224 127 85 0
3 1923 1956 1924 224 127 85 0
3 1924 1956 1957 224 127 85 0
3 1924 1957 1925 224 127 85 0
3 1925 1957 1958 224 127 85 0
3 1925 1958 1926 224 127 85 0
3 1926 1958 1959 224 127 85 0
3 1926 1959 1927 224 127 85 0
3 1927 1959 1960 224 127 85 0
3 1927 1960 1928 224 127 85 0
3 1928 1960 1961 224 127 85 0
3 1928 1961 1929 224 127 85 0
3 1929 1961 1962 224 127 85 0
3 1929 1962 1930 224 127 85 0
3 1930 1962 1963 224 127 85 0
3 1930 1963 1931 224 127 85 0
3 1931 1963 1964 224 127 85 0
3 1931 1964 1932 224 127 85 0
3 1932 1964 1965 224 127 85 0
3 1932 1965 1933 224 127 85 0
3 1933 1965 1966 224 127 85 0
3 1933 1966 1934 224 127 85 0
3 1934 1966 1967 224 127 85 0
3 1934 1967 1935 224 127 85 0
3 1935 1967 1968 224 127 85 0
3 1935 1968 1936 224 127 85 0
3 1936 1968 1969 224 127 85 0
3 1936 1969 1937 224 127 85 0
3 1937 1969 1970 224 127 85 0
3 1937 1970 1938 224 127 85 0
3 1938 1970 1971 224 127 85 0
3 1938 1971 1939 224 127 85 0
3 1939 1971 1972 224 127 85 0
3 1939 1972 1940 224 127 85 0
3 1940 1972 1973 224 127 85 0
3 1940 1973 1941 224 127 85 0
3 1941 1973 1974 224 127 85 0
3 1941 1974 1942 224 127 85 0
3 1942 1974 1975 224 127 85 0
3 1942 1975 1943 224 127 85 0
3 1943 1975 1976 224 127 85 0
3 1943 1976 1944 224 127 85 0
3 1944 1976 1977 224 127 85 0
3 1944 1977 1945 224 127 85 0
3 1945 1977 1978 224 127 85 0
3 1945 1978 1946 224 127 85 0
3 1946 1978 1979 224 127 85 0
3 1946 1979 1947 224 127 85 0
3 1947 1979 1980 224 127 85 0
3 1947 1980 1948 224 127 85 0
3 1948 1980 1981 224 127 85 0
3 1948 1981 1949 224 127 85 0
3 1949 1981 1982 224 127 85 0
3 1949 1982 1950 224 127 85 0
3 1950 1982 1983 224 127 85 0
3 1950 1983 1951 224 127 85 0
3 1951 1983 1952 224 127 85 0
3 1951 1952 1920 224 127 85 0
3 1952 1984 1985 224 127 85 0
3 1952 1985 1953 224 127 85 0
3 1953 1985 1986 224 127 85 0
3 1953 1986 1954 224 127 85 0
3 1954 1986 1987 224 127 85 0
3 1954 1987 1955 224 127 85 0
3 1955 1987 1988 224 127 85 0
3 1955 1988 1956 224 127 85 0
3 1956 1988 1989 224 127 85 0
3 1956 1989 1957 224 127 85 0
3 1957 1989 1990 224 127 85 0
3 1957 1990 1958 224 127 85 0
3 1958 1990 1991 224 127 85 0
3 1958 1991 1959 224 127 85 0
3 1959 1991 1992 224 127 85 0
3 1959 1992 1960 224 127 85 0
3 1960 1992 1993 224 127 85 0
3 1960 1993 1961 224 127 85 0
3 1961 1993 1994 224 127 85 0
3 1961 1994 1962 224 127 85 0
3 1962 1994 1995 224 127 85 0
3 1962 1995 1963 224 127 85 0
3 1963 1995 1996 224 127 85 0
3 1963 1996 1964 224 127 85 0
3 1964 1996 1997 224 127 85 0
3 1964 1997 1965 224 127 85 0
3 1965 1997 1998 224 127 85 0
3 1965 1998 1966 224 127 85 0
3 1966 1998 1999 224 127 85 0
3 1966 1999 1967 224 127 85 0
3 1967 1999 2000 224 127 85 0
3 1967 2000 1968 224 127 85 0
3 1968 2000 2001 224 127 85 0
3 1968 2001 1969 224 127 85 0
3 1969 2001 2002 224 127 85 0
3 1969 2002 1970 224 127 85 0
3 1970 2002 2003 224 127 85 0
3 1970 2003 1971 224 127 85 0
3 1971 2003 2004 224 127 85 0
3 1971 2004 1972 224 127 85 0
3 1972 2004 2005 224 127 85 0
3 1972 2005 1973 224 127 85 0
3 1973 2005 2006 224 127 85 0
3 1973 2006 1974 224 127 85 0
3 1974 2006 2007 224 127 85 0
3 1974 2007 1975 224 127 85 0
3 1975 2007 2008 224 127 85 0
3 1975 2008 1976 224 127 85 0
3 1976 2008 2009 224 127 85 0
3 1976 2009 1977 224 127 85 0
3 1977 2009 2010 224 127 85 0
3 1977 2010 1978 224 127 85 0
3 1978 2010 2011 224 127 85 0
3 1978 2011 1979 224 127 85 0
3 1979 2011 2012 224 127 85 0
3 1979 2012 1980 224 127 85 0
3 1980 2012 2013 224 127 85 0
3 1980 2013 1981 224 127 85 0
3 1981 2013 2014 224 127 85 0
3 1981 2014 1982 224 127 85 0
3 1982 2014 2015 224 127 85 0
3 1982 2015 1983 224 127 85 0
3 1983 2015 1984 224 127 85 0
3 1983 1984 1952 224 127 85 0
3 1984 2016 2017 224 127 85 0
3 1984 2017 1985 224 127 85 0
3 1985 2017 2018 224 127 85 0
3 1985 2018 1986 224 127 85 0
3 1986 2018 2019 224 127 85 0
3 1986 2019 1987 224 127 85 0
3 1987 2019 2020 224 127 85 0
3 1987 2020 1988 224 127 85 0
3 1988 2020 2021 224 127 85 0
3 1988 2021 1989 224 127 85 0
3 1989 2021 2022 224 127 85 0
3 1989 2022 1990 224 127 85 0
3 1990 2022 2023 224 127 85 0
3 1990 2023 1991 224 127 85 0
3 1991 2023 2024 224 127 85 0
3 1991 2024 1992 224 127 85 0
3 1992 2024 2025 224 127 85 0
3 1992 2025 1993 224 127 85 0
3 1993 2025 2026 224 127 85 0
3 1993 2026 1994 224 127 85 0
3 1994 2026 2027 224 127 85 0
3 1994 2027 1995 224 127 85 0
3 1995 2027 2028 224 127 85 0
3 1995 2028 1996 224 127 85 0
3 1996 2028 2029 224 127 85 0
3 1996 2029 1997 224 127 85 0
3 1997 2029 2030 224 127 85 0
3 1997 2030 1998 224 127 85 0
3 1998 2030 2031 224 127 85 0
3 1998 2031 1999 224 127 85 0
3 1999 2031 2032 224 127 85 0
3 1999 2032 2000 224 127 85 0
3 2000 2032 2033 224 127 85 0
3 2000 2033 2001 224 127 85 0
3 2001 2033 2034 224 127 85 0
3 2001 2034 2002 224 127 85 0
3 2002 2034 2035 224 127 85 0
3 2002 2035 2003 224 127 85 0
3 2003 2035 2036 224 127 85 0
3 2003 2036 2004 224 127 85 0
3 2004 2036 2037 224 127 85 0
3 2004 2037 2005 224 127 85 0
3 2005 2037 2038 224 127 85 0
3 2005 2038 2006 224 127 85 0
3 2006 2038 2039 224 127 85 0
3 2006 2039 2007 224 127 85 0
3 2007 2039 2040 224 127 85 0
3 2007 2040 2008 224 127 85 0
3 2008 2040 2041 224 127 85 0
3 2008 2041 2009 224 127 85 0
3 2009 2041 2042 224 127 85 0
3 2009 2042 2010 224 127 85 0
3 2010 2042 2043 224 127 85 0
3 2010 2043 2011 224 127 85 0
3 2011 2043 2044 224 127 85 0
3 2011 2044 2012 224 127 85 0
3 2012 2044 2045 224 127 85 0
3 2012 2045 2013 224 127 85 0
3 2013 2045 2046 224 127 85 0
3 2013 2046 2014 224 127 85 0
3 2014 2046 2047 224 127 85 0
3 2014 2047 2015 224 127 85 0
3 2015 2047 2016 224 127 85 0
3 2015 2016 1984 224 127 85 0
3 2016 0 3 224 127 85 0
3 2016 3 2017 224 127 85 0
3 2017 3 5 224 127 85 0
3 2017 5 2018 224 127 85 0
3 2018 5 7 224 127 85 0
3 2018 7 2019 224 127 85 0
3 2019 7 9 224 127 85 0
3 2019 9 2020 224 127 85 0
3 2020 9 11 224 127 85 0
3 2020 11 2021 224 127 85 0
3 2021 11 13 224 127 85 0
3 2021 13 2022 224 127 85 0
3 2022 13 15 224 127 85 0
3 2022 15 2023 224 127 85 0
3 2023 15 17 224 127 85 0
3 2023 17 2024 224 127 85 0
3 2024 17 19 224 127 85 0
3 2024 19 2025 224 127 85 0
3 2025 19 21 224 127 85 0
3 2025 21 2026 224 127 85 0
3 2026 21 23 224 127 85 0
3 2026 23 2027 224 127 85 0
3 2027 23 25 224 127 85 0
3 2027 25 2028 224 127 85 0
3 2028 25 27 224 127 85 0
3 2028 27 2029 224 127 85 0
3 2029 27 29 224 127 85 0
3 2029 29 2030 224 127 85 0
3 2030 29 31 224 127 85 0
3 2030 31 2031 224 127 85 0
3 2031 31 33 224 127 85 0
3 2031 33 2032 224 127 85 0
3 2032 33 35 224 127 85 0
3 2032 35 2033 224 127 85 0
3 2033 35 37 224 127 85 0
3 2033 37 2034 224 127 85 0
3 2034 37 39 224 127 85 0
3 2034 39 2035 224 127 85 0
3 2035 39 41 224 127 85 0
3 2035 41 2036 224 127 85 0
3 2036 41 43 224 127 85 0
3 2036 43 2037 224 127 85 0
3 2037 43 45 224 127 85 0
3 2037 45 2038 224 127 85 0
3 2038 45 47 224 127 85 0
3 2038 47 2039 224 127 85 0
3 2039 47 49 224 127 85 0
3 2039 49 2040 224 127 85 0
3 2040 49 51 224 127 85 0
3 2040 51 2041 224 127 85 0
3 2041 51 53 224 127 85 0
3 2041 53 2042 224 127 85 0
3 2042 53 55 224 127 85 0
3 2042 55 2043 224 127 85 0
3 2043 55 57 224 127 85 0
3 2043 57 2044 224 127 85 0
3 2044 57 59 224 127 85 0
3 2044 59 2045 224 127 85 0
3 2045 59 61 224 127 85 0
3 2045 61 2046 224 127 85 0
3 2046 61 63 224 127 85 0
3 2046 63 2047 224 127 85 0
3 2047 63 0 224 127 85 0
3 2047 0 2016 224 127 85 0
