ply
format ascii 1.0
element vertex 2562
property float x
property float y
property float z
element face 5120
property list uchar int vertex_indices
property uchar red
property uchar green
property uchar blue
property int segment_id
end_header
-2.102924346923828 2.126626968383789 0.0
-2.288222551345825 2.048018455505371 0.06096061319112778
-2.0251920223236084 2.1496195793151855 0.09863634407520294
-2.4625680446624756 1.9596076011657715 0.12162944674491882
-2.2074360847473145 2.067774534225464 0.15974102914333344
-1.9377665519714355 2.162323236465454 0.1968005895614624
-2.7751219272613525 1.7551162242889404 0.24093306064605713
-2.5383169651031494 1.8744640350341797 0.2811477780342102
-2.6251273155212402 1.8618175983428955 0.18171611428260803
-2.2850067615509033 1.9816231727600098 0.3195343315601349
-2.3795812129974365 1.9754252433776855 0.22112028300762177
-1.7355542182922363 2.1566710472106934 0.3898378908634186
-1.8410663604736328 2.164677619934082 0.29402288794517517
-2.0168378353118896 2.0758965015411377 0.35584303736686707
-2.1165401935577393 2.077030658721924 0.2587975859642029
-3.2360680103302 1.25 0.4635254740715027
-3.041623830795288 1.381133794784546 0.5121525526046753
-3.142859935760498 1.386850357055664 0.4105600118637085
-2.8284270763397217 1.50375235080719 0.5576220154762268
-2.9391770362854004 1.5143537521362305 0.45781874656677246
-3.034609317779541 1.5170629024505615 0.35562947392463684
-2.3511412143707275 1.7204773426055908 0.6379880905151367
-2.4767425060272217 1.7425923347473145 0.5423876643180847
-2.597792387008667 1.6171000003814697 0.5996535420417786
-2.5896475315093994 1.7557746171951294 0.44400689005851746
-2.7156522274017334 1.6337430477142334 0.5020374059677124
-2.9118340015411377 1.640014410018921 0.29899680614471436
-2.689277410507202 1.7599563598632812 0.34335002303123474
-2.8209447860717773 1.641548991203308 0.40107160806655884
-1.2360678911209106 2.0225424766540527 0.75
-1.3713929653167725 2.0711171627044678 0.6643000841140747
-1.5307337045669556 1.9647471904754639 0.7285683155059814
-1.5001541376113892 2.109778642654419 0.575420618057251
-1.662389874458313 2.007539749145508 0.6407022476196289
-1.8159621953964233 1.894838571548462 0.7026448249816895
-1.9049028158187866 2.0629377365112305 0.45570167899131775
-1.6217352151870728 2.1383423805236816 0.48378705978393555
-2.064486503601074 1.9586291313171387 0.5192294716835022
-1.7879080772399902 2.040581464767456 0.5490409731864929
-2.089994430541992 1.8132476806640625 0.6723892092704773
-2.213487148284912 1.8442803621292114 0.580095648765564
-1.9449620246887207 1.9314385652542114 0.6124289035797119
-2.4437036514282227 1.8735876083374023 0.382769376039505
-2.334765672683716 1.8633462190628052 0.4832115173339844
-2.180436134338379 1.975280523300171 0.42047908902168274
-3.4026031494140625 0.0 0.7885966300964355
-3.276829719543457 0.1016010195016861 0.8580834865570068
-3.4393913745880127 0.16439391672611237 0.7594469785690308
-3.1353719234466553 0.20271572470664978 0.923462986946106
-3.308439016342163 0.2662350535392761 0.8277885913848877
-3.459717273712158 0.3280009627342224 0.7266624569892883
-2.8081858158111572 0.40155506134033203 1.0406707525253296
-2.9991424083709717 0.46857959032058716 0.9518689513206482
-2.978908061981201 0.30286020040512085 0.9844227433204651
-3.1705968379974365 0.5325571298599243 0.8568775653839111
-3.1606802940368652 0.36853379011154175 0.8923430442810059
-3.450673818588257 0.64972984790802 0.6508328318595886
-3.463484287261963 0.490038126707077 0.6903998851776123
-3.321434259414673 0.593071699142456 0.7563142776489258
-3.323248863220215 0.43132930994033813 0.7937026619911194
-2.0 0.772542417049408 1.2135255336761475
-2.2098140716552734 0.8535875082015991 1.1406089067459106
-2.2189605236053467 0.6842666864395142 1.178572416305542
-2.406003713607788 0.9293699860572815 1.0606601238250732
-2.4229660034179688 0.7630312442779541 1.10219144821167
-2.427300453186035 0.5927157998085022 1.1379785537719727
-2.7527637481689453 1.0633134841918945 0.8816779851913452
-2.7881479263305664 0.9039794206619263 0.9287784099578857
-2.58735990524292 0.9994226098060608 0.9741721153259277
-2.809239149093628 0.7400113940238953 0.9711178541183472
-2.6139888763427734 0.8367288708686829 1.0183696746826172
-2.6240227222442627 0.4983280301094055 1.091937780380249
-2.815930128097534 0.5722500085830688 1.008479118347168
-2.626478433609009 0.6684526801109314 1.0578542947769165
-3.3137874603271484 1.1071667671203613 0.5142723321914673
-3.1435954570770264 1.2142804861068726 0.5740251541137695
-3.375645875930786 0.9590343236923218 0.5625578165054321
-3.2120635509490967 1.0678369998931885 0.6233962178230286
-3.0317416191101074 1.171074628829956 0.6809858083724976
-3.3007001876831055 0.7595027685165405 0.7143385410308838
-3.4213478565216064 0.8063117265701294 0.6081507205963135
-3.1338067054748535 0.8653824925422668 0.7741824388504028
-3.264930248260498 0.9150683283805847 0.6704655289649963
-2.901196002960205 1.1206486225128174 0.7837479114532471
-2.9508485794067383 0.9668260812759399 0.830057680606842
-3.090301752090454 1.0207148790359497 0.7293607592582703
-2.9977402687072754 0.6379489898681641 0.9163888692855835
-2.981353759765625 0.8053526282310486 0.8755372166633606
-3.1604485511779785 0.700798511505127 0.8176635503768921
0.0 1.3143277168273926 1.2759761810302734
-0.16256161034107208 1.4301389455795288 1.2288110256195068
-0.2630302608013153 1.2657450437545776 1.2897717952728271
-0.3243451714515686 1.5391050577163696 1.175764560699463
-0.42597606778144836 1.3796474933624268 1.2406647205352783
-0.5248015522956848 1.211104154586792 1.297394037246704
-0.6424881219863892 1.734451174736023 1.0530697107315063
-0.7497273683547974 1.5864481925964355 1.124678373336792
-0.4845763146877289 1.64070463180542 1.1170904636383057
-0.8520914316177368 1.4281291961669922 1.1889737844467163
-0.5896540284156799 1.4872382879257202 1.1852550506591797
-1.0395677089691162 1.084721326828003 1.294002652168274
-0.7840610146522522 1.1506664752960205 1.2988066673278809
-0.9489147663116455 1.260523796081543 1.2455378770828247
-0.690126895904541 1.3228378295898438 1.2462183237075806
-1.3657400608062744 1.9010149240493774 0.8286802768707275
-1.0948266983032227 1.964287519454956 0.8321101665496826
-1.4869920015335083 1.7677669525146484 0.9022513628005981
-1.2208499908447266 1.8369855880737305 0.9086122512817383
-0.9483452439308167 1.8966307640075684 0.9102376699447632
-1.7013015747070312 1.4694632291793823 1.0322864055633545
-1.4463670253753662 1.547964096069336 1.0455554723739624
-1.5990761518478394 1.6236200332641602 0.9702599048614502
-1.1840182542800903 1.6185296773910522 1.053464651107788
-1.3387662172317505 1.6972827911376953 0.98024582862854
-0.7973248362541199 1.8198964595794678 0.9840085506439209
-0.9156000018119812 1.6807985305786133 1.055973768234253
-1.0695242881774902 1.7630904912948608 0.9849294424057007
-1.771466851234436 0.8571206331253052 1.2426702976226807
-1.942848801612854 0.956708550453186 1.1788482666015625
-1.5344549417495728 0.937596321105957 1.2658672332763672
-1.7085392475128174 1.0389937162399292 1.2045238018035889
-1.8737194538116455 1.1349763870239258 1.1369030475616455
-1.2152045965194702 1.1905643939971924 1.237762689590454
-1.290098786354065 1.0135844945907593 1.2830054759979248
-1.384611964225769 1.2903040647506714 1.1751775741577148
-1.4641093015670776 1.1174426078796387 1.224348783493042
-1.7930378913879395 1.3062465190887451 1.0879485607147217
-1.546921730041504 1.3834295272827148 1.1065682172775269
-1.6331437826156616 1.2156012058258057 1.1588631868362427
-1.0207183361053467 1.5273147821426392 1.124152660369873
-1.2885642051696777 1.459228754043579 1.1180076599121094
-1.1212775707244873 1.3627725839614868 1.1851682662963867
-2.9400439262390137 1.3419594764709473 0.621408998966217
-2.678447961807251 1.2411032915115356 0.8286271691322327
-2.586311101913452 1.4106355905532837 0.7700631618499756
-2.817884683609009 1.2949258089065552 0.7278124690055847
-2.476966381072998 1.5707820653915405 0.7063755989074707
-2.715907096862793 1.4617893695831299 0.6659361124038696
-2.1471354961395264 1.0356817245483398 1.102516531944275
-1.9857653379440308 1.3810453414916992 1.0044180154800415
-2.257016897201538 1.2834386825561523 0.9698666334152222
-2.0718815326690674 1.2130208015441895 1.0567067861557007
-2.513251304626465 1.1772925853729248 0.9288623929023743
-2.338862657546997 1.1098934412002563 1.0184650421142578
-1.657090663909912 1.8375275135040283 0.8051757216453552
-2.209672451019287 1.6740299463272095 0.7446619868278503
-2.053501844406128 1.61644446849823 0.8463813066482544
-1.940833330154419 1.761177897453308 0.7769556045532227
-1.8836681842803955 1.5481040477752686 0.9424692392349243
-1.775829553604126 1.6974419355392456 0.8770735859870911
-2.4299120903015137 1.3516249656677246 0.8729279637336731
-2.162600040435791 1.4548799991607666 0.9112170338630676
-2.327807903289795 1.5186951160430908 0.8109750151634216
-1.8626304864883423 2.2124123573303223 0.0
-1.7814600467681885 2.232316732406616 0.09872537851333618
-1.6134213209152222 2.2876086235046387 0.0
-1.5894023180007935 2.2410025596618652 0.2946183681488037
-1.432915210723877 2.3107616901397705 0.197483092546463
-1.689454436302185 2.2420012950897217 0.19762301445007324
-1.0930659770965576 2.404845714569092 0.0
-1.356489896774292 2.351855754852295 0.0
-1.2671103477478027 2.365494728088379 0.09906363487243652
-1.5268861055374146 2.3047969341278076 0.0989825576543808
-1.0987749099731445 2.1316003799438477 0.6666957139968872
-0.954707682132721 2.2275164127349854 0.5792810916900635
-1.230637788772583 2.1743133068084717 0.5788592100143433
-0.6498394012451172 2.377641439437866 0.39429837465286255
-0.9298205971717834 2.3401238918304443 0.39622682332992554
-0.8047543168067932 2.3096988201141357 0.4882949888706207
-1.2050354480743408 2.2906103134155273 0.39612412452697754
-1.0825083255767822 2.2645797729492188 0.48889344930648804
-1.4740731716156006 2.2293548583984375 0.3939908444881439
-1.3568352460861206 2.20709228515625 0.4872952699661255
0.0 2.5 0.0
-0.2765662968158722 2.4940171241760254 0.0
-0.164993554353714 2.492293357849121 0.1001119539141655
-0.5518088936805725 2.4760971069335938 0.0
-0.4415399432182312 2.479119062423706 0.10006408393383026
-0.3289698660373688 2.4692208766937256 0.19960668683052063
-0.9893027544021606 2.4166078567504883 0.09985029697418213
-0.8244103789329529 2.4463260173797607 0.0
-0.8804680705070496 2.4159815311431885 0.1991887390613556
-0.7183836102485657 2.453707695007324 0.09990659356117249
-0.49091795086860657 2.430924892425537 0.2978707551956177
-0.7671198844909668 2.402970314025879 0.29750606417655945
-0.6061955094337463 2.4485654830932617 0.1998845636844635
-1.3224260807037354 2.3067049980163574 0.29758012294769287
-1.0462015867233276 2.361081600189209 0.2986412048339844
-1.1597176790237427 2.3695545196533203 0.19885477423667908
0.16256161034107208 1.4301389455795288 1.2288110256195068
0.3243451714515686 1.5391050577163696 1.175764560699463
0.0 1.5441899299621582 1.179648995399475
0.6424881219863892 1.734451174736023 1.0530697107315063
0.32229194045066833 1.751554250717163 1.0634537935256958
0.4845763146877289 1.64070463180542 1.1170904636383057
0.0 1.7572675943374634 1.0669225454330444
0.16256842017173767 1.6522091627120972 1.1240805387496948
-0.32229194045066833 1.751554250717163 1.0634537935256958
-0.16256842017173767 1.6522091627120972 1.1240805387496948
1.2360678911209106 2.0225424766540527 0.75
0.9337813258171082 2.067868232727051 0.7668076753616333
1.0948266983032227 1.964287519454956 0.8321101665496826
0.6257378458976746 2.100444793701172 0.7788877487182617
0.789097785949707 2.0037591457366943 0.8467692136764526
0.9483452439308167 1.8966307640075684 0.9102376699447632
0.0 2.126626968383789 0.7885966300964355
0.16270072758197784 2.0438075065612793 0.8616865873336792
0.31383639574050903 2.1200714111328125 0.7861656546592712
0.32456740736961365 1.950510859489441 0.9303593635559082
0.4763128459453583 2.030423641204834 0.8567103147506714
0.7973248362541199 1.8198964595794678 0.9840085506439209
0.4847702980041504 1.8472157716751099 0.9942629337310791
0.6384516358375549 1.9296014308929443 0.9231836199760437
-0.9337813258171082 2.067868232727051 0.7668076753616333
-0.789097785949707 2.0037591457366943 0.8467692136764526
-0.6257378458976746 2.100444793701172 0.7788877487182617
-0.4847702980041504 1.8472157716751099 0.9942629337310791
-0.32456740736961365 1.950510859489441 0.9303593635559082
-0.6384516358375549 1.9296014308929443 0.9231836199760437
-0.31383639574050903 2.1200714111328125 0.7861656546592712
-0.16270072758197784 2.0438075065612793 0.8616865873336792
-0.4763128459453583 2.030423641204834 0.8567103147506714
0.16270826756954193 1.8587393760681152 1.001253604888916
0.0 1.9569637775421143 0.9334372282028198
-0.16270826756954193 1.8587393760681152 1.001253604888916
2.102924346923828 2.126626968383789 0.0
1.8626304864883423 2.2124123573303223 0.0
2.0251920223236084 2.1496195793151855 0.09863634407520294
1.6134213209152222 2.2876086235046387 0.0
1.7814600467681885 2.232316732406616 0.09872537851333618
1.9377665519714355 2.162323236465454 0.1968005895614624
1.0930659770965576 2.404845714569092 0.0
1.2671103477478027 2.365494728088379 0.09906363487243652
1.356489896774292 2.351855754852295 0.0
1.432915210723877 2.3107616901397705 0.197483092546463
1.5268861055374146 2.3047969341278076 0.0989825576543808
1.7355542182922363 2.1566710472106934 0.3898378908634186
1.8410663604736328 2.164677619934082 0.29402288794517517
1.5894023180007935 2.2410025596618652 0.2946183681488037
1.689454436302185 2.2420012950897217 0.19762301445007324
0.164993554353714 2.492293357849121 0.1001119539141655
0.2765662968158722 2.4940171241760254 0.0
0.3289698660373688 2.4692208766937256 0.19960668683052063
0.4415399432182312 2.479119062423706 0.10006408393383026
0.5518088936805725 2.4760971069335938 0.0
0.6498394012451172 2.377641439437866 0.39429837465286255
0.7671198844909668 2.402970314025879 0.29750606417655945
0.49091795086860657 2.430924892425537 0.2978707551956177
0.8804680705070496 2.4159815311431885 0.1991887390613556
0.6061955094337463 2.4485654830932617 0.1998845636844635
0.8244103789329529 2.4463260173797607 0.0
0.9893027544021606 2.4166078567504883 0.09985029697418213
0.7183836102485657 2.453707695007324 0.09990659356117249
1.3713929653167725 2.0711171627044678 0.6643000841140747
1.0987749099731445 2.1316003799438477 0.6666957139968872
1.5001541376113892 2.109778642654419 0.575420618057251
1.230637788772583 2.1743133068084717 0.5788592100143433
0.954707682132721 2.2275164127349854 0.5792810916900635
1.4740731716156006 2.2293548583984375 0.3939908444881439
1.6217352151870728 2.1383423805236816 0.48378705978393555
1.2050354480743408 2.2906103134155273 0.39612412452697754
1.3568352460861206 2.20709228515625 0.4872952699661255
0.8047543168067932 2.3096988201141357 0.4882949888706207
0.9298205971717834 2.3401238918304443 0.39622682332992554
1.0825083255767822 2.2645797729492188 0.48889344930648804
1.1597176790237427 2.3695545196533203 0.19885477423667908
1.0462015867233276 2.361081600189209 0.2986412048339844
1.3224260807037354 2.3067049980163574 0.29758012294769287
-0.7929088473320007 2.1713361740112305 0.6813927292823792
-0.1651967167854309 2.211899995803833 0.6963200569152832
-0.3292943239212036 2.282456159591675 0.5994105339050293
-0.47902193665504456 2.198361396789551 0.6913224458694458
-0.4912009835243225 2.3378260135650635 0.4985129237174988
-0.6440256237983704 2.2620973587036133 0.5912042856216431
0.7929088473320007 2.1713361740112305 0.6813927292823792
0.4912009835243225 2.3378260135650635 0.4985129237174988
0.3292943239212036 2.282456159591675 0.5994105339050293
0.6440256237983704 2.2620973587036133 0.5912042856216431
0.1651967167854309 2.211899995803833 0.6963200569152832
0.47902193665504456 2.198361396789551 0.6913224458694458
0.0 2.477614164352417 0.2002851665019989
-0.3260042369365692 2.401636838912964 0.3982776999473572
0.0 2.4096531867980957 0.3996070623397827
-0.16500364243984222 2.447129726409912 0.3005516827106476
0.3260042369365692 2.401636838912964 0.3982776999473572
0.16500364243984222 2.447129726409912 0.3005516827106476
0.0 2.2902300357818604 0.601452112197876
0.16520793735980988 2.3540451526641846 0.50121009349823
-0.16520793735980988 2.3540451526641846 0.50121009349823
-2.0251920223236084 2.1496195793151855 -0.09863634407520294
-1.7814600467681885 2.232316732406616 -0.09872537851333618
-1.9377665519714355 2.162323236465454 -0.1968005895614624
-1.2671103477478027 2.365494728088379 -0.09906363487243652
-1.432915210723877 2.3107616901397705 -0.197483092546463
-1.5268861055374146 2.3047969341278076 -0.0989825576543808
-1.7355542182922363 2.1566710472106934 -0.3898378908634186
-1.8410663604736328 2.164677619934082 -0.29402288794517517
-1.5894023180007935 2.2410025596618652 -0.2946183681488037
-1.689454436302185 2.2420012950897217 -0.19762301445007324
-0.164993554353714 2.492293357849121 -0.1001119539141655
-0.3289698660373688 2.4692208766937256 -0.19960668683052063
-0.4415399432182312 2.479119062423706 -0.10006408393383026
-0.6498394012451172 2.377641439437866 -0.39429837465286255
-0.7671198844909668 2.402970314025879 -0.29750606417655945
-0.49091795086860657 2.430924892425537 -0.2978707551956177
-0.8804680705070496 2.4159815311431885 -0.1991887390613556
-0.6061955094337463 2.4485654830932617 -0.1998845636844635
-0.9893027544021606 2.4166078567504883 -0.09985029697418213
-0.7183836102485657 2.453707695007324 -0.09990659356117249
-1.2360678911209106 2.0225424766540527 -0.75
-1.3713929653167725 2.0711171627044678 -0.6643000841140747
-1.0987749099731445 2.1316003799438477 -0.6666957139968872
-1.5001541376113892 2.109778642654419 -0.575420618057251
-1.230637788772583 2.1743133068084717 -0.5788592100143433
-0.954707682132721 2.2275164127349854 -0.5792810916900635
-1.4740731716156006 2.2293548583984375 -0.3939908444881439
-1.6217352151870728 2.1383423805236816 -0.48378705978393555
-1.2050354480743408 2.2906103134155273 -0.39612412452697754
-1.3568352460861206 2.20709228515625 -0.4872952699661255
-0.8047543168067932 2.3096988201141357 -0.4882949888706207
-0.9298205971717834 2.3401238918304443 -0.39622682332992554
-1.0825083255767822 2.2645797729492188 -0.48889344930648804
-1.1597176790237427 2.3695545196533203 -0.19885477423667908
-1.0462015867233276 2.361081600189209 -0.2986412048339844
-1.3224260807037354 2.3067049980163574 -0.29758012294769287
2.0251920223236084 2.1496195793151855 -0.09863634407520294
1.9377665519714355 2.162323236465454 -0.1968005895614624
1.7814600467681885 2.232316732406616 -0.09872537851333618
1.7355542182922363 2.1566710472106934 -0.3898378908634186
1.5894023180007935 2.2410025596618652 -0.2946183681488037
1.8410663604736328 2.164677619934082 -0.29402288794517517
1.432915210723877 2.3107616901397705 -0.197483092546463
1.689454436302185 2.2420012950897217 -0.19762301445007324
1.2671103477478027 2.365494728088379 -0.09906363487243652
1.5268861055374146 2.3047969341278076 -0.0989825576543808
1.2360678911209106 2.0225424766540527 -0.75
1.0987749099731445 2.1316003799438477 -0.6666957139968872
1.3713929653167725 2.0711171627044678 -0.6643000841140747
0.954707682132721 2.2275164127349854 -0.5792810916900635
1.230637788772583 2.1743133068084717 -0.5788592100143433
1.5001541376113892 2.109778642654419 -0.575420618057251
0.6498394012451172 2.377641439437866 -0.39429837465286255
0.9298205971717834 2.3401238918304443 -0.39622682332992554
0.8047543168067932 2.3096988201141357 -0.4882949888706207
1.2050354480743408 2.2906103134155273 -0.39612412452697754
1.0825083255767822 2.2645797729492188 -0.48889344930648804
1.6217352151870728 2.1383423805236816 -0.48378705978393555
1.4740731716156006 2.2293548583984375 -0.3939908444881439
1.3568352460861206 2.20709228515625 -0.4872952699661255
0.164993554353714 2.492293357849121 -0.1001119539141655
0.4415399432182312 2.479119062423706 -0.10006408393383026
0.3289698660373688 2.4692208766937256 -0.19960668683052063
0.9893027544021606 2.4166078567504883 -0.09985029697418213
0.8804680705070496 2.4159815311431885 -0.1991887390613556
0.7183836102485657 2.453707695007324 -0.09990659356117249
0.49091795086860657 2.430924892425537 -0.2978707551956177
0.7671198844909668 2.402970314025879 -0.29750606417655945
0.6061955094337463 2.4485654830932617 -0.1998845636844635
1.3224260807037354 2.3067049980163574 -0.29758012294769287
1.0462015867233276 2.361081600189209 -0.2986412048339844
1.1597176790237427 2.3695545196533203 -0.19885477423667908
0.0 1.3143277168273926 -1.2759761810302734
-0.16256161034107208 1.4301389455795288 -1.2288110256195068
0.16256161034107208 1.4301389455795288 -1.2288110256195068
-0.3243451714515686 1.5391050577163696 -1.175764560699463
0.0 1.5441899299621582 -1.179648995399475
0.3243451714515686 1.5391050577163696 -1.175764560699463
-0.6424881219863892 1.734451174736023 -1.0530697107315063
-0.32229194045066833 1.751554250717163 -1.0634537935256958
-0.4845763146877289 1.64070463180542 -1.1170904636383057
0.0 1.7572675943374634 -1.0669225454330444
-0.16256842017173767 1.6522091627120972 -1.1240805387496948
0.6424881219863892 1.734451174736023 -1.0530697107315063
0.4845763146877289 1.64070463180542 -1.1170904636383057
0.32229194045066833 1.751554250717163 -1.0634537935256958
0.16256842017173767 1.6522091627120972 -1.1240805387496948
-0.9337813258171082 2.067868232727051 -0.7668076753616333
-1.0948266983032227 1.964287519454956 -0.8321101665496826
-0.6257378458976746 2.100444793701172 -0.7788877487182617
-0.789097785949707 2.0037591457366943 -0.8467692136764526
-0.9483452439308167 1.8966307640075684 -0.9102376699447632
0.0 2.126626968383789 -0.7885966300964355
-0.16270072758197784 2.0438075065612793 -0.8616865873336792
-0.31383639574050903 2.1200714111328125 -0.7861656546592712
-0.32456740736961365 1.950510859489441 -0.9303593635559082
-0.4763128459453583 2.030423641204834 -0.8567103147506714
-0.7973248362541199 1.8198964595794678 -0.9840085506439209
-0.4847702980041504 1.8472157716751099 -0.9942629337310791
-0.6384516358375549 1.9296014308929443 -0.9231836199760437
1.0948266983032227 1.964287519454956 -0.8321101665496826
0.9337813258171082 2.067868232727051 -0.7668076753616333
0.9483452439308167 1.8966307640075684 -0.9102376699447632
0.789097785949707 2.0037591457366943 -0.8467692136764526
0.6257378458976746 2.100444793701172 -0.7788877487182617
0.4847702980041504 1.8472157716751099 -0.9942629337310791
0.7973248362541199 1.8198964595794678 -0.9840085506439209
0.32456740736961365 1.950510859489441 -0.9303593635559082
0.6384516358375549 1.9296014308929443 -0.9231836199760437
0.31383639574050903 2.1200714111328125 -0.7861656546592712
0.16270072758197784 2.0438075065612793 -0.8616865873336792
0.4763128459453583 2.030423641204834 -0.8567103147506714
-0.16270826756954193 1.8587393760681152 -1.001253604888916
0.0 1.9569637775421143 -0.9334372282028198
0.16270826756954193 1.8587393760681152 -1.001253604888916
0.0 2.477614164352417 -0.2002851665019989
0.3260042369365692 2.401636838912964 -0.3982776999473572
0.0 2.4096531867980957 -0.3996070623397827
0.16500364243984222 2.447129726409912 -0.3005516827106476
-0.3260042369365692 2.401636838912964 -0.3982776999473572
-0.16500364243984222 2.447129726409912 -0.3005516827106476
0.7929088473320007 2.1713361740112305 -0.6813927292823792
0.1651967167854309 2.211899995803833 -0.6963200569152832
0.3292943239212036 2.282456159591675 -0.5994105339050293
0.47902193665504456 2.198361396789551 -0.6913224458694458
0.4912009835243225 2.3378260135650635 -0.4985129237174988
0.6440256237983704 2.2620973587036133 -0.5912042856216431
-0.7929088473320007 2.1713361740112305 -0.6813927292823792
-0.4912009835243225 2.3378260135650635 -0.4985129237174988
-0.3292943239212036 2.282456159591675 -0.5994105339050293
-0.6440256237983704 2.2620973587036133 -0.5912042856216431
-0.1651967167854309 2.211899995803833 -0.6963200569152832
-0.47902193665504456 2.198361396789551 -0.6913224458694458
0.16520793735980988 2.3540451526641846 -0.50121009349823
0.0 2.2902300357818604 -0.601452112197876
-0.16520793735980988 2.3540451526641846 -0.50121009349823
-2.288222551345825 2.048018455505371 -0.06096061319112778
-2.2074360847473145 2.067774534225464 -0.15974102914333344
-2.4625680446624756 1.9596076011657715 -0.12162944674491882
-2.0168378353118896 2.0758965015411377 -0.35584303736686707
-2.2850067615509033 1.9816231727600098 -0.3195343315601349
-2.1165401935577393 2.077030658721924 -0.2587975859642029
-2.7751219272613525 1.7551162242889404 -0.24093306064605713
-2.6251273155212402 1.8618175983428955 -0.18171611428260803
-2.5383169651031494 1.8744640350341797 -0.2811477780342102
-2.3795812129974365 1.9754252433776855 -0.22112028300762177
-1.5307337045669556 1.9647471904754639 -0.7285683155059814
-1.8159621953964233 1.894838571548462 -0.7026448249816895
-1.662389874458313 2.007539749145508 -0.6407022476196289
-2.3511412143707275 1.7204773426055908 -0.6379880905151367
-2.213487148284912 1.8442803621292114 -0.580095648765564
-2.089994430541992 1.8132476806640625 -0.6723892092704773
-2.064486503601074 1.9586291313171387 -0.5192294716835022
-1.9449620246887207 1.9314385652542114 -0.6124289035797119
-1.9049028158187866 2.0629377365112305 -0.45570167899131775
-1.7879080772399902 2.040581464767456 -0.5490409731864929
-3.2360680103302 1.25 -0.4635254740715027
-3.142859935760498 1.386850357055664 -0.4105600118637085
-3.041623830795288 1.381133794784546 -0.5121525526046753
-3.034609317779541 1.5170629024505615 -0.35562947392463684
-2.9391770362854004 1.5143537521362305 -0.45781874656677246
-2.8284270763397217 1.50375235080719 -0.5576220154762268
-2.689277410507202 1.7599563598632812 -0.34335002303123474
-2.9118340015411377 1.640014410018921 -0.29899680614471436
-2.5896475315093994 1.7557746171951294 -0.44400689005851746
-2.8209447860717773 1.641548991203308 -0.40107160806655884
-2.597792387008667 1.6171000003814697 -0.5996535420417786
-2.4767425060272217 1.7425923347473145 -0.5423876643180847
-2.7156522274017334 1.6337430477142334 -0.5020374059677124
-2.180436134338379 1.975280523300171 -0.42047908902168274
-2.334765672683716 1.8633462190628052 -0.4832115173339844
-2.4437036514282227 1.8735876083374023 -0.382769376039505
-0.2630302608013153 1.2657450437545776 -1.2897717952728271
-0.5248015522956848 1.211104154586792 -1.297394037246704
-0.42597606778144836 1.3796474933624268 -1.2406647205352783
-1.0395677089691162 1.084721326828003 -1.294002652168274
-0.9489147663116455 1.260523796081543 -1.2455378770828247
-0.7840610146522522 1.1506664752960205 -1.2988066673278809
-0.8520914316177368 1.4281291961669922 -1.1889737844467163
-0.690126895904541 1.3228378295898438 -1.2462183237075806
-0.7497273683547974 1.5864481925964355 -1.124678373336792
-0.5896540284156799 1.4872382879257202 -1.1852550506591797
-2.0 0.772542417049408 -1.2135255336761475
-1.942848801612854 0.956708550453186 -1.1788482666015625
-1.771466851234436 0.8571206331253052 -1.2426702976226807
-1.8737194538116455 1.1349763870239258 -1.1369030475616455
-1.7085392475128174 1.0389937162399292 -1.2045238018035889
-1.5344549417495728 0.937596321105957 -1.2658672332763672
-1.7013015747070312 1.4694632291793823 -1.0322864055633545
-1.546921730041504 1.3834295272827148 -1.1065682172775269
-1.7930378913879395 1.3062465190887451 -1.0879485607147217
-1.384611964225769 1.2903040647506714 -1.1751775741577148
-1.6331437826156616 1.2156012058258057 -1.1588631868362427
-1.290098786354065 1.0135844945907593 -1.2830054759979248
-1.2152045965194702 1.1905643939971924 -1.237762689590454
-1.4641093015670776 1.1174426078796387 -1.224348783493042
-1.3657400608062744 1.9010149240493774 -0.8286802768707275
-1.2208499908447266 1.8369855880737305 -0.9086122512817383
-1.4869920015335083 1.7677669525146484 -0.9022513628005981
-0.9156000018119812 1.6807985305786133 -1.055973768234253
-1.1840182542800903 1.6185296773910522 -1.053464651107788
-1.0695242881774902 1.7630904912948608 -0.9849294424057007
-1.5990761518478394 1.6236200332641602 -0.9702599048614502
-1.4463670253753662 1.547964096069336 -1.0455554723739624
-1.3387662172317505 1.6972827911376953 -0.98024582862854
-1.1212775707244873 1.3627725839614868 -1.1851682662963867
-1.2885642051696777 1.459228754043579 -1.1180076599121094
-1.0207183361053467 1.5273147821426392 -1.124152660369873
-3.4026031494140625 0.0 -0.7885966300964355
-3.4393913745880127 0.16439391672611237 -0.7594469785690308
-3.276829719543457 0.1016010195016861 -0.8580834865570068
-3.459717273712158 0.3280009627342224 -0.7266624569892883
-3.308439016342163 0.2662350535392761 -0.8277885913848877
-3.1353719234466553 0.20271572470664978 -0.923462986946106
-3.450673818588257 0.64972984790802 -0.6508328318595886
-3.321434259414673 0.593071699142456 -0.7563142776489258
-3.463484287261963 0.490038126707077 -0.6903998851776123
-3.1705968379974365 0.5325571298599243 -0.8568775653839111
-3.323248863220215 0.43132930994033813 -0.7937026619911194
-2.8081858158111572 0.40155506134033203 -1.0406707525253296
-2.978908061981201 0.30286020040512085 -0.9844227433204651
-2.9991424083709717 0.46857959032058716 -0.9518689513206482
-3.1606802940368652 0.36853379011154175 -0.8923430442810059
-3.1435954570770264 1.2142804861068726 -0.5740251541137695
-3.3137874603271484 1.1071667671203613 -0.5142723321914673
-3.0317416191101074 1.171074628829956 -0.6809858083724976
-3.2120635509490967 1.0678369998931885 -0.6233962178230286
-3.375645875930786 0.9590343236923218 -0.5625578165054321
-2.7527637481689453 1.0633134841918945 -0.8816779851913452
-2.9508485794067383 0.9668260812759399 -0.830057680606842
-2.901196002960205 1.1206486225128174 -0.7837479114532471
-3.1338067054748535 0.8653824925422668 -0.7741824388504028
-3.090301752090454 1.0207148790359497 -0.7293607592582703
-3.4213478565216064 0.8063117265701294 -0.6081507205963135
-3.3007001876831055 0.7595027685165405 -0.7143385410308838
-3.264930248260498 0.9150683283805847 -0.6704655289649963
-2.2189605236053467 0.6842666864395142 -1.178572416305542
-2.2098140716552734 0.8535875082015991 -1.1406089067459106
-2.427300453186035 0.5927157998085022 -1.1379785537719727
-2.4229660034179688 0.7630312442779541 -1.10219144821167
-2.406003713607788 0.9293699860572815 -1.0606601238250732
-2.815930128097534 0.5722500085830688 -1.008479118347168
-2.6240227222442627 0.4983280301094055 -1.091937780380249
-2.809239149093628 0.7400113940238953 -0.9711178541183472
-2.626478433609009 0.6684526801109314 -1.0578542947769165
-2.58735990524292 0.9994226098060608 -0.9741721153259277
-2.7881479263305664 0.9039794206619263 -0.9287784099578857
-2.6139888763427734 0.8367288708686829 -1.0183696746826172
-3.1604485511779785 0.700798511505127 -0.8176635503768921
-2.981353759765625 0.8053526282310486 -0.8755372166633606
-2.9977402687072754 0.6379489898681641 -0.9163888692855835
-1.657090663909912 1.8375275135040283 -0.8051757216453552
-1.8836681842803955 1.5481040477752686 -0.9424692392349243
-2.053501844406128 1.61644446849823 -0.8463813066482544
-1.775829553604126 1.6974419355392456 -0.8770735859870911
-2.209672451019287 1.6740299463272095 -0.7446619868278503
-1.940833330154419 1.761177897453308 -0.7769556045532227
-2.1471354961395264 1.0356817245483398 -1.102516531944275
-2.513251304626465 1.1772925853729248 -0.9288623929023743
-2.257016897201538 1.2834386825561523 -0.9698666334152222
-2.338862657546997 1.1098934412002563 -1.0184650421142578
-1.9857653379440308 1.3810453414916992 -1.0044180154800415
-2.0718815326690674 1.2130208015441895 -1.0567067861557007
-2.9400439262390137 1.3419594764709473 -0.621408998966217
-2.476966381072998 1.5707820653915405 -0.7063755989074707
-2.586311101913452 1.4106355905532837 -0.7700631618499756
-2.715907096862793 1.4617893695831299 -0.6659361124038696
-2.678447961807251 1.2411032915115356 -0.8286271691322327
-2.817884683609009 1.2949258089065552 -0.7278124690055847
-2.162600040435791 1.4548799991607666 -0.9112170338630676
-2.4299120903015137 1.3516249656677246 -0.8729279637336731
-2.327807903289795 1.5186951160430908 -0.8109750151634216
-2.4707038402557373 1.9660817384719849 0.0
-2.8024866580963135 1.7724229097366333 -0.12085947394371033
-2.8116281032562256 1.7782044410705566 0.0
-2.6435346603393555 1.8734675645828247 -0.060963161289691925
-2.8024866580963135 1.7724229097366333 0.12085947394371033
-2.6435346603393555 1.8734675645828247 0.060963161289691925
-3.308588981628418 1.2780128717422485 -0.35016798973083496
-3.3607115745544434 1.2981462478637695 -0.23465168476104736
-3.206014633178711 1.411281943321228 -0.29591166973114014
-3.4026031494140625 1.3143277168273926 0.0
-3.270092010498047 1.4361443519592285 -0.06101277843117714
-3.3921141624450684 1.3102760314941406 -0.11768864840269089
-3.1208174228668213 1.5505990982055664 -0.12171278893947601
-3.2486777305603027 1.427850604057312 -0.17861731350421906
-2.955544948577881 1.6571049690246582 -0.1817888617515564
-3.087362051010132 1.5386396646499634 -0.2394193708896637
-3.308588981628418 1.2780128717422485 0.35016798973083496
-3.206014633178711 1.411281943321228 0.29591166973114014
-3.3607115745544434 1.2981462478637695 0.23465168476104736
-2.955544948577881 1.6571049690246582 0.1817888617515564
-3.1208174228668213 1.5505990982055664 0.12171278893947601
-3.087362051010132 1.5386396646499634 0.2394193708896637
-3.3921141624450684 1.3102760314941406 0.11768864840269089
-3.270092010498047 1.4361443519592285 0.06101277843117714
-3.2486777305603027 1.427850604057312 0.17861731350421906
-2.9739830493927 1.668756127357483 -0.06101560592651367
-3.1311421394348145 1.5557289123535156 0.0
-2.9739830493927 1.668756127357483 0.06101560592651367
-3.5398597717285156 0.0 -0.6984864473342896
-3.6601736545562744 0.0 -0.6050329804420471
-3.571706771850586 0.1645422875881195 -0.6680475473403931
-3.8477532863616943 0.0 -0.4098997414112091
-3.7847914695739746 0.16510605812072754 -0.475166380405426
-3.7629690170288086 0.0 -0.5086836814880371
-3.697218656539917 0.32913848757743835 -0.5373432040214539
-3.6876749992370605 0.16497091948986053 -0.5725823044776917
-3.585603952407837 0.49103063344955444 -0.5960258841514587
-3.5872020721435547 0.32937169075012207 -0.6335453987121582
-4.0 0.0 0.0
-3.9876694679260254 0.16685324907302856 -0.061872582882642746
-3.9904274940490723 0.0 -0.10371236503124237
-3.9507534503936768 0.33267781138420105 -0.12336370348930359
-3.966590404510498 0.1667734831571579 -0.1655774712562561
-3.9617555141448975 0.0 -0.2069283425807953
-3.8042261600494385 0.6571639180183411 -0.24368977546691895
-3.844752550125122 0.49584344029426575 -0.28766995668411255
-3.889479637145996 0.4964512586593628 -0.18409423530101776
-3.865570545196533 0.33198121190071106 -0.330175518989563
-3.9177045822143555 0.33314093947410583 -0.22732332348823547
-3.914121627807617 0.0 -0.30915388464927673
-3.866572380065918 0.16641715168952942 -0.37098854780197144
-3.9259324073791504 0.16651099920272827 -0.2693938612937927
-3.4105606079101562 1.1111595630645752 -0.4120405912399292
-3.4789011478424072 0.9647653102874756 -0.46148908138275146
-3.564026355743408 0.9654685258865356 -0.35801541805267334
-3.5669679641723633 0.6566513776779175 -0.5527774095535278
-3.6649765968322754 0.6602069139480591 -0.4518882930278778
-3.5313477516174316 0.8121588230133057 -0.508813202381134
-3.6955182552337646 0.8138250112533569 -0.30178287625312805
-3.7441980838775635 0.6603780388832092 -0.3486827313899994
-3.6233272552490234 0.8148224353790283 -0.4059406518936157
-3.7912871837615967 0.33142462372779846 -0.4348941445350647
-3.7777302265167236 0.49773529171943665 -0.3923255503177643
-3.690727949142456 0.4959668517112732 -0.49590978026390076
-3.5398597717285156 0.0 0.6984864473342896
-3.571706771850586 0.1645422875881195 0.6680475473403931
-3.6601736545562744 0.0 0.6050329804420471
-3.585603952407837 0.49103063344955444 0.5960258841514587
-3.697218656539917 0.32913848757743835 0.5373432040214539
-3.5872020721435547 0.32937169075012207 0.6335453987121582
-3.8477532863616943 0.0 0.4098997414112091
-3.7629690170288086 0.0 0.5086836814880371
-3.7847914695739746 0.16510605812072754 0.475166380405426
-3.6876749992370605 0.16497091948986053 0.5725823044776917
-3.4105606079101562 1.1111595630645752 0.4120405912399292
-3.564026355743408 0.9654685258865356 0.35801541805267334
-3.4789011478424072 0.9647653102874756 0.46148908138275146
-3.8042261600494385 0.6571639180183411 0.24368977546691895
-3.7441980838775635 0.6603780388832092 0.3486827313899994
-3.6955182552337646 0.8138250112533569 0.30178287625312805
-3.6649765968322754 0.6602069139480591 0.4518882930278778
-3.6233272552490234 0.8148224353790283 0.4059406518936157
-3.5669679641723633 0.6566513776779175 0.5527774095535278
-3.5313477516174316 0.8121588230133057 0.508813202381134
-3.9904274940490723 0.0 0.10371236503124237
-3.9876694679260254 0.16685324907302856 0.061872582882642746
-3.9617555141448975 0.0 0.2069283425807953
-3.966590404510498 0.1667734831571579 0.1655774712562561
-3.9507534503936768 0.33267781138420105 0.12336370348930359
-3.866572380065918 0.16641715168952942 0.37098854780197144
-3.914121627807617 0.0 0.30915388464927673
-3.865570545196533 0.33198121190071106 0.330175518989563
-3.9259324073791504 0.16651099920272827 0.2693938612937927
-3.889479637145996 0.4964512586593628 0.18409423530101776
-3.844752550125122 0.49584344029426575 0.28766995668411255
-3.9177045822143555 0.33314093947410583 0.22732332348823547
-3.690727949142456 0.4959668517112732 0.49590978026390076
-3.7777302265167236 0.49773529171943665 0.3923255503177643
-3.7912871837615967 0.33142462372779846 0.4348941445350647
-3.474138021469116 1.1356545686721802 -0.2973408102989197
-3.7405216693878174 0.8308548331260681 -0.18420037627220154
-3.6519298553466797 0.999017596244812 -0.12348537147045135
-3.6193559169769287 0.9853405356407166 -0.24150961637496948
-3.5390398502349854 1.1605334281921387 -0.06194876879453659
-3.517378091812134 1.1522040367126465 -0.179633229970932
-3.9641826152801514 0.33380863070487976 0.0
-3.842618942260742 0.6637961268424988 0.12225158512592316
-3.85544490814209 0.6660118103027344 0.0
-3.915407657623291 0.5009194612503052 0.061876364052295685
-3.842618942260742 0.6637961268424988 -0.12225158512592316
-3.915407657623291 0.5009194612503052 -0.061876364052295685
-3.474138021469116 1.1356545686721802 0.2973408102989197
-3.5390398502349854 1.1605334281921387 0.06194876879453659
-3.6519298553466797 0.999017596244812 0.12348537147045135
-3.517378091812134 1.1522040367126465 0.179633229970932
-3.7405216693878174 0.8308548331260681 0.18420037627220154
-3.6193559169769287 0.9853405356407166 0.24150961637496948
-3.766472101211548 0.8353501558303833 -0.06195297837257385
-3.766472101211548 0.8353501558303833 0.06195297837257385
-3.664368152618408 1.00242018699646 0.0
2.288222551345825 2.048018455505371 0.06096061319112778
2.2074360847473145 2.067774534225464 0.15974102914333344
2.4625680446624756 1.9596076011657715 0.12162944674491882
2.0168378353118896 2.0758965015411377 0.35584303736686707
2.2850067615509033 1.9816231727600098 0.3195343315601349
2.1165401935577393 2.077030658721924 0.2587975859642029
2.7751219272613525 1.7551162242889404 0.24093306064605713
2.6251273155212402 1.8618175983428955 0.18171611428260803
2.5383169651031494 1.8744640350341797 0.2811477780342102
2.3795812129974365 1.9754252433776855 0.22112028300762177
1.5307337045669556 1.9647471904754639 0.7285683155059814
1.8159621953964233 1.894838571548462 0.7026448249816895
1.662389874458313 2.007539749145508 0.6407022476196289
2.3511412143707275 1.7204773426055908 0.6379880905151367
2.213487148284912 1.8442803621292114 0.580095648765564
2.089994430541992 1.8132476806640625 0.6723892092704773
2.064486503601074 1.9586291313171387 0.5192294716835022
1.9449620246887207 1.9314385652542114 0.6124289035797119
1.9049028158187866 2.0629377365112305 0.45570167899131775
1.7879080772399902 2.040581464767456 0.5490409731864929
3.2360680103302 1.25 0.4635254740715027
3.142859935760498 1.386850357055664 0.4105600118637085
3.041623830795288 1.381133794784546 0.5121525526046753
3.034609317779541 1.5170629024505615 0.35562947392463684
2.9391770362854004 1.5143537521362305 0.45781874656677246
2.8284270763397217 1.50375235080719 0.5576220154762268
2.689277410507202 1.7599563598632812 0.34335002303123474
2.9118340015411377 1.640014410018921 0.29899680614471436
2.5896475315093994 1.7557746171951294 0.44400689005851746
2.8209447860717773 1.641548991203308 0.40107160806655884
2.597792387008667 1.6171000003814697 0.5996535420417786
2.4767425060272217 1.7425923347473145 0.5423876643180847
2.7156522274017334 1.6337430477142334 0.5020374059677124
2.180436134338379 1.975280523300171 0.42047908902168274
2.334765672683716 1.8633462190628052 0.4832115173339844
2.4437036514282227 1.8735876083374023 0.382769376039505
0.2630302608013153 1.2657450437545776 1.2897717952728271
0.5248015522956848 1.211104154586792 1.297394037246704
0.42597606778144836 1.3796474933624268 1.2406647205352783
1.0395677089691162 1.084721326828003 1.294002652168274
0.9489147663116455 1.260523796081543 1.2455378770828247
0.7840610146522522 1.1506664752960205 1.2988066673278809
0.8520914316177368 1.4281291961669922 1.1889737844467163
0.690126895904541 1.3228378295898438 1.2462183237075806
0.7497273683547974 1.5864481925964355 1.124678373336792
0.5896540284156799 1.4872382879257202 1.1852550506591797
2.0 0.772542417049408 1.2135255336761475
1.942848801612854 0.956708550453186 1.1788482666015625
1.771466851234436 0.8571206331253052 1.2426702976226807
1.8737194538116455 1.1349763870239258 1.1369030475616455
1.7085392475128174 1.0389937162399292 1.2045238018035889
1.5344549417495728 0.937596321105957 1.2658672332763672
1.7013015747070312 1.4694632291793823 1.0322864055633545
1.546921730041504 1.3834295272827148 1.1065682172775269
1.7930378913879395 1.3062465190887451 1.0879485607147217
1.384611964225769 1.2903040647506714 1.1751775741577148
1.6331437826156616 1.2156012058258057 1.1588631868362427
1.290098786354065 1.0135844945907593 1.2830054759979248
1.2152045965194702 1.1905643939971924 1.237762689590454
1.4641093015670776 1.1174426078796387 1.224348783493042
1.3657400608062744 1.9010149240493774 0.8286802768707275
1.2208499908447266 1.8369855880737305 0.9086122512817383
1.4869920015335083 1.7677669525146484 0.9022513628005981
0.9156000018119812 1.6807985305786133 1.055973768234253
1.1840182542800903 1.6185296773910522 1.053464651107788
1.0695242881774902 1.7630904912948608 0.9849294424057007
1.5990761518478394 1.6236200332641602 0.9702599048614502
1.4463670253753662 1.547964096069336 1.0455554723739624
1.3387662172317505 1.6972827911376953 0.98024582862854
1.1212775707244873 1.3627725839614868 1.1851682662963867
1.2885642051696777 1.459228754043579 1.1180076599121094
1.0207183361053467 1.5273147821426392 1.124152660369873
3.4026031494140625 0.0 0.7885966300964355
3.4393913745880127 0.16439391672611237 0.7594469785690308
3.276829719543457 0.1016010195016861 0.8580834865570068
3.459717273712158 0.3280009627342224 0.7266624569892883
3.308439016342163 0.2662350535392761 0.8277885913848877
3.1353719234466553 0.20271572470664978 0.923462986946106
3.450673818588257 0.64972984790802 0.6508328318595886
3.321434259414673 0.593071699142456 0.7563142776489258
3.463484287261963 0.490038126707077 0.6903998851776123
3.1705968379974365 0.5325571298599243 0.8568775653839111
3.323248863220215 0.43132930994033813 0.7937026619911194
2.8081858158111572 0.40155506134033203 1.0406707525253296
2.978908061981201 0.30286020040512085 0.9844227433204651
2.9991424083709717 0.46857959032058716 0.9518689513206482
3.1606802940368652 0.36853379011154175 0.8923430442810059
3.1435954570770264 1.2142804861068726 0.5740251541137695
3.3137874603271484 1.1071667671203613 0.5142723321914673
3.0317416191101074 1.171074628829956 0.6809858083724976
3.2120635509490967 1.0678369998931885 0.6233962178230286
3.375645875930786 0.9590343236923218 0.5625578165054321
2.7527637481689453 1.0633134841918945 0.8816779851913452
2.9508485794067383 0.9668260812759399 0.830057680606842
2.901196002960205 1.1206486225128174 0.7837479114532471
3.1338067054748535 0.8653824925422668 0.7741824388504028
3.090301752090454 1.0207148790359497 0.7293607592582703
3.4213478565216064 0.8063117265701294 0.6081507205963135
3.3007001876831055 0.7595027685165405 0.7143385410308838
3.264930248260498 0.9150683283805847 0.6704655289649963
2.2189605236053467 0.6842666864395142 1.178572416305542
2.2098140716552734 0.8535875082015991 1.1406089067459106
2.427300453186035 0.5927157998085022 1.1379785537719727
2.4229660034179688 0.7630312442779541 1.10219144821167
2.406003713607788 0.9293699860572815 1.0606601238250732
2.815930128097534 0.5722500085830688 1.008479118347168
2.6240227222442627 0.4983280301094055 1.091937780380249
2.809239149093628 0.7400113940238953 0.9711178541183472
2.626478433609009 0.6684526801109314 1.0578542947769165
2.58735990524292 0.9994226098060608 0.9741721153259277
2.7881479263305664 0.9039794206619263 0.9287784099578857
2.6139888763427734 0.8367288708686829 1.0183696746826172
3.1604485511779785 0.700798511505127 0.8176635503768921
2.981353759765625 0.8053526282310486 0.8755372166633606
2.9977402687072754 0.6379489898681641 0.9163888692855835
1.657090663909912 1.8375275135040283 0.8051757216453552
1.8836681842803955 1.5481040477752686 0.9424692392349243
2.053501844406128 1.61644446849823 0.8463813066482544
1.775829553604126 1.6974419355392456 0.8770735859870911
2.209672451019287 1.6740299463272095 0.7446619868278503
1.940833330154419 1.761177897453308 0.7769556045532227
2.1471354961395264 1.0356817245483398 1.102516531944275
2.513251304626465 1.1772925853729248 0.9288623929023743
2.257016897201538 1.2834386825561523 0.9698666334152222
2.338862657546997 1.1098934412002563 1.0184650421142578
1.9857653379440308 1.3810453414916992 1.0044180154800415
2.0718815326690674 1.2130208015441895 1.0567067861557007
2.9400439262390137 1.3419594764709473 0.621408998966217
2.476966381072998 1.5707820653915405 0.7063755989074707
2.586311101913452 1.4106355905532837 0.7700631618499756
2.715907096862793 1.4617893695831299 0.6659361124038696
2.678447961807251 1.2411032915115356 0.8286271691322327
2.817884683609009 1.2949258089065552 0.7278124690055847
2.162600040435791 1.4548799991607666 0.9112170338630676
2.4299120903015137 1.3516249656677246 0.8729279637336731
2.327807903289795 1.5186951160430908 0.8109750151634216
0.0 1.1641440391540527 1.3274474143981934
-0.2632676661014557 1.1134124994277954 1.3393900394439697
0.0 1.0083882808685303 1.3725651502609253
-0.7856490612030029 0.9933764338493347 1.3446015119552612
-0.5266215205192566 0.8955719470977783 1.3864569664001465
-0.5269947052001953 1.0559090375900269 1.345200777053833
0.0 0.6831662654876709 1.442907452583313
0.0 0.8478062152862549 1.4111133813858032
-0.2641696631908417 0.7919439673423767 1.4192967414855957
-0.26395344734191895 0.9543037414550781 1.382878065109253
-1.7778552770614624 0.6867343783378601 1.2789603471755981
-1.5447494983673096 0.5966923236846924 1.3365098237991333
-1.5436246395111084 0.769148588180542 1.3045880794525146
-1.0514622926712036 0.40614962577819824 1.4265848398208618
-1.0566048622131348 0.5811378955841064 1.4040743112564087
-1.3021199703216553 0.5029714107513428 1.3858191967010498
-1.0563310384750366 0.7531471252441406 1.374366283416748
-1.3037158250808716 0.6765676736831665 1.3587478399276733
-1.0506422519683838 0.9212957620620728 1.3376129865646362
-1.2994540929794312 0.8480220437049866 1.3242554664611816
0.0 0.0 1.5
0.0 0.17285393178462982 1.4964103698730469
-0.26696521043777466 0.10312096774578094 1.4953761100769043
0.0 0.3448805510997772 1.4856582880020142
-0.26683756709098816 0.2759624719619751 1.487471342086792
-0.5322844982147217 0.20560616254806519 1.4815325736999512
-0.26626744866371155 0.6183142066001892 1.4499646425247192
0.0 0.5152564644813538 1.4677956104278564
-0.5311699509620667 0.5502925515174866 1.4495890140533447
-0.26641762256622314 0.4489898085594177 1.4722247123718262
-0.7943220138549805 0.30682373046875 1.4585548639297485
-0.79334956407547 0.47944995760917664 1.4417822360992432
-0.5330255627632141 0.37887221574783325 1.4691393375396729
-0.7935469150543213 0.8265162110328674 1.3840229511260986
-0.7963765263557434 0.653876006603241 1.4166488647460938
-0.5302793979644775 0.7248234748840332 1.4217326641082764
-3.276829719543457 -0.1016010195016861 0.8580834865570068
-3.1353719234466553 -0.20271572470664978 0.923462986946106
-3.14573073387146 0.0 0.9265140295028687
-2.8081858158111572 -0.40155506134033203 1.0406707525253296
-2.835876703262329 -0.201432466506958 1.0509326457977295
-2.978908061981201 -0.30286020040512085 0.9844227433204651
-2.8451268672943115 0.0 1.0543605089187622
-2.9975483417510986 -0.10160527378320694 0.9913256168365479
-2.835876703262329 0.201432466506958 1.0509326457977295
-2.9975483417510986 0.10160527378320694 0.9913256168365479
-2.0 -0.772542417049408 1.2135255336761475
-2.044820547103882 -0.5836133360862732 1.2407208681106567
-2.2189605236053467 -0.6842666864395142 1.178572416305542
-2.0770339965820312 -0.3910861611366272 1.2602667808532715
-2.2580511569976807 -0.4931861162185669 1.2022554874420166
-2.427300453186035 -0.5927157998085022 1.1379785537719727
-2.102924346923828 0.0 1.2759761810302734
-2.297830820083618 -0.101687952876091 1.2262845039367676
-2.0964417457580566 -0.19614773988723755 1.2720427513122559
-2.4809582233428955 -0.20285463333129883 1.1703065633773804
-2.2845609188079834 -0.297695517539978 1.2182542085647583
-2.6240227222442627 -0.4983280301094055 1.091937780380249
-2.6513679027557373 -0.302981436252594 1.10832941532135
-2.461822986602783 -0.39903226494789124 1.1577608585357666
-2.044820547103882 0.5836133360862732 1.2407208681106567
-2.2580511569976807 0.4931861162185669 1.2022554874420166
-2.0770339965820312 0.3910861611366272 1.2602667808532715
-2.6513679027557373 0.302981436252594 1.10832941532135
-2.4809582233428955 0.20285463333129883 1.1703065633773804
-2.461822986602783 0.39903226494789124 1.1577608585357666
-2.0964417457580566 0.19614773988723755 1.2720427513122559
-2.297830820083618 0.101687952876091 1.2262845039367676
-2.2845609188079834 0.297695517539978 1.2182542085647583
-2.6700096130371094 -0.10169266909360886 1.115243673324585
-2.489166021347046 0.0 1.1741783618927002
-2.6700096130371094 0.10169266909360886 1.115243673324585
0.0 -1.3143277168273926 1.2759761810302734
0.0 -1.1641440391540527 1.3274474143981934
-0.2630302608013153 -1.2657450437545776 1.2897717952728271
0.0 -1.0083882808685303 1.3725651502609253
-0.2632676661014557 -1.1134124994277954 1.3393900394439697
-0.5248015522956848 -1.211104154586792 1.297394037246704
0.0 -0.6831662654876709 1.442907452583313
-0.2641696631908417 -0.7919439673423767 1.4192967414855957
0.0 -0.8478062152862549 1.4111133813858032
-0.5266215205192566 -0.8955719470977783 1.3864569664001465
-0.26395344734191895 -0.9543037414550781 1.382878065109253
-1.0395677089691162 -1.084721326828003 1.294002652168274
-0.7840610146522522 -1.1506664752960205 1.2988066673278809
-0.7856490612030029 -0.9933764338493347 1.3446015119552612
-0.5269947052001953 -1.0559090375900269 1.345200777053833
-0.26696521043777466 -0.10312096774578094 1.4953761100769043
0.0 -0.17285393178462982 1.4964103698730469
-0.5322844982147217 -0.20560616254806519 1.4815325736999512
-0.26683756709098816 -0.2759624719619751 1.487471342086792
0.0 -0.3448805510997772 1.4856582880020142
-1.0514622926712036 -0.40614962577819824 1.4265848398208618
-0.79334956407547 -0.47944995760917664 1.4417822360992432
-0.7943220138549805 -0.30682373046875 1.4585548639297485
-0.5311699509620667 -0.5502925515174866 1.4495890140533447
-0.5330255627632141 -0.37887221574783325 1.4691393375396729
0.0 -0.5152564644813538 1.4677956104278564
-0.26626744866371155 -0.6183142066001892 1.4499646425247192
-0.26641762256622314 -0.4489898085594177 1.4722247123718262
-1.771466851234436 -0.8571206331253052 1.2426702976226807
-1.7778552770614624 -0.6867343783378601 1.2789603471755981
-1.5344549417495728 -0.937596321105957 1.2658672332763672
-1.5436246395111084 -0.769148588180542 1.3045880794525146
-1.5447494983673096 -0.5966923236846924 1.3365098237991333
-1.0506422519683838 -0.9212957620620728 1.3376129865646362
-1.290098786354065 -1.0135844945907593 1.2830054759979248
-1.0563310384750366 -0.7531471252441406 1.374366283416748
-1.2994540929794312 -0.8480220437049866 1.3242554664611816
-1.3021199703216553 -0.5029714107513428 1.3858191967010498
-1.0566048622131348 -0.5811378955841064 1.4040743112564087
-1.3037158250808716 -0.6765676736831665 1.3587478399276733
-0.5302793979644775 -0.7248234748840332 1.4217326641082764
-0.7963765263557434 -0.653876006603241 1.4166488647460938
-0.7935469150543213 -0.8265162110328674 1.3840229511260986
-1.8170472383499146 0.49556803703308105 1.3028017282485962
-1.8568536043167114 0.10324795544147491 1.3271400928497314
-1.5984281301498413 0.20580895245075226 1.3694736957550049
-1.8435264825820923 0.29938870668411255 1.3190168142318726
-1.329367756843567 0.30700060725212097 1.402695655822754
-1.5765448808670044 0.4025160074234009 1.3572584390640259
-1.8170472383499146 -0.49556803703308105 1.3028017282485962
-1.329367756843567 -0.30700060725212097 1.402695655822754
-1.5984281301498413 -0.20580895245075226 1.3694736957550049
-1.5765448808670044 -0.4025160074234009 1.3572584390640259
-1.8568536043167114 -0.10324795544147491 1.3271400928497314
-1.8435264825820923 -0.29938870668411255 1.3190168142318726
-0.5340937972068787 0.0 1.4865684509277344
-1.062073826789856 0.20375265181064606 1.4409821033477783
-1.065618872642517 0.0 1.4457918405532837
-0.8014712333679199 0.10312727838754654 1.468277931213379
-1.062073826789856 -0.20375265181064606 1.4409821033477783
-0.8014712333679199 -0.10312727838754654 1.468277931213379
-1.603872299194336 0.0 1.3741381168365479
-1.3365602493286133 -0.10325495898723602 1.4124270677566528
-1.3365602493286133 0.10325495898723602 1.4124270677566528
-3.4393913745880127 -0.16439391672611237 0.7594469785690308
-3.571706771850586 -0.1645422875881195 0.6680475473403931
-3.459717273712158 -0.3280009627342224 0.7266624569892883
-3.7847914695739746 -0.16510605812072754 0.475166380405426
-3.697218656539917 -0.32913848757743835 0.5373432040214539
-3.6876749992370605 -0.16497091948986053 0.5725823044776917
-3.450673818588257 -0.64972984790802 0.6508328318595886
-3.463484287261963 -0.490038126707077 0.6903998851776123
-3.585603952407837 -0.49103063344955444 0.5960258841514587
-3.5872020721435547 -0.32937169075012207 0.6335453987121582
-3.9876694679260254 -0.16685324907302856 0.061872582882642746
-3.9507534503936768 -0.33267781138420105 0.12336370348930359
-3.966590404510498 -0.1667734831571579 0.1655774712562561
-3.8042261600494385 -0.6571639180183411 0.24368977546691895
-3.844752550125122 -0.49584344029426575 0.28766995668411255
-3.889479637145996 -0.4964512586593628 0.18409423530101776
-3.865570545196533 -0.33198121190071106 0.330175518989563
-3.9177045822143555 -0.33314093947410583 0.22732332348823547
-3.866572380065918 -0.16641715168952942 0.37098854780197144
-3.9259324073791504 -0.16651099920272827 0.2693938612937927
-3.2360680103302 -1.25 0.4635254740715027
-3.3137874603271484 -1.1071667671203613 0.5142723321914673
-3.4105606079101562 -1.1111595630645752 0.4120405912399292
-3.375645875930786 -0.9590343236923218 0.5625578165054321
-3.4789011478424072 -0.9647653102874756 0.46148908138275146
-3.564026355743408 -0.9654685258865356 0.35801541805267334
-3.5669679641723633 -0.6566513776779175 0.5527774095535278
-3.4213478565216064 -0.8063117265701294 0.6081507205963135
-3.6649765968322754 -0.6602069139480591 0.4518882930278778
-3.5313477516174316 -0.8121588230133057 0.508813202381134
-3.6955182552337646 -0.8138250112533569 0.30178287625312805
-3.7441980838775635 -0.6603780388832092 0.3486827313899994
-3.6233272552490234 -0.8148224353790283 0.4059406518936157
-3.7912871837615967 -0.33142462372779846 0.4348941445350647
-3.7777302265167236 -0.49773529171943665 0.3923255503177643
-3.690727949142456 -0.4959668517112732 0.49590978026390076
-3.4393913745880127 -0.16439391672611237 -0.7594469785690308
-3.459717273712158 -0.3280009627342224 -0.7266624569892883
-3.571706771850586 -0.1645422875881195 -0.6680475473403931
-3.450673818588257 -0.64972984790802 -0.6508328318595886
-3.585603952407837 -0.49103063344955444 -0.5960258841514587
-3.463484287261963 -0.490038126707077 -0.6903998851776123
-3.697218656539917 -0.32913848757743835 -0.5373432040214539
-3.5872020721435547 -0.32937169075012207 -0.6335453987121582
-3.7847914695739746 -0.16510605812072754 -0.475166380405426
-3.6876749992370605 -0.16497091948986053 -0.5725823044776917
-3.2360680103302 -1.25 -0.4635254740715027
-3.4105606079101562 -1.1111595630645752 -0.4120405912399292
-3.3137874603271484 -1.1071667671203613 -0.5142723321914673
-3.564026355743408 -0.9654685258865356 -0.35801541805267334
-3.4789011478424072 -0.9647653102874756 -0.46148908138275146
-3.375645875930786 -0.9590343236923218 -0.5625578165054321
-3.8042261600494385 -0.6571639180183411 -0.24368977546691895
-3.7441980838775635 -0.6603780388832092 -0.3486827313899994
-3.6955182552337646 -0.8138250112533569 -0.30178287625312805
-3.6649765968322754 -0.6602069139480591 -0.4518882930278778
-3.6233272552490234 -0.8148224353790283 -0.4059406518936157
-3.4213478565216064 -0.8063117265701294 -0.6081507205963135
-3.5669679641723633 -0.6566513776779175 -0.5527774095535278
-3.5313477516174316 -0.8121588230133057 -0.508813202381134
-3.9876694679260254 -0.16685324907302856 -0.061872582882642746
-3.966590404510498 -0.1667734831571579 -0.1655774712562561
-3.9507534503936768 -0.33267781138420105 -0.12336370348930359
-3.866572380065918 -0.16641715168952942 -0.37098854780197144
-3.865570545196533 -0.33198121190071106 -0.330175518989563
-3.9259324073791504 -0.16651099920272827 -0.2693938612937927
-3.889479637145996 -0.4964512586593628 -0.18409423530101776
-3.844752550125122 -0.49584344029426575 -0.28766995668411255
-3.9177045822143555 -0.33314093947410583 -0.22732332348823547
-3.690727949142456 -0.4959668517112732 -0.49590978026390076
-3.7777302265167236 -0.49773529171943665 -0.3923255503177643
-3.7912871837615967 -0.33142462372779846 -0.4348941445350647
-2.102924346923828 -2.126626968383789 0.0
-2.288222551345825 -2.048018455505371 0.06096061319112778
-2.288222551345825 -2.048018455505371 -0.06096061319112778
-2.4625680446624756 -1.9596076011657715 0.12162944674491882
-2.4707038402557373 -1.9660817384719849 0.0
-2.4625680446624756 -1.9596076011657715 -0.12162944674491882
-2.7751219272613525 -1.7551162242889404 0.24093306064605713
-2.8024866580963135 -1.7724229097366333 0.12085947394371033
-2.6251273155212402 -1.8618175983428955 0.18171611428260803
-2.8116281032562256 -1.7782044410705566 0.0
-2.6435346603393555 -1.8734675645828247 0.060963161289691925
-2.7751219272613525 -1.7551162242889404 -0.24093306064605713
-2.6251273155212402 -1.8618175983428955 -0.18171611428260803
-2.8024866580963135 -1.7724229097366333 -0.12085947394371033
-2.6435346603393555 -1.8734675645828247 -0.060963161289691925
-3.308588981628418 -1.2780128717422485 0.35016798973083496
-3.142859935760498 -1.386850357055664 0.4105600118637085
-3.3607115745544434 -1.2981462478637695 0.23465168476104736
-3.206014633178711 -1.411281943321228 0.29591166973114014
-3.034609317779541 -1.5170629024505615 0.35562947392463684
-3.4026031494140625 -1.3143277168273926 0.0
-3.270092010498047 -1.4361443519592285 0.06101277843117714
-3.3921141624450684 -1.3102760314941406 0.11768864840269089
-3.1208174228668213 -1.5505990982055664 0.12171278893947601
-3.2486777305603027 -1.427850604057312 0.17861731350421906
-2.9118340015411377 -1.640014410018921 0.29899680614471436
-2.955544948577881 -1.6571049690246582 0.1817888617515564
-3.087362051010132 -1.5386396646499634 0.2394193708896637
-3.142859935760498 -1.386850357055664 -0.4105600118637085
-3.308588981628418 -1.2780128717422485 -0.35016798973083496
-3.034609317779541 -1.5170629024505615 -0.35562947392463684
-3.206014633178711 -1.411281943321228 -0.29591166973114014
-3.3607115745544434 -1.2981462478637695 -0.23465168476104736
-2.955544948577881 -1.6571049690246582 -0.1817888617515564
-2.9118340015411377 -1.640014410018921 -0.29899680614471436
-3.1208174228668213 -1.5505990982055664 -0.12171278893947601
-3.087362051010132 -1.5386396646499634 -0.2394193708896637
-3.3921141624450684 -1.3102760314941406 -0.11768864840269089
-3.270092010498047 -1.4361443519592285 -0.06101277843117714
-3.2486777305603027 -1.427850604057312 -0.17861731350421906
-2.9739830493927 -1.668756127357483 0.06101560592651367
-3.1311421394348145 -1.5557289123535156 0.0
-2.9739830493927 -1.668756127357483 -0.06101560592651367
-3.9641826152801514 -0.33380863070487976 0.0
-3.842618942260742 -0.6637961268424988 -0.12225158512592316
-3.85544490814209 -0.6660118103027344 0.0
-3.915407657623291 -0.5009194612503052 -0.061876364052295685
-3.842618942260742 -0.6637961268424988 0.12225158512592316
-3.915407657623291 -0.5009194612503052 0.061876364052295685
-3.474138021469116 -1.1356545686721802 -0.2973408102989197
-3.5390398502349854 -1.1605334281921387 -0.06194876879453659
-3.6519298553466797 -0.999017596244812 -0.12348537147045135
-3.517378091812134 -1.1522040367126465 -0.179633229970932
-3.7405216693878174 -0.8308548331260681 -0.18420037627220154
-3.6193559169769287 -0.9853405356407166 -0.24150961637496948
-3.474138021469116 -1.1356545686721802 0.2973408102989197
-3.7405216693878174 -0.8308548331260681 0.18420037627220154
-3.6519298553466797 -0.999017596244812 0.12348537147045135
-3.6193559169769287 -0.9853405356407166 0.24150961637496948
-3.5390398502349854 -1.1605334281921387 0.06194876879453659
-3.517378091812134 -1.1522040367126465 0.179633229970932
-3.766472101211548 -0.8353501558303833 -0.06195297837257385
-3.664368152618408 -1.00242018699646 0.0
-3.766472101211548 -0.8353501558303833 0.06195297837257385
-3.276829719543457 -0.1016010195016861 -0.8580834865570068
-3.14573073387146 0.0 -0.9265140295028687
-3.1353719234466553 -0.20271572470664978 -0.923462986946106
-2.835876703262329 0.201432466506958 -1.0509326457977295
-2.8451268672943115 0.0 -1.0543605089187622
-2.9975483417510986 0.10160527378320694 -0.9913256168365479
-2.8081858158111572 -0.40155506134033203 -1.0406707525253296
-2.978908061981201 -0.30286020040512085 -0.9844227433204651
-2.835876703262329 -0.201432466506958 -1.0509326457977295
-2.9975483417510986 -0.10160527378320694 -0.9913256168365479
-2.044820547103882 0.5836133360862732 -1.2407208681106567
-2.0770339965820312 0.3910861611366272 -1.2602667808532715
-2.2580511569976807 0.4931861162185669 -1.2022554874420166
-2.102924346923828 0.0 -1.2759761810302734
-2.297830820083618 0.101687952876091 -1.2262845039367676
-2.0964417457580566 0.19614773988723755 -1.2720427513122559
-2.4809582233428955 0.20285463333129883 -1.1703065633773804
-2.2845609188079834 0.297695517539978 -1.2182542085647583
-2.6513679027557373 0.302981436252594 -1.10832941532135
-2.461822986602783 0.39903226494789124 -1.1577608585357666
-2.0 -0.772542417049408 -1.2135255336761475
-2.2189605236053467 -0.6842666864395142 -1.178572416305542
-2.044820547103882 -0.5836133360862732 -1.2407208681106567
-2.427300453186035 -0.5927157998085022 -1.1379785537719727
-2.2580511569976807 -0.4931861162185669 -1.2022554874420166
-2.0770339965820312 -0.3910861611366272 -1.2602667808532715
-2.6513679027557373 -0.302981436252594 -1.10832941532135
-2.6240227222442627 -0.4983280301094055 -1.091937780380249
-2.4809582233428955 -0.20285463333129883 -1.1703065633773804
-2.461822986602783 -0.39903226494789124 -1.1577608585357666
-2.0964417457580566 -0.19614773988723755 -1.2720427513122559
-2.297830820083618 -0.101687952876091 -1.2262845039367676
-2.2845609188079834 -0.297695517539978 -1.2182542085647583
-2.6700096130371094 0.10169266909360886 -1.115243673324585
-2.489166021347046 0.0 -1.1741783618927002
-2.6700096130371094 -0.10169266909360886 -1.115243673324585
0.0 1.1641440391540527 -1.3274474143981934
0.0 1.0083882808685303 -1.3725651502609253
-0.2632676661014557 1.1134124994277954 -1.3393900394439697
0.0 0.6831662654876709 -1.442907452583313
-0.2641696631908417 0.7919439673423767 -1.4192967414855957
0.0 0.8478062152862549 -1.4111133813858032
-0.5266215205192566 0.8955719470977783 -1.3864569664001465
-0.26395344734191895 0.9543037414550781 -1.382878065109253
-0.7856490612030029 0.9933764338493347 -1.3446015119552612
-0.5269947052001953 1.0559090375900269 -1.345200777053833
0.0 0.0 -1.5
-0.26696521043777466 0.10312096774578094 -1.4953761100769043
0.0 0.17285393178462982 -1.4964103698730469
-0.5322844982147217 0.20560616254806519 -1.4815325736999512
-0.26683756709098816 0.2759624719619751 -1.487471342086792
0.0 0.3448805510997772 -1.4856582880020142
-1.0514622926712036 0.40614962577819824 -1.4265848398208618
-0.79334956407547 0.47944995760917664 -1.4417822360992432
-0.7943220138549805 0.30682373046875 -1.4585548639297485
-0.5311699509620667 0.5502925515174866 -1.4495890140533447
-0.5330255627632141 0.37887221574783325 -1.4691393375396729
0.0 0.5152564644813538 -1.4677956104278564
-0.26626744866371155 0.6183142066001892 -1.4499646425247192
-0.26641762256622314 0.4489898085594177 -1.4722247123718262
-1.7778552770614624 0.6867343783378601 -1.2789603471755981
-1.5436246395111084 0.769148588180542 -1.3045880794525146
-1.5447494983673096 0.5966923236846924 -1.3365098237991333
-1.0506422519683838 0.9212957620620728 -1.3376129865646362
-1.0563310384750366 0.7531471252441406 -1.374366283416748
-1.2994540929794312 0.8480220437049866 -1.3242554664611816
-1.3021199703216553 0.5029714107513428 -1.3858191967010498
-1.0566048622131348 0.5811378955841064 -1.4040743112564087
-1.3037158250808716 0.6765676736831665 -1.3587478399276733
-0.5302793979644775 0.7248234748840332 -1.4217326641082764
-0.7963765263557434 0.653876006603241 -1.4166488647460938
-0.7935469150543213 0.8265162110328674 -1.3840229511260986
0.0 -1.3143277168273926 -1.2759761810302734
-0.2630302608013153 -1.2657450437545776 -1.2897717952728271
0.0 -1.1641440391540527 -1.3274474143981934
-0.5248015522956848 -1.211104154586792 -1.297394037246704
-0.2632676661014557 -1.1134124994277954 -1.3393900394439697
0.0 -1.0083882808685303 -1.3725651502609253
-1.0395677089691162 -1.084721326828003 -1.294002652168274
-0.7856490612030029 -0.9933764338493347 -1.3446015119552612
-0.7840610146522522 -1.1506664752960205 -1.2988066673278809
-0.5266215205192566 -0.8955719470977783 -1.3864569664001465
-0.5269947052001953 -1.0559090375900269 -1.345200777053833
0.0 -0.6831662654876709 -1.442907452583313
0.0 -0.8478062152862549 -1.4111133813858032
-0.2641696631908417 -0.7919439673423767 -1.4192967414855957
-0.26395344734191895 -0.9543037414550781 -1.382878065109253
-1.7778552770614624 -0.6867343783378601 -1.2789603471755981
-1.771466851234436 -0.8571206331253052 -1.2426702976226807
-1.5447494983673096 -0.5966923236846924 -1.3365098237991333
-1.5436246395111084 -0.769148588180542 -1.3045880794525146
-1.5344549417495728 -0.937596321105957 -1.2658672332763672
-1.0514622926712036 -0.40614962577819824 -1.4265848398208618
-1.0566048622131348 -0.5811378955841064 -1.4040743112564087
-1.3021199703216553 -0.5029714107513428 -1.3858191967010498
-1.0563310384750366 -0.7531471252441406 -1.374366283416748
-1.3037158250808716 -0.6765676736831665 -1.3587478399276733
-1.290098786354065 -1.0135844945907593 -1.2830054759979248
-1.0506422519683838 -0.9212957620620728 -1.3376129865646362
-1.2994540929794312 -0.8480220437049866 -1.3242554664611816
0.0 -0.17285393178462982 -1.4964103698730469
-0.26696521043777466 -0.10312096774578094 -1.4953761100769043
0.0 -0.3448805510997772 -1.4856582880020142
-0.26683756709098816 -0.2759624719619751 -1.487471342086792
-0.5322844982147217 -0.20560616254806519 -1.4815325736999512
-0.26626744866371155 -0.6183142066001892 -1.4499646425247192
0.0 -0.5152564644813538 -1.4677956104278564
-0.5311699509620667 -0.5502925515174866 -1.4495890140533447
-0.26641762256622314 -0.4489898085594177 -1.4722247123718262
-0.7943220138549805 -0.30682373046875 -1.4585548639297485
-0.79334956407547 -0.47944995760917664 -1.4417822360992432
-0.5330255627632141 -0.37887221574783325 -1.4691393375396729
-0.7935469150543213 -0.8265162110328674 -1.3840229511260986
-0.7963765263557434 -0.653876006603241 -1.4166488647460938
-0.5302793979644775 -0.7248234748840332 -1.4217326641082764
-1.8170472383499146 0.49556803703308105 -1.3028017282485962
-1.329367756843567 0.30700060725212097 -1.402695655822754
-1.5984281301498413 0.20580895245075226 -1.3694736957550049
-1.5765448808670044 0.4025160074234009 -1.3572584390640259
-1.8568536043167114 0.10324795544147491 -1.3271400928497314
-1.8435264825820923 0.29938870668411255 -1.3190168142318726
-0.5340937972068787 0.0 -1.4865684509277344
-1.062073826789856 -0.20375265181064606 -1.4409821033477783
-1.065618872642517 0.0 -1.4457918405532837
-0.8014712333679199 -0.10312727838754654 -1.468277931213379
-1.062073826789856 0.20375265181064606 -1.4409821033477783
-0.8014712333679199 0.10312727838754654 -1.468277931213379
-1.8170472383499146 -0.49556803703308105 -1.3028017282485962
-1.8568536043167114 -0.10324795544147491 -1.3271400928497314
-1.5984281301498413 -0.20580895245075226 -1.3694736957550049
-1.8435264825820923 -0.29938870668411255 -1.3190168142318726
-1.329367756843567 -0.30700060725212097 -1.402695655822754
-1.5765448808670044 -0.4025160074234009 -1.3572584390640259
-1.3365602493286133 0.10325495898723602 -1.4124270677566528
-1.3365602493286133 -0.10325495898723602 -1.4124270677566528
-1.603872299194336 0.0 -1.3741381168365479
0.2630302608013153 1.2657450437545776 -1.2897717952728271
0.42597606778144836 1.3796474933624268 -1.2406647205352783
0.5248015522956848 1.211104154586792 -1.297394037246704
0.7497273683547974 1.5864481925964355 -1.124678373336792
0.8520914316177368 1.4281291961669922 -1.1889737844467163
0.5896540284156799 1.4872382879257202 -1.1852550506591797
1.0395677089691162 1.084721326828003 -1.294002652168274
0.7840610146522522 1.1506664752960205 -1.2988066673278809
0.9489147663116455 1.260523796081543 -1.2455378770828247
0.690126895904541 1.3228378295898438 -1.2462183237075806
1.3657400608062744 1.9010149240493774 -0.8286802768707275
1.4869920015335083 1.7677669525146484 -0.9022513628005981
1.2208499908447266 1.8369855880737305 -0.9086122512817383
1.7013015747070312 1.4694632291793823 -1.0322864055633545
1.4463670253753662 1.547964096069336 -1.0455554723739624
1.5990761518478394 1.6236200332641602 -0.9702599048614502
1.1840182542800903 1.6185296773910522 -1.053464651107788
1.3387662172317505 1.6972827911376953 -0.98024582862854
0.9156000018119812 1.6807985305786133 -1.055973768234253
1.0695242881774902 1.7630904912948608 -0.9849294424057007
2.0 0.772542417049408 -1.2135255336761475
1.771466851234436 0.8571206331253052 -1.2426702976226807
1.942848801612854 0.956708550453186 -1.1788482666015625
1.5344549417495728 0.937596321105957 -1.2658672332763672
1.7085392475128174 1.0389937162399292 -1.2045238018035889
1.8737194538116455 1.1349763870239258 -1.1369030475616455
1.2152045965194702 1.1905643939971924 -1.237762689590454
1.290098786354065 1.0135844945907593 -1.2830054759979248
1.384611964225769 1.2903040647506714 -1.1751775741577148
1.4641093015670776 1.1174426078796387 -1.224348783493042
1.7930378913879395 1.3062465190887451 -1.0879485607147217
1.546921730041504 1.3834295272827148 -1.1065682172775269
1.6331437826156616 1.2156012058258057 -1.1588631868362427
1.0207183361053467 1.5273147821426392 -1.124152660369873
1.2885642051696777 1.459228754043579 -1.1180076599121094
1.1212775707244873 1.3627725839614868 -1.1851682662963867
2.288222551345825 2.048018455505371 -0.06096061319112778
2.4625680446624756 1.9596076011657715 -0.12162944674491882
2.2074360847473145 2.067774534225464 -0.15974102914333344
2.7751219272613525 1.7551162242889404 -0.24093306064605713
2.5383169651031494 1.8744640350341797 -0.2811477780342102
2.6251273155212402 1.8618175983428955 -0.18171611428260803
2.2850067615509033 1.9816231727600098 -0.3195343315601349
2.3795812129974365 1.9754252433776855 -0.22112028300762177
2.0168378353118896 2.0758965015411377 -0.35584303736686707
2.1165401935577393 2.077030658721924 -0.2587975859642029
3.2360680103302 1.25 -0.4635254740715027
3.041623830795288 1.381133794784546 -0.5121525526046753
3.142859935760498 1.386850357055664 -0.4105600118637085
2.8284270763397217 1.50375235080719 -0.5576220154762268
2.9391770362854004 1.5143537521362305 -0.45781874656677246
3.034609317779541 1.5170629024505615 -0.35562947392463684
2.3511412143707275 1.7204773426055908 -0.6379880905151367
2.4767425060272217 1.7425923347473145 -0.5423876643180847
2.597792387008667 1.6171000003814697 -0.5996535420417786
2.5896475315093994 1.7557746171951294 -0.44400689005851746
2.7156522274017334 1.6337430477142334 -0.5020374059677124
2.9118340015411377 1.640014410018921 -0.29899680614471436
2.689277410507202 1.7599563598632812 -0.34335002303123474
2.8209447860717773 1.641548991203308 -0.40107160806655884
1.5307337045669556 1.9647471904754639 -0.7285683155059814
1.662389874458313 2.007539749145508 -0.6407022476196289
1.8159621953964233 1.894838571548462 -0.7026448249816895
1.9049028158187866 2.0629377365112305 -0.45570167899131775
2.064486503601074 1.9586291313171387 -0.5192294716835022
1.7879080772399902 2.040581464767456 -0.5490409731864929
2.089994430541992 1.8132476806640625 -0.6723892092704773
2.213487148284912 1.8442803621292114 -0.580095648765564
1.9449620246887207 1.9314385652542114 -0.6124289035797119
2.4437036514282227 1.8735876083374023 -0.382769376039505
2.334765672683716 1.8633462190628052 -0.4832115173339844
2.180436134338379 1.975280523300171 -0.42047908902168274
3.4026031494140625 0.0 -0.7885966300964355
3.276829719543457 0.1016010195016861 -0.8580834865570068
3.4393913745880127 0.16439391672611237 -0.7594469785690308
3.1353719234466553 0.20271572470664978 -0.923462986946106
3.308439016342163 0.2662350535392761 -0.8277885913848877
3.459717273712158 0.3280009627342224 -0.7266624569892883
2.8081858158111572 0.40155506134033203 -1.0406707525253296
2.9991424083709717 0.46857959032058716 -0.9518689513206482
2.978908061981201 0.30286020040512085 -0.9844227433204651
3.1705968379974365 0.5325571298599243 -0.8568775653839111
3.1606802940368652 0.36853379011154175 -0.8923430442810059
3.450673818588257 0.64972984790802 -0.6508328318595886
3.463484287261963 0.490038126707077 -0.6903998851776123
3.321434259414673 0.593071699142456 -0.7563142776489258
3.323248863220215 0.43132930994033813 -0.7937026619911194
2.2098140716552734 0.8535875082015991 -1.1406089067459106
2.2189605236053467 0.6842666864395142 -1.178572416305542
2.406003713607788 0.9293699860572815 -1.0606601238250732
2.4229660034179688 0.7630312442779541 -1.10219144821167
2.427300453186035 0.5927157998085022 -1.1379785537719727
2.7527637481689453 1.0633134841918945 -0.8816779851913452
2.7881479263305664 0.9039794206619263 -0.9287784099578857
2.58735990524292 0.9994226098060608 -0.9741721153259277
2.809239149093628 0.7400113940238953 -0.9711178541183472
2.6139888763427734 0.8367288708686829 -1.0183696746826172
2.6240227222442627 0.4983280301094055 -1.091937780380249
2.815930128097534 0.5722500085830688 -1.008479118347168
2.626478433609009 0.6684526801109314 -1.0578542947769165
3.3137874603271484 1.1071667671203613 -0.5142723321914673
3.1435954570770264 1.2142804861068726 -0.5740251541137695
3.375645875930786 0.9590343236923218 -0.5625578165054321
3.2120635509490967 1.0678369998931885 -0.6233962178230286
3.0317416191101074 1.171074628829956 -0.6809858083724976
3.3007001876831055 0.7595027685165405 -0.7143385410308838
3.4213478565216064 0.8063117265701294 -0.6081507205963135
3.1338067054748535 0.8653824925422668 -0.7741824388504028
3.264930248260498 0.9150683283805847 -0.6704655289649963
2.901196002960205 1.1206486225128174 -0.7837479114532471
2.9508485794067383 0.9668260812759399 -0.830057680606842
3.090301752090454 1.0207148790359497 -0.7293607592582703
2.9977402687072754 0.6379489898681641 -0.9163888692855835
2.981353759765625 0.8053526282310486 -0.8755372166633606
3.1604485511779785 0.700798511505127 -0.8176635503768921
1.657090663909912 1.8375275135040283 -0.8051757216453552
2.209672451019287 1.6740299463272095 -0.7446619868278503
2.053501844406128 1.61644446849823 -0.8463813066482544
1.940833330154419 1.761177897453308 -0.7769556045532227
1.8836681842803955 1.5481040477752686 -0.9424692392349243
1.775829553604126 1.6974419355392456 -0.8770735859870911
2.9400439262390137 1.3419594764709473 -0.621408998966217
2.678447961807251 1.2411032915115356 -0.8286271691322327
2.586311101913452 1.4106355905532837 -0.7700631618499756
2.817884683609009 1.2949258089065552 -0.7278124690055847
2.476966381072998 1.5707820653915405 -0.7063755989074707
2.715907096862793 1.4617893695831299 -0.6659361124038696
2.1471354961395264 1.0356817245483398 -1.102516531944275
1.9857653379440308 1.3810453414916992 -1.0044180154800415
2.257016897201538 1.2834386825561523 -0.9698666334152222
2.0718815326690674 1.2130208015441895 -1.0567067861557007
2.513251304626465 1.1772925853729248 -0.9288623929023743
2.338862657546997 1.1098934412002563 -1.0184650421142578
2.327807903289795 1.5186951160430908 -0.8109750151634216
2.4299120903015137 1.3516249656677246 -0.8729279637336731
2.162600040435791 1.4548799991607666 -0.9112170338630676
2.102924346923828 -2.126626968383789 0.0
2.288222551345825 -2.048018455505371 0.06096061319112778
2.0251920223236084 -2.1496195793151855 0.09863634407520294
2.4625680446624756 -1.9596076011657715 0.12162944674491882
2.2074360847473145 -2.067774534225464 0.15974102914333344
1.9377665519714355 -2.162323236465454 0.1968005895614624
2.7751219272613525 -1.7551162242889404 0.24093306064605713
2.5383169651031494 -1.8744640350341797 0.2811477780342102
2.6251273155212402 -1.8618175983428955 0.18171611428260803
2.2850067615509033 -1.9816231727600098 0.3195343315601349
2.3795812129974365 -1.9754252433776855 0.22112028300762177
1.7355542182922363 -2.1566710472106934 0.3898378908634186
1.8410663604736328 -2.164677619934082 0.29402288794517517
2.0168378353118896 -2.0758965015411377 0.35584303736686707
2.1165401935577393 -2.077030658721924 0.2587975859642029
3.2360680103302 -1.25 0.4635254740715027
3.041623830795288 -1.381133794784546 0.5121525526046753
3.142859935760498 -1.386850357055664 0.4105600118637085
2.8284270763397217 -1.50375235080719 0.5576220154762268
2.9391770362854004 -1.5143537521362305 0.45781874656677246
3.034609317779541 -1.5170629024505615 0.35562947392463684
2.3511412143707275 -1.7204773426055908 0.6379880905151367
2.4767425060272217 -1.7425923347473145 0.5423876643180847
2.597792387008667 -1.6171000003814697 0.5996535420417786
2.5896475315093994 -1.7557746171951294 0.44400689005851746
2.7156522274017334 -1.6337430477142334 0.5020374059677124
2.9118340015411377 -1.640014410018921 0.29899680614471436
2.689277410507202 -1.7599563598632812 0.34335002303123474
2.8209447860717773 -1.641548991203308 0.40107160806655884
1.2360678911209106 -2.0225424766540527 0.75
1.3713929653167725 -2.0711171627044678 0.6643000841140747
1.5307337045669556 -1.9647471904754639 0.7285683155059814
1.5001541376113892 -2.109778642654419 0.575420618057251
1.662389874458313 -2.007539749145508 0.6407022476196289
1.8159621953964233 -1.894838571548462 0.7026448249816895
1.9049028158187866 -2.0629377365112305 0.45570167899131775
1.6217352151870728 -2.1383423805236816 0.48378705978393555
2.064486503601074 -1.9586291313171387 0.5192294716835022
1.7879080772399902 -2.040581464767456 0.5490409731864929
2.089994430541992 -1.8132476806640625 0.6723892092704773
2.213487148284912 -1.8442803621292114 0.580095648765564
1.9449620246887207 -1.9314385652542114 0.6124289035797119
2.4437036514282227 -1.8735876083374023 0.382769376039505
2.334765672683716 -1.8633462190628052 0.4832115173339844
2.180436134338379 -1.975280523300171 0.42047908902168274
3.276829719543457 -0.1016010195016861 0.8580834865570068
3.4393913745880127 -0.16439391672611237 0.7594469785690308
3.1353719234466553 -0.20271572470664978 0.923462986946106
3.308439016342163 -0.2662350535392761 0.8277885913848877
3.459717273712158 -0.3280009627342224 0.7266624569892883
2.8081858158111572 -0.40155506134033203 1.0406707525253296
2.9991424083709717 -0.46857959032058716 0.9518689513206482
2.978908061981201 -0.30286020040512085 0.9844227433204651
3.1705968379974365 -0.5325571298599243 0.8568775653839111
3.1606802940368652 -0.36853379011154175 0.8923430442810059
3.450673818588257 -0.64972984790802 0.6508328318595886
3.463484287261963 -0.490038126707077 0.6903998851776123
3.321434259414673 -0.593071699142456 0.7563142776489258
3.323248863220215 -0.43132930994033813 0.7937026619911194
2.0 -0.772542417049408 1.2135255336761475
2.2098140716552734 -0.8535875082015991 1.1406089067459106
2.2189605236053467 -0.6842666864395142 1.178572416305542
2.406003713607788 -0.9293699860572815 1.0606601238250732
2.4229660034179688 -0.7630312442779541 1.10219144821167
2.427300453186035 -0.5927157998085022 1.1379785537719727
2.7527637481689453 -1.0633134841918945 0.8816779851913452
2.7881479263305664 -0.9039794206619263 0.9287784099578857
2.58735990524292 -0.9994226098060608 0.9741721153259277
2.809239149093628 -0.7400113940238953 0.9711178541183472
2.6139888763427734 -0.8367288708686829 1.0183696746826172
2.6240227222442627 -0.4983280301094055 1.091937780380249
2.815930128097534 -0.5722500085830688 1.008479118347168
2.626478433609009 -0.6684526801109314 1.0578542947769165
3.3137874603271484 -1.1071667671203613 0.5142723321914673
3.1435954570770264 -1.2142804861068726 0.5740251541137695
3.375645875930786 -0.9590343236923218 0.5625578165054321
3.2120635509490967 -1.0678369998931885 0.6233962178230286
3.0317416191101074 -1.171074628829956 0.6809858083724976
3.3007001876831055 -0.7595027685165405 0.7143385410308838
3.4213478565216064 -0.8063117265701294 0.6081507205963135
3.1338067054748535 -0.8653824925422668 0.7741824388504028
3.264930248260498 -0.9150683283805847 0.6704655289649963
2.901196002960205 -1.1206486225128174 0.7837479114532471
2.9508485794067383 -0.9668260812759399 0.830057680606842
3.090301752090454 -1.0207148790359497 0.7293607592582703
2.9977402687072754 -0.6379489898681641 0.9163888692855835
2.981353759765625 -0.8053526282310486 0.8755372166633606
3.1604485511779785 -0.700798511505127 0.8176635503768921
0.16256161034107208 -1.4301389455795288 1.2288110256195068
0.2630302608013153 -1.2657450437545776 1.2897717952728271
0.3243451714515686 -1.5391050577163696 1.175764560699463
0.42597606778144836 -1.3796474933624268 1.2406647205352783
0.5248015522956848 -1.211104154586792 1.297394037246704
0.6424881219863892 -1.734451174736023 1.0530697107315063
0.7497273683547974 -1.5864481925964355 1.124678373336792
0.4845763146877289 -1.64070463180542 1.1170904636383057
0.8520914316177368 -1.4281291961669922 1.1889737844467163
0.5896540284156799 -1.4872382879257202 1.1852550506591797
1.0395677089691162 -1.084721326828003 1.294002652168274
0.7840610146522522 -1.1506664752960205 1.2988066673278809
0.9489147663116455 -1.260523796081543 1.2455378770828247
0.690126895904541 -1.3228378295898438 1.2462183237075806
1.3657400608062744 -1.9010149240493774 0.8286802768707275
1.0948266983032227 -1.964287519454956 0.8321101665496826
1.4869920015335083 -1.7677669525146484 0.9022513628005981
1.2208499908447266 -1.8369855880737305 0.9086122512817383
0.9483452439308167 -1.8966307640075684 0.9102376699447632
1.7013015747070312 -1.4694632291793823 1.0322864055633545
1.4463670253753662 -1.547964096069336 1.0455554723739624
1.5990761518478394 -1.6236200332641602 0.9702599048614502
1.1840182542800903 -1.6185296773910522 1.053464651107788
1.3387662172317505 -1.6972827911376953 0.98024582862854
0.7973248362541199 -1.8198964595794678 0.9840085506439209
0.9156000018119812 -1.6807985305786133 1.055973768234253
1.0695242881774902 -1.7630904912948608 0.9849294424057007
1.771466851234436 -0.8571206331253052 1.2426702976226807
1.942848801612854 -0.956708550453186 1.1788482666015625
1.5344549417495728 -0.937596321105957 1.2658672332763672
1.7085392475128174 -1.0389937162399292 1.2045238018035889
1.8737194538116455 -1.1349763870239258 1.1369030475616455
1.2152045965194702 -1.1905643939971924 1.237762689590454
1.290098786354065 -1.0135844945907593 1.2830054759979248
1.384611964225769 -1.2903040647506714 1.1751775741577148
1.4641093015670776 -1.1174426078796387 1.224348783493042
1.7930378913879395 -1.3062465190887451 1.0879485607147217
1.546921730041504 -1.3834295272827148 1.1065682172775269
1.6331437826156616 -1.2156012058258057 1.1588631868362427
1.0207183361053467 -1.5273147821426392 1.124152660369873
1.2885642051696777 -1.459228754043579 1.1180076599121094
1.1212775707244873 -1.3627725839614868 1.1851682662963867
2.9400439262390137 -1.3419594764709473 0.621408998966217
2.678447961807251 -1.2411032915115356 0.8286271691322327
2.586311101913452 -1.4106355905532837 0.7700631618499756
2.817884683609009 -1.2949258089065552 0.7278124690055847
2.476966381072998 -1.5707820653915405 0.7063755989074707
2.715907096862793 -1.4617893695831299 0.6659361124038696
2.1471354961395264 -1.0356817245483398 1.102516531944275
1.9857653379440308 -1.3810453414916992 1.0044180154800415
2.257016897201538 -1.2834386825561523 0.9698666334152222
2.0718815326690674 -1.2130208015441895 1.0567067861557007
2.513251304626465 -1.1772925853729248 0.9288623929023743
2.338862657546997 -1.1098934412002563 1.0184650421142578
1.657090663909912 -1.8375275135040283 0.8051757216453552
2.209672451019287 -1.6740299463272095 0.7446619868278503
2.053501844406128 -1.61644446849823 0.8463813066482544
1.940833330154419 -1.761177897453308 0.7769556045532227
1.8836681842803955 -1.5481040477752686 0.9424692392349243
1.775829553604126 -1.6974419355392456 0.8770735859870911
2.4299120903015137 -1.3516249656677246 0.8729279637336731
2.162600040435791 -1.4548799991607666 0.9112170338630676
2.327807903289795 -1.5186951160430908 0.8109750151634216
1.8626304864883423 -2.2124123573303223 0.0
1.7814600467681885 -2.232316732406616 0.09872537851333618
1.6134213209152222 -2.2876086235046387 0.0
1.5894023180007935 -2.2410025596618652 0.2946183681488037
1.432915210723877 -2.3107616901397705 0.197483092546463
1.689454436302185 -2.2420012950897217 0.19762301445007324
1.0930659770965576 -2.404845714569092 0.0
1.356489896774292 -2.351855754852295 0.0
1.2671103477478027 -2.365494728088379 0.09906363487243652
1.5268861055374146 -2.3047969341278076 0.0989825576543808
1.0987749099731445 -2.1316003799438477 0.6666957139968872
0.954707682132721 -2.2275164127349854 0.5792810916900635
1.230637788772583 -2.1743133068084717 0.5788592100143433
0.6498394012451172 -2.377641439437866 0.39429837465286255
0.9298205971717834 -2.3401238918304443 0.39622682332992554
0.8047543168067932 -2.3096988201141357 0.4882949888706207
1.2050354480743408 -2.2906103134155273 0.39612412452697754
1.0825083255767822 -2.2645797729492188 0.48889344930648804
1.4740731716156006 -2.2293548583984375 0.3939908444881439
1.3568352460861206 -2.20709228515625 0.4872952699661255
0.0 -2.5 0.0
0.2765662968158722 -2.4940171241760254 0.0
0.164993554353714 -2.492293357849121 0.1001119539141655
0.5518088936805725 -2.4760971069335938 0.0
0.4415399432182312 -2.479119062423706 0.10006408393383026
0.3289698660373688 -2.4692208766937256 0.19960668683052063
0.9893027544021606 -2.4166078567504883 0.09985029697418213
0.8244103789329529 -2.4463260173797607 0.0
0.8804680705070496 -2.4159815311431885 0.1991887390613556
0.7183836102485657 -2.453707695007324 0.09990659356117249
0.49091795086860657 -2.430924892425537 0.2978707551956177
0.7671198844909668 -2.402970314025879 0.29750606417655945
0.6061955094337463 -2.4485654830932617 0.1998845636844635
1.3224260807037354 -2.3067049980163574 0.29758012294769287
1.0462015867233276 -2.361081600189209 0.2986412048339844
1.1597176790237427 -2.3695545196533203 0.19885477423667908
-0.16256161034107208 -1.4301389455795288 1.2288110256195068
-0.3243451714515686 -1.5391050577163696 1.175764560699463
0.0 -1.5441899299621582 1.179648995399475
-0.6424881219863892 -1.734451174736023 1.0530697107315063
-0.32229194045066833 -1.751554250717163 1.0634537935256958
-0.4845763146877289 -1.64070463180542 1.1170904636383057
0.0 -1.7572675943374634 1.0669225454330444
-0.16256842017173767 -1.6522091627120972 1.1240805387496948
0.32229194045066833 -1.751554250717163 1.0634537935256958
0.16256842017173767 -1.6522091627120972 1.1240805387496948
-1.2360678911209106 -2.0225424766540527 0.75
-0.9337813258171082 -2.067868232727051 0.7668076753616333
-1.0948266983032227 -1.964287519454956 0.8321101665496826
-0.6257378458976746 -2.100444793701172 0.7788877487182617
-0.789097785949707 -2.0037591457366943 0.8467692136764526
-0.9483452439308167 -1.8966307640075684 0.9102376699447632
0.0 -2.126626968383789 0.7885966300964355
-0.16270072758197784 -2.0438075065612793 0.8616865873336792
-0.31383639574050903 -2.1200714111328125 0.7861656546592712
-0.32456740736961365 -1.950510859489441 0.9303593635559082
-0.4763128459453583 -2.030423641204834 0.8567103147506714
-0.7973248362541199 -1.8198964595794678 0.9840085506439209
-0.4847702980041504 -1.8472157716751099 0.9942629337310791
-0.6384516358375549 -1.9296014308929443 0.9231836199760437
0.9337813258171082 -2.067868232727051 0.7668076753616333
0.789097785949707 -2.0037591457366943 0.8467692136764526
0.6257378458976746 -2.100444793701172 0.7788877487182617
0.4847702980041504 -1.8472157716751099 0.9942629337310791
0.32456740736961365 -1.950510859489441 0.9303593635559082
0.6384516358375549 -1.9296014308929443 0.9231836199760437
0.31383639574050903 -2.1200714111328125 0.7861656546592712
0.16270072758197784 -2.0438075065612793 0.8616865873336792
0.4763128459453583 -2.030423641204834 0.8567103147506714
-0.16270826756954193 -1.8587393760681152 1.001253604888916
0.0 -1.9569637775421143 0.9334372282028198
0.16270826756954193 -1.8587393760681152 1.001253604888916
-1.8626304864883423 -2.2124123573303223 0.0
-2.0251920223236084 -2.1496195793151855 0.09863634407520294
-1.6134213209152222 -2.2876086235046387 0.0
-1.7814600467681885 -2.232316732406616 0.09872537851333618
-1.9377665519714355 -2.162323236465454 0.1968005895614624
-1.0930659770965576 -2.404845714569092 0.0
-1.2671103477478027 -2.365494728088379 0.09906363487243652
-1.356489896774292 -2.351855754852295 0.0
-1.432915210723877 -2.3107616901397705 0.197483092546463
-1.5268861055374146 -2.3047969341278076 0.0989825576543808
-1.7355542182922363 -2.1566710472106934 0.3898378908634186
-1.8410663604736328 -2.164677619934082 0.29402288794517517
-1.5894023180007935 -2.2410025596618652 0.2946183681488037
-1.689454436302185 -2.2420012950897217 0.19762301445007324
-0.164993554353714 -2.492293357849121 0.1001119539141655
-0.2765662968158722 -2.4940171241760254 0.0
-0.3289698660373688 -2.4692208766937256 0.19960668683052063
-0.4415399432182312 -2.479119062423706 0.10006408393383026
-0.5518088936805725 -2.4760971069335938 0.0
-0.6498394012451172 -2.377641439437866 0.39429837465286255
-0.7671198844909668 -2.402970314025879 0.29750606417655945
-0.49091795086860657 -2.430924892425537 0.2978707551956177
-0.8804680705070496 -2.4159815311431885 0.1991887390613556
-0.6061955094337463 -2.4485654830932617 0.1998845636844635
-0.8244103789329529 -2.4463260173797607 0.0
-0.9893027544021606 -2.4166078567504883 0.09985029697418213
-0.7183836102485657 -2.453707695007324 0.09990659356117249
-1.3713929653167725 -2.0711171627044678 0.6643000841140747
-1.0987749099731445 -2.1316003799438477 0.6666957139968872
-1.5001541376113892 -2.109778642654419 0.575420618057251
-1.230637788772583 -2.1743133068084717 0.5788592100143433
-0.954707682132721 -2.2275164127349854 0.5792810916900635
-1.4740731716156006 -2.2293548583984375 0.3939908444881439
-1.6217352151870728 -2.1383423805236816 0.48378705978393555
-1.2050354480743408 -2.2906103134155273 0.39612412452697754
-1.3568352460861206 -2.20709228515625 0.4872952699661255
-0.8047543168067932 -2.3096988201141357 0.4882949888706207
-0.9298205971717834 -2.3401238918304443 0.39622682332992554
-1.0825083255767822 -2.2645797729492188 0.48889344930648804
-1.1597176790237427 -2.3695545196533203 0.19885477423667908
-1.0462015867233276 -2.361081600189209 0.2986412048339844
-1.3224260807037354 -2.3067049980163574 0.29758012294769287
0.7929088473320007 -2.1713361740112305 0.6813927292823792
0.1651967167854309 -2.211899995803833 0.6963200569152832
0.3292943239212036 -2.282456159591675 0.5994105339050293
0.47902193665504456 -2.198361396789551 0.6913224458694458
0.4912009835243225 -2.3378260135650635 0.4985129237174988
0.6440256237983704 -2.2620973587036133 0.5912042856216431
-0.7929088473320007 -2.1713361740112305 0.6813927292823792
-0.4912009835243225 -2.3378260135650635 0.4985129237174988
-0.3292943239212036 -2.282456159591675 0.5994105339050293
-0.6440256237983704 -2.2620973587036133 0.5912042856216431
-0.1651967167854309 -2.211899995803833 0.6963200569152832
-0.47902193665504456 -2.198361396789551 0.6913224458694458
0.0 -2.477614164352417 0.2002851665019989
0.3260042369365692 -2.401636838912964 0.3982776999473572
0.0 -2.4096531867980957 0.3996070623397827
0.16500364243984222 -2.447129726409912 0.3005516827106476
-0.3260042369365692 -2.401636838912964 0.3982776999473572
-0.16500364243984222 -2.447129726409912 0.3005516827106476
0.0 -2.2902300357818604 0.601452112197876
-0.16520793735980988 -2.3540451526641846 0.50121009349823
0.16520793735980988 -2.3540451526641846 0.50121009349823
2.0251920223236084 -2.1496195793151855 -0.09863634407520294
1.7814600467681885 -2.232316732406616 -0.09872537851333618
1.9377665519714355 -2.162323236465454 -0.1968005895614624
1.2671103477478027 -2.365494728088379 -0.09906363487243652
1.432915210723877 -2.3107616901397705 -0.197483092546463
1.5268861055374146 -2.3047969341278076 -0.0989825576543808
1.7355542182922363 -2.1566710472106934 -0.3898378908634186
1.8410663604736328 -2.164677619934082 -0.29402288794517517
1.5894023180007935 -2.2410025596618652 -0.2946183681488037
1.689454436302185 -2.2420012950897217 -0.19762301445007324
0.164993554353714 -2.492293357849121 -0.1001119539141655
0.3289698660373688 -2.4692208766937256 -0.19960668683052063
0.4415399432182312 -2.479119062423706 -0.10006408393383026
0.6498394012451172 -2.377641439437866 -0.39429837465286255
0.7671198844909668 -2.402970314025879 -0.29750606417655945
0.49091795086860657 -2.430924892425537 -0.2978707551956177
0.8804680705070496 -2.4159815311431885 -0.1991887390613556
0.6061955094337463 -2.4485654830932617 -0.1998845636844635
0.9893027544021606 -2.4166078567504883 -0.09985029697418213
0.7183836102485657 -2.453707695007324 -0.09990659356117249
1.2360678911209106 -2.0225424766540527 -0.75
1.3713929653167725 -2.0711171627044678 -0.6643000841140747
1.0987749099731445 -2.1316003799438477 -0.6666957139968872
1.5001541376113892 -2.109778642654419 -0.575420618057251
1.230637788772583 -2.1743133068084717 -0.5788592100143433
0.954707682132721 -2.2275164127349854 -0.5792810916900635
1.4740731716156006 -2.2293548583984375 -0.3939908444881439
1.6217352151870728 -2.1383423805236816 -0.48378705978393555
1.2050354480743408 -2.2906103134155273 -0.39612412452697754
1.3568352460861206 -2.20709228515625 -0.4872952699661255
0.8047543168067932 -2.3096988201141357 -0.4882949888706207
0.9298205971717834 -2.3401238918304443 -0.39622682332992554
1.0825083255767822 -2.2645797729492188 -0.48889344930648804
1.1597176790237427 -2.3695545196533203 -0.19885477423667908
1.0462015867233276 -2.361081600189209 -0.2986412048339844
1.3224260807037354 -2.3067049980163574 -0.29758012294769287
-2.0251920223236084 -2.1496195793151855 -0.09863634407520294
-1.9377665519714355 -2.162323236465454 -0.1968005895614624
-1.7814600467681885 -2.232316732406616 -0.09872537851333618
-1.7355542182922363 -2.1566710472106934 -0.3898378908634186
-1.5894023180007935 -2.2410025596618652 -0.2946183681488037
-1.8410663604736328 -2.164677619934082 -0.29402288794517517
-1.432915210723877 -2.3107616901397705 -0.197483092546463
-1.689454436302185 -2.2420012950897217 -0.19762301445007324
-1.2671103477478027 -2.365494728088379 -0.09906363487243652
-1.5268861055374146 -2.3047969341278076 -0.0989825576543808
-1.2360678911209106 -2.0225424766540527 -0.75
-1.0987749099731445 -2.1316003799438477 -0.6666957139968872
-1.3713929653167725 -2.0711171627044678 -0.6643000841140747
-0.954707682132721 -2.2275164127349854 -0.5792810916900635
-1.230637788772583 -2.1743133068084717 -0.5788592100143433
-1.5001541376113892 -2.109778642654419 -0.575420618057251
-0.6498394012451172 -2.377641439437866 -0.39429837465286255
-0.9298205971717834 -2.3401238918304443 -0.39622682332992554
-0.8047543168067932 -2.3096988201141357 -0.4882949888706207
-1.2050354480743408 -2.2906103134155273 -0.39612412452697754
-1.0825083255767822 -2.2645797729492188 -0.48889344930648804
-1.6217352151870728 -2.1383423805236816 -0.48378705978393555
-1.4740731716156006 -2.2293548583984375 -0.3939908444881439
-1.3568352460861206 -2.20709228515625 -0.4872952699661255
-0.164993554353714 -2.492293357849121 -0.1001119539141655
-0.4415399432182312 -2.479119062423706 -0.10006408393383026
-0.3289698660373688 -2.4692208766937256 -0.19960668683052063
-0.9893027544021606 -2.4166078567504883 -0.09985029697418213
-0.8804680705070496 -2.4159815311431885 -0.1991887390613556
-0.7183836102485657 -2.453707695007324 -0.09990659356117249
-0.49091795086860657 -2.430924892425537 -0.2978707551956177
-0.7671198844909668 -2.402970314025879 -0.29750606417655945
-0.6061955094337463 -2.4485654830932617 -0.1998845636844635
-1.3224260807037354 -2.3067049980163574 -0.29758012294769287
-1.0462015867233276 -2.361081600189209 -0.2986412048339844
-1.1597176790237427 -2.3695545196533203 -0.19885477423667908
0.16256161034107208 -1.4301389455795288 -1.2288110256195068
-0.16256161034107208 -1.4301389455795288 -1.2288110256195068
0.3243451714515686 -1.5391050577163696 -1.175764560699463
0.0 -1.5441899299621582 -1.179648995399475
-0.3243451714515686 -1.5391050577163696 -1.175764560699463
0.6424881219863892 -1.734451174736023 -1.0530697107315063
0.32229194045066833 -1.751554250717163 -1.0634537935256958
0.4845763146877289 -1.64070463180542 -1.1170904636383057
0.0 -1.7572675943374634 -1.0669225454330444
0.16256842017173767 -1.6522091627120972 -1.1240805387496948
-0.6424881219863892 -1.734451174736023 -1.0530697107315063
-0.4845763146877289 -1.64070463180542 -1.1170904636383057
-0.32229194045066833 -1.751554250717163 -1.0634537935256958
-0.16256842017173767 -1.6522091627120972 -1.1240805387496948
0.9337813258171082 -2.067868232727051 -0.7668076753616333
1.0948266983032227 -1.964287519454956 -0.8321101665496826
0.6257378458976746 -2.100444793701172 -0.7788877487182617
0.789097785949707 -2.0037591457366943 -0.8467692136764526
0.9483452439308167 -1.8966307640075684 -0.9102376699447632
0.0 -2.126626968383789 -0.7885966300964355
0.16270072758197784 -2.0438075065612793 -0.8616865873336792
0.31383639574050903 -2.1200714111328125 -0.7861656546592712
0.32456740736961365 -1.950510859489441 -0.9303593635559082
0.4763128459453583 -2.030423641204834 -0.8567103147506714
0.7973248362541199 -1.8198964595794678 -0.9840085506439209
0.4847702980041504 -1.8472157716751099 -0.9942629337310791
0.6384516358375549 -1.9296014308929443 -0.9231836199760437
-1.0948266983032227 -1.964287519454956 -0.8321101665496826
-0.9337813258171082 -2.067868232727051 -0.7668076753616333
-0.9483452439308167 -1.8966307640075684 -0.9102376699447632
-0.789097785949707 -2.0037591457366943 -0.8467692136764526
-0.6257378458976746 -2.100444793701172 -0.7788877487182617
-0.4847702980041504 -1.8472157716751099 -0.9942629337310791
-0.7973248362541199 -1.8198964595794678 -0.9840085506439209
-0.32456740736961365 -1.950510859489441 -0.9303593635559082
-0.6384516358375549 -1.9296014308929443 -0.9231836199760437
-0.31383639574050903 -2.1200714111328125 -0.7861656546592712
-0.16270072758197784 -2.0438075065612793 -0.8616865873336792
-0.4763128459453583 -2.030423641204834 -0.8567103147506714
0.16270826756954193 -1.8587393760681152 -1.001253604888916
0.0 -1.9569637775421143 -0.9334372282028198
-0.16270826756954193 -1.8587393760681152 -1.001253604888916
0.0 -2.477614164352417 -0.2002851665019989
-0.3260042369365692 -2.401636838912964 -0.3982776999473572
0.0 -2.4096531867980957 -0.3996070623397827
-0.16500364243984222 -2.447129726409912 -0.3005516827106476
0.3260042369365692 -2.401636838912964 -0.3982776999473572
0.16500364243984222 -2.447129726409912 -0.3005516827106476
-0.7929088473320007 -2.1713361740112305 -0.6813927292823792
-0.1651967167854309 -2.211899995803833 -0.6963200569152832
-0.3292943239212036 -2.282456159591675 -0.5994105339050293
-0.47902193665504456 -2.198361396789551 -0.6913224458694458
-0.4912009835243225 -2.3378260135650635 -0.4985129237174988
-0.6440256237983704 -2.2620973587036133 -0.5912042856216431
0.7929088473320007 -2.1713361740112305 -0.6813927292823792
0.4912009835243225 -2.3378260135650635 -0.4985129237174988
0.3292943239212036 -2.282456159591675 -0.5994105339050293
0.6440256237983704 -2.2620973587036133 -0.5912042856216431
0.1651967167854309 -2.211899995803833 -0.6963200569152832
0.47902193665504456 -2.198361396789551 -0.6913224458694458
-0.16520793735980988 -2.3540451526641846 -0.50121009349823
0.0 -2.2902300357818604 -0.601452112197876
0.16520793735980988 -2.3540451526641846 -0.50121009349823
2.288222551345825 -2.048018455505371 -0.06096061319112778
2.2074360847473145 -2.067774534225464 -0.15974102914333344
2.4625680446624756 -1.9596076011657715 -0.12162944674491882
2.0168378353118896 -2.0758965015411377 -0.35584303736686707
2.2850067615509033 -1.9816231727600098 -0.3195343315601349
2.1165401935577393 -2.077030658721924 -0.2587975859642029
2.7751219272613525 -1.7551162242889404 -0.24093306064605713
2.6251273155212402 -1.8618175983428955 -0.18171611428260803
2.5383169651031494 -1.8744640350341797 -0.2811477780342102
2.3795812129974365 -1.9754252433776855 -0.22112028300762177
1.5307337045669556 -1.9647471904754639 -0.7285683155059814
1.8159621953964233 -1.894838571548462 -0.7026448249816895
1.662389874458313 -2.007539749145508 -0.6407022476196289
2.3511412143707275 -1.7204773426055908 -0.6379880905151367
2.213487148284912 -1.8442803621292114 -0.580095648765564
2.089994430541992 -1.8132476806640625 -0.6723892092704773
2.064486503601074 -1.9586291313171387 -0.5192294716835022
1.9449620246887207 -1.9314385652542114 -0.6124289035797119
1.9049028158187866 -2.0629377365112305 -0.45570167899131775
1.7879080772399902 -2.040581464767456 -0.5490409731864929
3.2360680103302 -1.25 -0.4635254740715027
3.142859935760498 -1.386850357055664 -0.4105600118637085
3.041623830795288 -1.381133794784546 -0.5121525526046753
3.034609317779541 -1.5170629024505615 -0.35562947392463684
2.9391770362854004 -1.5143537521362305 -0.45781874656677246
2.8284270763397217 -1.50375235080719 -0.5576220154762268
2.689277410507202 -1.7599563598632812 -0.34335002303123474
2.9118340015411377 -1.640014410018921 -0.29899680614471436
2.5896475315093994 -1.7557746171951294 -0.44400689005851746
2.8209447860717773 -1.641548991203308 -0.40107160806655884
2.597792387008667 -1.6171000003814697 -0.5996535420417786
2.4767425060272217 -1.7425923347473145 -0.5423876643180847
2.7156522274017334 -1.6337430477142334 -0.5020374059677124
2.180436134338379 -1.975280523300171 -0.42047908902168274
2.334765672683716 -1.8633462190628052 -0.4832115173339844
2.4437036514282227 -1.8735876083374023 -0.382769376039505
0.2630302608013153 -1.2657450437545776 -1.2897717952728271
0.5248015522956848 -1.211104154586792 -1.297394037246704
0.42597606778144836 -1.3796474933624268 -1.2406647205352783
1.0395677089691162 -1.084721326828003 -1.294002652168274
0.9489147663116455 -1.260523796081543 -1.2455378770828247
0.7840610146522522 -1.1506664752960205 -1.2988066673278809
0.8520914316177368 -1.4281291961669922 -1.1889737844467163
0.690126895904541 -1.3228378295898438 -1.2462183237075806
0.7497273683547974 -1.5864481925964355 -1.124678373336792
0.5896540284156799 -1.4872382879257202 -1.1852550506591797
2.0 -0.772542417049408 -1.2135255336761475
1.942848801612854 -0.956708550453186 -1.1788482666015625
1.771466851234436 -0.8571206331253052 -1.2426702976226807
1.8737194538116455 -1.1349763870239258 -1.1369030475616455
1.7085392475128174 -1.0389937162399292 -1.2045238018035889
1.5344549417495728 -0.937596321105957 -1.2658672332763672
1.7013015747070312 -1.4694632291793823 -1.0322864055633545
1.546921730041504 -1.3834295272827148 -1.1065682172775269
1.7930378913879395 -1.3062465190887451 -1.0879485607147217
1.384611964225769 -1.2903040647506714 -1.1751775741577148
1.6331437826156616 -1.2156012058258057 -1.1588631868362427
1.290098786354065 -1.0135844945907593 -1.2830054759979248
1.2152045965194702 -1.1905643939971924 -1.237762689590454
1.4641093015670776 -1.1174426078796387 -1.224348783493042
1.3657400608062744 -1.9010149240493774 -0.8286802768707275
1.2208499908447266 -1.8369855880737305 -0.9086122512817383
1.4869920015335083 -1.7677669525146484 -0.9022513628005981
0.9156000018119812 -1.6807985305786133 -1.055973768234253
1.1840182542800903 -1.6185296773910522 -1.053464651107788
1.0695242881774902 -1.7630904912948608 -0.9849294424057007
1.5990761518478394 -1.6236200332641602 -0.9702599048614502
1.4463670253753662 -1.547964096069336 -1.0455554723739624
1.3387662172317505 -1.6972827911376953 -0.98024582862854
1.1212775707244873 -1.3627725839614868 -1.1851682662963867
1.2885642051696777 -1.459228754043579 -1.1180076599121094
1.0207183361053467 -1.5273147821426392 -1.124152660369873
3.4393913745880127 -0.16439391672611237 -0.7594469785690308
3.276829719543457 -0.1016010195016861 -0.8580834865570068
3.459717273712158 -0.3280009627342224 -0.7266624569892883
3.308439016342163 -0.2662350535392761 -0.8277885913848877
3.1353719234466553 -0.20271572470664978 -0.923462986946106
3.450673818588257 -0.64972984790802 -0.6508328318595886
3.321434259414673 -0.593071699142456 -0.7563142776489258
3.463484287261963 -0.490038126707077 -0.6903998851776123
3.1705968379974365 -0.5325571298599243 -0.8568775653839111
3.323248863220215 -0.43132930994033813 -0.7937026619911194
2.8081858158111572 -0.40155506134033203 -1.0406707525253296
2.978908061981201 -0.30286020040512085 -0.9844227433204651
2.9991424083709717 -0.46857959032058716 -0.9518689513206482
3.1606802940368652 -0.36853379011154175 -0.8923430442810059
3.1435954570770264 -1.2142804861068726 -0.5740251541137695
3.3137874603271484 -1.1071667671203613 -0.5142723321914673
3.0317416191101074 -1.171074628829956 -0.6809858083724976
3.2120635509490967 -1.0678369998931885 -0.6233962178230286
3.375645875930786 -0.9590343236923218 -0.5625578165054321
2.7527637481689453 -1.0633134841918945 -0.8816779851913452
2.9508485794067383 -0.9668260812759399 -0.830057680606842
2.901196002960205 -1.1206486225128174 -0.7837479114532471
3.1338067054748535 -0.8653824925422668 -0.7741824388504028
3.090301752090454 -1.0207148790359497 -0.7293607592582703
3.4213478565216064 -0.8063117265701294 -0.6081507205963135
3.3007001876831055 -0.7595027685165405 -0.7143385410308838
3.264930248260498 -0.9150683283805847 -0.6704655289649963
2.2189605236053467 -0.6842666864395142 -1.178572416305542
2.2098140716552734 -0.8535875082015991 -1.1406089067459106
2.427300453186035 -0.5927157998085022 -1.1379785537719727
2.4229660034179688 -0.7630312442779541 -1.10219144821167
2.406003713607788 -0.9293699860572815 -1.0606601238250732
2.815930128097534 -0.5722500085830688 -1.008479118347168
2.6240227222442627 -0.4983280301094055 -1.091937780380249
2.809239149093628 -0.7400113940238953 -0.9711178541183472
2.626478433609009 -0.6684526801109314 -1.0578542947769165
2.58735990524292 -0.9994226098060608 -0.9741721153259277
2.7881479263305664 -0.9039794206619263 -0.9287784099578857
2.6139888763427734 -0.8367288708686829 -1.0183696746826172
3.1604485511779785 -0.700798511505127 -0.8176635503768921
2.981353759765625 -0.8053526282310486 -0.8755372166633606
2.9977402687072754 -0.6379489898681641 -0.9163888692855835
1.657090663909912 -1.8375275135040283 -0.8051757216453552
1.8836681842803955 -1.5481040477752686 -0.9424692392349243
2.053501844406128 -1.61644446849823 -0.8463813066482544
1.775829553604126 -1.6974419355392456 -0.8770735859870911
2.209672451019287 -1.6740299463272095 -0.7446619868278503
1.940833330154419 -1.761177897453308 -0.7769556045532227
2.1471354961395264 -1.0356817245483398 -1.102516531944275
2.513251304626465 -1.1772925853729248 -0.9288623929023743
2.257016897201538 -1.2834386825561523 -0.9698666334152222
2.338862657546997 -1.1098934412002563 -1.0184650421142578
1.9857653379440308 -1.3810453414916992 -1.0044180154800415
2.0718815326690674 -1.2130208015441895 -1.0567067861557007
2.9400439262390137 -1.3419594764709473 -0.621408998966217
2.476966381072998 -1.5707820653915405 -0.7063755989074707
2.586311101913452 -1.4106355905532837 -0.7700631618499756
2.715907096862793 -1.4617893695831299 -0.6659361124038696
2.678447961807251 -1.2411032915115356 -0.8286271691322327
2.817884683609009 -1.2949258089065552 -0.7278124690055847
2.162600040435791 -1.4548799991607666 -0.9112170338630676
2.4299120903015137 -1.3516249656677246 -0.8729279637336731
2.327807903289795 -1.5186951160430908 -0.8109750151634216
2.4707038402557373 -1.9660817384719849 0.0
2.8024866580963135 -1.7724229097366333 -0.12085947394371033
2.8116281032562256 -1.7782044410705566 0.0
2.6435346603393555 -1.8734675645828247 -0.060963161289691925
2.8024866580963135 -1.7724229097366333 0.12085947394371033
2.6435346603393555 -1.8734675645828247 0.060963161289691925
3.308588981628418 -1.2780128717422485 -0.35016798973083496
3.3607115745544434 -1.2981462478637695 -0.23465168476104736
3.206014633178711 -1.411281943321228 -0.29591166973114014
3.4026031494140625 -1.3143277168273926 0.0
3.270092010498047 -1.4361443519592285 -0.06101277843117714
3.3921141624450684 -1.3102760314941406 -0.11768864840269089
3.1208174228668213 -1.5505990982055664 -0.12171278893947601
3.2486777305603027 -1.427850604057312 -0.17861731350421906
2.955544948577881 -1.6571049690246582 -0.1817888617515564
3.087362051010132 -1.5386396646499634 -0.2394193708896637
3.308588981628418 -1.2780128717422485 0.35016798973083496
3.206014633178711 -1.411281943321228 0.29591166973114014
3.3607115745544434 -1.2981462478637695 0.23465168476104736
2.955544948577881 -1.6571049690246582 0.1817888617515564
3.1208174228668213 -1.5505990982055664 0.12171278893947601
3.087362051010132 -1.5386396646499634 0.2394193708896637
3.3921141624450684 -1.3102760314941406 0.11768864840269089
3.270092010498047 -1.4361443519592285 0.06101277843117714
3.2486777305603027 -1.427850604057312 0.17861731350421906
2.9739830493927 -1.668756127357483 -0.06101560592651367
3.1311421394348145 -1.5557289123535156 0.0
2.9739830493927 -1.668756127357483 0.06101560592651367
3.5398597717285156 0.0 -0.6984864473342896
3.6601736545562744 0.0 -0.6050329804420471
3.571706771850586 -0.1645422875881195 -0.6680475473403931
3.8477532863616943 0.0 -0.4098997414112091
3.7847914695739746 -0.16510605812072754 -0.475166380405426
3.7629690170288086 0.0 -0.5086836814880371
3.697218656539917 -0.32913848757743835 -0.5373432040214539
3.6876749992370605 -0.16497091948986053 -0.5725823044776917
3.585603952407837 -0.49103063344955444 -0.5960258841514587
3.5872020721435547 -0.32937169075012207 -0.6335453987121582
4.0 0.0 0.0
3.9876694679260254 -0.16685324907302856 -0.061872582882642746
3.9904274940490723 0.0 -0.10371236503124237
3.9507534503936768 -0.33267781138420105 -0.12336370348930359
3.966590404510498 -0.1667734831571579 -0.1655774712562561
3.9617555141448975 0.0 -0.2069283425807953
3.8042261600494385 -0.6571639180183411 -0.24368977546691895
3.844752550125122 -0.49584344029426575 -0.28766995668411255
3.889479637145996 -0.4964512586593628 -0.18409423530101776
3.865570545196533 -0.33198121190071106 -0.330175518989563
3.9177045822143555 -0.33314093947410583 -0.22732332348823547
3.914121627807617 0.0 -0.30915388464927673
3.866572380065918 -0.16641715168952942 -0.37098854780197144
3.9259324073791504 -0.16651099920272827 -0.2693938612937927
3.4105606079101562 -1.1111595630645752 -0.4120405912399292
3.4789011478424072 -0.9647653102874756 -0.46148908138275146
3.564026355743408 -0.9654685258865356 -0.35801541805267334
3.5669679641723633 -0.6566513776779175 -0.5527774095535278
3.6649765968322754 -0.6602069139480591 -0.4518882930278778
3.5313477516174316 -0.8121588230133057 -0.508813202381134
3.6955182552337646 -0.8138250112533569 -0.30178287625312805
3.7441980838775635 -0.6603780388832092 -0.3486827313899994
3.6233272552490234 -0.8148224353790283 -0.4059406518936157
3.7912871837615967 -0.33142462372779846 -0.4348941445350647
3.7777302265167236 -0.49773529171943665 -0.3923255503177643
3.690727949142456 -0.4959668517112732 -0.49590978026390076
3.5398597717285156 0.0 0.6984864473342896
3.571706771850586 -0.1645422875881195 0.6680475473403931
3.6601736545562744 0.0 0.6050329804420471
3.585603952407837 -0.49103063344955444 0.5960258841514587
3.697218656539917 -0.32913848757743835 0.5373432040214539
3.5872020721435547 -0.32937169075012207 0.6335453987121582
3.8477532863616943 0.0 0.4098997414112091
3.7629690170288086 0.0 0.5086836814880371
3.7847914695739746 -0.16510605812072754 0.475166380405426
3.6876749992370605 -0.16497091948986053 0.5725823044776917
3.4105606079101562 -1.1111595630645752 0.4120405912399292
3.564026355743408 -0.9654685258865356 0.35801541805267334
3.4789011478424072 -0.9647653102874756 0.46148908138275146
3.8042261600494385 -0.6571639180183411 0.24368977546691895
3.7441980838775635 -0.6603780388832092 0.3486827313899994
3.6955182552337646 -0.8138250112533569 0.30178287625312805
3.6649765968322754 -0.6602069139480591 0.4518882930278778
3.6233272552490234 -0.8148224353790283 0.4059406518936157
3.5669679641723633 -0.6566513776779175 0.5527774095535278
3.5313477516174316 -0.8121588230133057 0.508813202381134
3.9904274940490723 0.0 0.10371236503124237
3.9876694679260254 -0.16685324907302856 0.061872582882642746
3.9617555141448975 0.0 0.2069283425807953
3.966590404510498 -0.1667734831571579 0.1655774712562561
3.9507534503936768 -0.33267781138420105 0.12336370348930359
3.866572380065918 -0.16641715168952942 0.37098854780197144
3.914121627807617 0.0 0.30915388464927673
3.865570545196533 -0.33198121190071106 0.330175518989563
3.9259324073791504 -0.16651099920272827 0.2693938612937927
3.889479637145996 -0.4964512586593628 0.18409423530101776
3.844752550125122 -0.49584344029426575 0.28766995668411255
3.9177045822143555 -0.33314093947410583 0.22732332348823547
3.690727949142456 -0.4959668517112732 0.49590978026390076
3.7777302265167236 -0.49773529171943665 0.3923255503177643
3.7912871837615967 -0.33142462372779846 0.4348941445350647
3.474138021469116 -1.1356545686721802 -0.2973408102989197
3.7405216693878174 -0.8308548331260681 -0.18420037627220154
3.6519298553466797 -0.999017596244812 -0.12348537147045135
3.6193559169769287 -0.9853405356407166 -0.24150961637496948
3.5390398502349854 -1.1605334281921387 -0.06194876879453659
3.517378091812134 -1.1522040367126465 -0.179633229970932
3.9641826152801514 -0.33380863070487976 0.0
3.842618942260742 -0.6637961268424988 0.12225158512592316
3.85544490814209 -0.6660118103027344 0.0
3.915407657623291 -0.5009194612503052 0.061876364052295685
3.842618942260742 -0.6637961268424988 -0.12225158512592316
3.915407657623291 -0.5009194612503052 -0.061876364052295685
3.474138021469116 -1.1356545686721802 0.2973408102989197
3.5390398502349854 -1.1605334281921387 0.06194876879453659
3.6519298553466797 -0.999017596244812 0.12348537147045135
3.517378091812134 -1.1522040367126465 0.179633229970932
3.7405216693878174 -0.8308548331260681 0.18420037627220154
3.6193559169769287 -0.9853405356407166 0.24150961637496948
3.766472101211548 -0.8353501558303833 -0.06195297837257385
3.766472101211548 -0.8353501558303833 0.06195297837257385
3.664368152618408 -1.00242018699646 0.0
0.2632676661014557 -1.1134124994277954 1.3393900394439697
0.7856490612030029 -0.9933764338493347 1.3446015119552612
0.5266215205192566 -0.8955719470977783 1.3864569664001465
0.5269947052001953 -1.0559090375900269 1.345200777053833
0.2641696631908417 -0.7919439673423767 1.4192967414855957
0.26395344734191895 -0.9543037414550781 1.382878065109253
1.7778552770614624 -0.6867343783378601 1.2789603471755981
1.5447494983673096 -0.5966923236846924 1.3365098237991333
1.5436246395111084 -0.769148588180542 1.3045880794525146
1.0514622926712036 -0.40614962577819824 1.4265848398208618
1.0566048622131348 -0.5811378955841064 1.4040743112564087
1.3021199703216553 -0.5029714107513428 1.3858191967010498
1.0563310384750366 -0.7531471252441406 1.374366283416748
1.3037158250808716 -0.6765676736831665 1.3587478399276733
1.0506422519683838 -0.9212957620620728 1.3376129865646362
1.2994540929794312 -0.8480220437049866 1.3242554664611816
0.26696521043777466 -0.10312096774578094 1.4953761100769043
0.26683756709098816 -0.2759624719619751 1.487471342086792
0.5322844982147217 -0.20560616254806519 1.4815325736999512
0.26626744866371155 -0.6183142066001892 1.4499646425247192
0.5311699509620667 -0.5502925515174866 1.4495890140533447
0.26641762256622314 -0.4489898085594177 1.4722247123718262
0.7943220138549805 -0.30682373046875 1.4585548639297485
0.79334956407547 -0.47944995760917664 1.4417822360992432
0.5330255627632141 -0.37887221574783325 1.4691393375396729
0.7935469150543213 -0.8265162110328674 1.3840229511260986
0.7963765263557434 -0.653876006603241 1.4166488647460938
0.5302793979644775 -0.7248234748840332 1.4217326641082764
3.14573073387146 0.0 0.9265140295028687
2.835876703262329 0.201432466506958 1.0509326457977295
2.8451268672943115 0.0 1.0543605089187622
2.9975483417510986 0.10160527378320694 0.9913256168365479
2.835876703262329 -0.201432466506958 1.0509326457977295
2.9975483417510986 -0.10160527378320694 0.9913256168365479
2.044820547103882 0.5836133360862732 1.2407208681106567
2.0770339965820312 0.3910861611366272 1.2602667808532715
2.2580511569976807 0.4931861162185669 1.2022554874420166
2.102924346923828 0.0 1.2759761810302734
2.297830820083618 0.101687952876091 1.2262845039367676
2.0964417457580566 0.19614773988723755 1.2720427513122559
2.4809582233428955 0.20285463333129883 1.1703065633773804
2.2845609188079834 0.297695517539978 1.2182542085647583
2.6513679027557373 0.302981436252594 1.10832941532135
2.461822986602783 0.39903226494789124 1.1577608585357666
2.044820547103882 -0.5836133360862732 1.2407208681106567
2.2580511569976807 -0.4931861162185669 1.2022554874420166
2.0770339965820312 -0.3910861611366272 1.2602667808532715
2.6513679027557373 -0.302981436252594 1.10832941532135
2.4809582233428955 -0.20285463333129883 1.1703065633773804
2.461822986602783 -0.39903226494789124 1.1577608585357666
2.0964417457580566 -0.19614773988723755 1.2720427513122559
2.297830820083618 -0.101687952876091 1.2262845039367676
2.2845609188079834 -0.297695517539978 1.2182542085647583
2.6700096130371094 0.10169266909360886 1.115243673324585
2.489166021347046 0.0 1.1741783618927002
2.6700096130371094 -0.10169266909360886 1.115243673324585
0.2632676661014557 1.1134124994277954 1.3393900394439697
0.2641696631908417 0.7919439673423767 1.4192967414855957
0.5266215205192566 0.8955719470977783 1.3864569664001465
0.26395344734191895 0.9543037414550781 1.382878065109253
0.7856490612030029 0.9933764338493347 1.3446015119552612
0.5269947052001953 1.0559090375900269 1.345200777053833
0.26696521043777466 0.10312096774578094 1.4953761100769043
0.5322844982147217 0.20560616254806519 1.4815325736999512
0.26683756709098816 0.2759624719619751 1.487471342086792
1.0514622926712036 0.40614962577819824 1.4265848398208618
0.79334956407547 0.47944995760917664 1.4417822360992432
0.7943220138549805 0.30682373046875 1.4585548639297485
0.5311699509620667 0.5502925515174866 1.4495890140533447
0.5330255627632141 0.37887221574783325 1.4691393375396729
0.26626744866371155 0.6183142066001892 1.4499646425247192
0.26641762256622314 0.4489898085594177 1.4722247123718262
1.7778552770614624 0.6867343783378601 1.2789603471755981
1.5436246395111084 0.769148588180542 1.3045880794525146
1.5447494983673096 0.5966923236846924 1.3365098237991333
1.0506422519683838 0.9212957620620728 1.3376129865646362
1.0563310384750366 0.7531471252441406 1.374366283416748
1.2994540929794312 0.8480220437049866 1.3242554664611816
1.3021199703216553 0.5029714107513428 1.3858191967010498
1.0566048622131348 0.5811378955841064 1.4040743112564087
1.3037158250808716 0.6765676736831665 1.3587478399276733
0.5302793979644775 0.7248234748840332 1.4217326641082764
0.7963765263557434 0.653876006603241 1.4166488647460938
0.7935469150543213 0.8265162110328674 1.3840229511260986
1.8170472383499146 -0.49556803703308105 1.3028017282485962
1.8568536043167114 -0.10324795544147491 1.3271400928497314
1.5984281301498413 -0.20580895245075226 1.3694736957550049
1.8435264825820923 -0.29938870668411255 1.3190168142318726
1.329367756843567 -0.30700060725212097 1.402695655822754
1.5765448808670044 -0.4025160074234009 1.3572584390640259
1.8170472383499146 0.49556803703308105 1.3028017282485962
1.329367756843567 0.30700060725212097 1.402695655822754
1.5984281301498413 0.20580895245075226 1.3694736957550049
1.5765448808670044 0.4025160074234009 1.3572584390640259
1.8568536043167114 0.10324795544147491 1.3271400928497314
1.8435264825820923 0.29938870668411255 1.3190168142318726
0.5340937972068787 0.0 1.4865684509277344
1.062073826789856 -0.20375265181064606 1.4409821033477783
1.065618872642517 0.0 1.4457918405532837
0.8014712333679199 -0.10312727838754654 1.468277931213379
1.062073826789856 0.20375265181064606 1.4409821033477783
0.8014712333679199 0.10312727838754654 1.468277931213379
1.603872299194336 0.0 1.3741381168365479
1.3365602493286133 0.10325495898723602 1.4124270677566528
1.3365602493286133 -0.10325495898723602 1.4124270677566528
-2.2074360847473145 -2.067774534225464 0.15974102914333344
-2.0168378353118896 -2.0758965015411377 0.35584303736686707
-2.2850067615509033 -1.9816231727600098 0.3195343315601349
-2.1165401935577393 -2.077030658721924 0.2587975859642029
-2.5383169651031494 -1.8744640350341797 0.2811477780342102
-2.3795812129974365 -1.9754252433776855 0.22112028300762177
-1.5307337045669556 -1.9647471904754639 0.7285683155059814
-1.8159621953964233 -1.894838571548462 0.7026448249816895
-1.662389874458313 -2.007539749145508 0.6407022476196289
-2.3511412143707275 -1.7204773426055908 0.6379880905151367
-2.213487148284912 -1.8442803621292114 0.580095648765564
-2.089994430541992 -1.8132476806640625 0.6723892092704773
-2.064486503601074 -1.9586291313171387 0.5192294716835022
-1.9449620246887207 -1.9314385652542114 0.6124289035797119
-1.9049028158187866 -2.0629377365112305 0.45570167899131775
-1.7879080772399902 -2.040581464767456 0.5490409731864929
-3.041623830795288 -1.381133794784546 0.5121525526046753
-2.9391770362854004 -1.5143537521362305 0.45781874656677246
-2.8284270763397217 -1.50375235080719 0.5576220154762268
-2.689277410507202 -1.7599563598632812 0.34335002303123474
-2.5896475315093994 -1.7557746171951294 0.44400689005851746
-2.8209447860717773 -1.641548991203308 0.40107160806655884
-2.597792387008667 -1.6171000003814697 0.5996535420417786
-2.4767425060272217 -1.7425923347473145 0.5423876643180847
-2.7156522274017334 -1.6337430477142334 0.5020374059677124
-2.180436134338379 -1.975280523300171 0.42047908902168274
-2.334765672683716 -1.8633462190628052 0.4832115173339844
-2.4437036514282227 -1.8735876083374023 0.382769376039505
-0.42597606778144836 -1.3796474933624268 1.2406647205352783
-0.9489147663116455 -1.260523796081543 1.2455378770828247
-0.8520914316177368 -1.4281291961669922 1.1889737844467163
-0.690126895904541 -1.3228378295898438 1.2462183237075806
-0.7497273683547974 -1.5864481925964355 1.124678373336792
-0.5896540284156799 -1.4872382879257202 1.1852550506591797
-1.942848801612854 -0.956708550453186 1.1788482666015625
-1.8737194538116455 -1.1349763870239258 1.1369030475616455
-1.7085392475128174 -1.0389937162399292 1.2045238018035889
-1.7013015747070312 -1.4694632291793823 1.0322864055633545
-1.546921730041504 -1.3834295272827148 1.1065682172775269
-1.7930378913879395 -1.3062465190887451 1.0879485607147217
-1.384611964225769 -1.2903040647506714 1.1751775741577148
-1.6331437826156616 -1.2156012058258057 1.1588631868362427
-1.2152045965194702 -1.1905643939971924 1.237762689590454
-1.4641093015670776 -1.1174426078796387 1.224348783493042
-1.3657400608062744 -1.9010149240493774 0.8286802768707275
-1.2208499908447266 -1.8369855880737305 0.9086122512817383
-1.4869920015335083 -1.7677669525146484 0.9022513628005981
-0.9156000018119812 -1.6807985305786133 1.055973768234253
-1.1840182542800903 -1.6185296773910522 1.053464651107788
-1.0695242881774902 -1.7630904912948608 0.9849294424057007
-1.5990761518478394 -1.6236200332641602 0.9702599048614502
-1.4463670253753662 -1.547964096069336 1.0455554723739624
-1.3387662172317505 -1.6972827911376953 0.98024582862854
-1.1212775707244873 -1.3627725839614868 1.1851682662963867
-1.2885642051696777 -1.459228754043579 1.1180076599121094
-1.0207183361053467 -1.5273147821426392 1.124152660369873
-3.308439016342163 -0.2662350535392761 0.8277885913848877
-3.321434259414673 -0.593071699142456 0.7563142776489258
-3.1705968379974365 -0.5325571298599243 0.8568775653839111
-3.323248863220215 -0.43132930994033813 0.7937026619911194
-2.9991424083709717 -0.46857959032058716 0.9518689513206482
-3.1606802940368652 -0.36853379011154175 0.8923430442810059
-3.1435954570770264 -1.2142804861068726 0.5740251541137695
-3.0317416191101074 -1.171074628829956 0.6809858083724976
-3.2120635509490967 -1.0678369998931885 0.6233962178230286
-2.7527637481689453 -1.0633134841918945 0.8816779851913452
-2.9508485794067383 -0.9668260812759399 0.830057680606842
-2.901196002960205 -1.1206486225128174 0.7837479114532471
-3.1338067054748535 -0.8653824925422668 0.7741824388504028
-3.090301752090454 -1.0207148790359497 0.7293607592582703
-3.3007001876831055 -0.7595027685165405 0.7143385410308838
-3.264930248260498 -0.9150683283805847 0.6704655289649963
-2.2098140716552734 -0.8535875082015991 1.1406089067459106
-2.4229660034179688 -0.7630312442779541 1.10219144821167
-2.406003713607788 -0.9293699860572815 1.0606601238250732
-2.815930128097534 -0.5722500085830688 1.008479118347168
-2.809239149093628 -0.7400113940238953 0.9711178541183472
-2.626478433609009 -0.6684526801109314 1.0578542947769165
-2.58735990524292 -0.9994226098060608 0.9741721153259277
-2.7881479263305664 -0.9039794206619263 0.9287784099578857
-2.6139888763427734 -0.8367288708686829 1.0183696746826172
-3.1604485511779785 -0.700798511505127 0.8176635503768921
-2.981353759765625 -0.8053526282310486 0.8755372166633606
-2.9977402687072754 -0.6379489898681641 0.9163888692855835
-1.657090663909912 -1.8375275135040283 0.8051757216453552
-1.8836681842803955 -1.5481040477752686 0.9424692392349243
-2.053501844406128 -1.61644446849823 0.8463813066482544
-1.775829553604126 -1.6974419355392456 0.8770735859870911
-2.209672451019287 -1.6740299463272095 0.7446619868278503
-1.940833330154419 -1.761177897453308 0.7769556045532227
-2.1471354961395264 -1.0356817245483398 1.102516531944275
-2.513251304626465 -1.1772925853729248 0.9288623929023743
-2.257016897201538 -1.2834386825561523 0.9698666334152222
-2.338862657546997 -1.1098934412002563 1.0184650421142578
-1.9857653379440308 -1.3810453414916992 1.0044180154800415
-2.0718815326690674 -1.2130208015441895 1.0567067861557007
-2.9400439262390137 -1.3419594764709473 0.621408998966217
-2.476966381072998 -1.5707820653915405 0.7063755989074707
-2.586311101913452 -1.4106355905532837 0.7700631618499756
-2.715907096862793 -1.4617893695831299 0.6659361124038696
-2.678447961807251 -1.2411032915115356 0.8286271691322327
-2.817884683609009 -1.2949258089065552 0.7278124690055847
-2.162600040435791 -1.4548799991607666 0.9112170338630676
-2.4299120903015137 -1.3516249656677246 0.8729279637336731
-2.327807903289795 -1.5186951160430908 0.8109750151634216
-0.42597606778144836 -1.3796474933624268 -1.2406647205352783
-0.7497273683547974 -1.5864481925964355 -1.124678373336792
-0.8520914316177368 -1.4281291961669922 -1.1889737844467163
-0.5896540284156799 -1.4872382879257202 -1.1852550506591797
-0.9489147663116455 -1.260523796081543 -1.2455378770828247
-0.690126895904541 -1.3228378295898438 -1.2462183237075806
-1.3657400608062744 -1.9010149240493774 -0.8286802768707275
-1.4869920015335083 -1.7677669525146484 -0.9022513628005981
-1.2208499908447266 -1.8369855880737305 -0.9086122512817383
-1.7013015747070312 -1.4694632291793823 -1.0322864055633545
-1.4463670253753662 -1.547964096069336 -1.0455554723739624
-1.5990761518478394 -1.6236200332641602 -0.9702599048614502
-1.1840182542800903 -1.6185296773910522 -1.053464651107788
-1.3387662172317505 -1.6972827911376953 -0.98024582862854
-0.9156000018119812 -1.6807985305786133 -1.055973768234253
-1.0695242881774902 -1.7630904912948608 -0.9849294424057007
-1.942848801612854 -0.956708550453186 -1.1788482666015625
-1.7085392475128174 -1.0389937162399292 -1.2045238018035889
-1.8737194538116455 -1.1349763870239258 -1.1369030475616455
-1.2152045965194702 -1.1905643939971924 -1.237762689590454
-1.384611964225769 -1.2903040647506714 -1.1751775741577148
-1.4641093015670776 -1.1174426078796387 -1.224348783493042
-1.7930378913879395 -1.3062465190887451 -1.0879485607147217
-1.546921730041504 -1.3834295272827148 -1.1065682172775269
-1.6331437826156616 -1.2156012058258057 -1.1588631868362427
-1.0207183361053467 -1.5273147821426392 -1.124152660369873
-1.2885642051696777 -1.459228754043579 -1.1180076599121094
-1.1212775707244873 -1.3627725839614868 -1.1851682662963867
-2.2074360847473145 -2.067774534225464 -0.15974102914333344
-2.5383169651031494 -1.8744640350341797 -0.2811477780342102
-2.2850067615509033 -1.9816231727600098 -0.3195343315601349
-2.3795812129974365 -1.9754252433776855 -0.22112028300762177
-2.0168378353118896 -2.0758965015411377 -0.35584303736686707
-2.1165401935577393 -2.077030658721924 -0.2587975859642029
-3.041623830795288 -1.381133794784546 -0.5121525526046753
-2.8284270763397217 -1.50375235080719 -0.5576220154762268
-2.9391770362854004 -1.5143537521362305 -0.45781874656677246
-2.3511412143707275 -1.7204773426055908 -0.6379880905151367
-2.4767425060272217 -1.7425923347473145 -0.5423876643180847
-2.597792387008667 -1.6171000003814697 -0.5996535420417786
-2.5896475315093994 -1.7557746171951294 -0.44400689005851746
-2.7156522274017334 -1.6337430477142334 -0.5020374059677124
-2.689277410507202 -1.7599563598632812 -0.34335002303123474
-2.8209447860717773 -1.641548991203308 -0.40107160806655884
-1.5307337045669556 -1.9647471904754639 -0.7285683155059814
-1.662389874458313 -2.007539749145508 -0.6407022476196289
-1.8159621953964233 -1.894838571548462 -0.7026448249816895
-1.9049028158187866 -2.0629377365112305 -0.45570167899131775
-2.064486503601074 -1.9586291313171387 -0.5192294716835022
-1.7879080772399902 -2.040581464767456 -0.5490409731864929
-2.089994430541992 -1.8132476806640625 -0.6723892092704773
-2.213487148284912 -1.8442803621292114 -0.580095648765564
-1.9449620246887207 -1.9314385652542114 -0.6124289035797119
-2.4437036514282227 -1.8735876083374023 -0.382769376039505
-2.334765672683716 -1.8633462190628052 -0.4832115173339844
-2.180436134338379 -1.975280523300171 -0.42047908902168274
-3.308439016342163 -0.2662350535392761 -0.8277885913848877
-2.9991424083709717 -0.46857959032058716 -0.9518689513206482
-3.1705968379974365 -0.5325571298599243 -0.8568775653839111
-3.1606802940368652 -0.36853379011154175 -0.8923430442810059
-3.321434259414673 -0.593071699142456 -0.7563142776489258
-3.323248863220215 -0.43132930994033813 -0.7937026619911194
-2.2098140716552734 -0.8535875082015991 -1.1406089067459106
-2.406003713607788 -0.9293699860572815 -1.0606601238250732
-2.4229660034179688 -0.7630312442779541 -1.10219144821167
-2.7527637481689453 -1.0633134841918945 -0.8816779851913452
-2.7881479263305664 -0.9039794206619263 -0.9287784099578857
-2.58735990524292 -0.9994226098060608 -0.9741721153259277
-2.809239149093628 -0.7400113940238953 -0.9711178541183472
-2.6139888763427734 -0.8367288708686829 -1.0183696746826172
-2.815930128097534 -0.5722500085830688 -1.008479118347168
-2.626478433609009 -0.6684526801109314 -1.0578542947769165
-3.1435954570770264 -1.2142804861068726 -0.5740251541137695
-3.2120635509490967 -1.0678369998931885 -0.6233962178230286
-3.0317416191101074 -1.171074628829956 -0.6809858083724976
-3.3007001876831055 -0.7595027685165405 -0.7143385410308838
-3.1338067054748535 -0.8653824925422668 -0.7741824388504028
-3.264930248260498 -0.9150683283805847 -0.6704655289649963
-2.901196002960205 -1.1206486225128174 -0.7837479114532471
-2.9508485794067383 -0.9668260812759399 -0.830057680606842
-3.090301752090454 -1.0207148790359497 -0.7293607592582703
-2.9977402687072754 -0.6379489898681641 -0.9163888692855835
-2.981353759765625 -0.8053526282310486 -0.8755372166633606
-3.1604485511779785 -0.700798511505127 -0.8176635503768921
-1.657090663909912 -1.8375275135040283 -0.8051757216453552
-2.209672451019287 -1.6740299463272095 -0.7446619868278503
-2.053501844406128 -1.61644446849823 -0.8463813066482544
-1.940833330154419 -1.761177897453308 -0.7769556045532227
-1.8836681842803955 -1.5481040477752686 -0.9424692392349243
-1.775829553604126 -1.6974419355392456 -0.8770735859870911
-2.9400439262390137 -1.3419594764709473 -0.621408998966217
-2.678447961807251 -1.2411032915115356 -0.8286271691322327
-2.586311101913452 -1.4106355905532837 -0.7700631618499756
-2.817884683609009 -1.2949258089065552 -0.7278124690055847
-2.476966381072998 -1.5707820653915405 -0.7063755989074707
-2.715907096862793 -1.4617893695831299 -0.6659361124038696
-2.1471354961395264 -1.0356817245483398 -1.102516531944275
-1.9857653379440308 -1.3810453414916992 -1.0044180154800415
-2.257016897201538 -1.2834386825561523 -0.9698666334152222
-2.0718815326690674 -1.2130208015441895 -1.0567067861557007
-2.513251304626465 -1.1772925853729248 -0.9288623929023743
-2.338862657546997 -1.1098934412002563 -1.0184650421142578
-2.327807903289795 -1.5186951160430908 -0.8109750151634216
-2.4299120903015137 -1.3516249656677246 -0.8729279637336731
-2.162600040435791 -1.4548799991607666 -0.9112170338630676
3.14573073387146 0.0 -0.9265140295028687
2.835876703262329 -0.201432466506958 -1.0509326457977295
2.8451268672943115 0.0 -1.0543605089187622
2.9975483417510986 -0.10160527378320694 -0.9913256168365479
2.835876703262329 0.201432466506958 -1.0509326457977295
2.9975483417510986 0.10160527378320694 -0.9913256168365479
2.044820547103882 -0.5836133360862732 -1.2407208681106567
2.0770339965820312 -0.3910861611366272 -1.2602667808532715
2.2580511569976807 -0.4931861162185669 -1.2022554874420166
2.102924346923828 0.0 -1.2759761810302734
2.297830820083618 -0.101687952876091 -1.2262845039367676
2.0964417457580566 -0.19614773988723755 -1.2720427513122559
2.4809582233428955 -0.20285463333129883 -1.1703065633773804
2.2845609188079834 -0.297695517539978 -1.2182542085647583
2.6513679027557373 -0.302981436252594 -1.10832941532135
2.461822986602783 -0.39903226494789124 -1.1577608585357666
2.044820547103882 0.5836133360862732 -1.2407208681106567
2.2580511569976807 0.4931861162185669 -1.2022554874420166
2.0770339965820312 0.3910861611366272 -1.2602667808532715
2.6513679027557373 0.302981436252594 -1.10832941532135
2.4809582233428955 0.20285463333129883 -1.1703065633773804
2.461822986602783 0.39903226494789124 -1.1577608585357666
2.0964417457580566 0.19614773988723755 -1.2720427513122559
2.297830820083618 0.101687952876091 -1.2262845039367676
2.2845609188079834 0.297695517539978 -1.2182542085647583
2.6700096130371094 -0.10169266909360886 -1.115243673324585
2.489166021347046 0.0 -1.1741783618927002
2.6700096130371094 0.10169266909360886 -1.115243673324585
0.2632676661014557 -1.1134124994277954 -1.3393900394439697
0.2641696631908417 -0.7919439673423767 -1.4192967414855957
0.5266215205192566 -0.8955719470977783 -1.3864569664001465
0.26395344734191895 -0.9543037414550781 -1.382878065109253
0.7856490612030029 -0.9933764338493347 -1.3446015119552612
0.5269947052001953 -1.0559090375900269 -1.345200777053833
0.26696521043777466 -0.10312096774578094 -1.4953761100769043
0.5322844982147217 -0.20560616254806519 -1.4815325736999512
0.26683756709098816 -0.2759624719619751 -1.487471342086792
1.0514622926712036 -0.40614962577819824 -1.4265848398208618
0.79334956407547 -0.47944995760917664 -1.4417822360992432
0.7943220138549805 -0.30682373046875 -1.4585548639297485
0.5311699509620667 -0.5502925515174866 -1.4495890140533447
0.5330255627632141 -0.37887221574783325 -1.4691393375396729
0.26626744866371155 -0.6183142066001892 -1.4499646425247192
0.26641762256622314 -0.4489898085594177 -1.4722247123718262
1.7778552770614624 -0.6867343783378601 -1.2789603471755981
1.5436246395111084 -0.769148588180542 -1.3045880794525146
1.5447494983673096 -0.5966923236846924 -1.3365098237991333
1.0506422519683838 -0.9212957620620728 -1.3376129865646362
1.0563310384750366 -0.7531471252441406 -1.374366283416748
1.2994540929794312 -0.8480220437049866 -1.3242554664611816
1.3021199703216553 -0.5029714107513428 -1.3858191967010498
1.0566048622131348 -0.5811378955841064 -1.4040743112564087
1.3037158250808716 -0.6765676736831665 -1.3587478399276733
0.5302793979644775 -0.7248234748840332 -1.4217326641082764
0.7963765263557434 -0.653876006603241 -1.4166488647460938
0.7935469150543213 -0.8265162110328674 -1.3840229511260986
0.2632676661014557 1.1134124994277954 -1.3393900394439697
0.7856490612030029 0.9933764338493347 -1.3446015119552612
0.5266215205192566 0.8955719470977783 -1.3864569664001465
0.5269947052001953 1.0559090375900269 -1.345200777053833
0.2641696631908417 0.7919439673423767 -1.4192967414855957
0.26395344734191895 0.9543037414550781 -1.382878065109253
1.7778552770614624 0.6867343783378601 -1.2789603471755981
1.5447494983673096 0.5966923236846924 -1.3365098237991333
1.5436246395111084 0.769148588180542 -1.3045880794525146
1.0514622926712036 0.40614962577819824 -1.4265848398208618
1.0566048622131348 0.5811378955841064 -1.4040743112564087
1.3021199703216553 0.5029714107513428 -1.3858191967010498
1.0563310384750366 0.7531471252441406 -1.374366283416748
1.3037158250808716 0.6765676736831665 -1.3587478399276733
1.0506422519683838 0.9212957620620728 -1.3376129865646362
1.2994540929794312 0.8480220437049866 -1.3242554664611816
0.26696521043777466 0.10312096774578094 -1.4953761100769043
0.26683756709098816 0.2759624719619751 -1.487471342086792
0.5322844982147217 0.20560616254806519 -1.4815325736999512
0.26626744866371155 0.6183142066001892 -1.4499646425247192
0.5311699509620667 0.5502925515174866 -1.4495890140533447
0.26641762256622314 0.4489898085594177 -1.4722247123718262
0.7943220138549805 0.30682373046875 -1.4585548639297485
0.79334956407547 0.47944995760917664 -1.4417822360992432
0.5330255627632141 0.37887221574783325 -1.4691393375396729
0.7935469150543213 0.8265162110328674 -1.3840229511260986
0.7963765263557434 0.653876006603241 -1.4166488647460938
0.5302793979644775 0.7248234748840332 -1.4217326641082764
1.8170472383499146 -0.49556803703308105 -1.3028017282485962
1.329367756843567 -0.30700060725212097 -1.402695655822754
1.5984281301498413 -0.20580895245075226 -1.3694736957550049
1.5765448808670044 -0.4025160074234009 -1.3572584390640259
1.8568536043167114 -0.10324795544147491 -1.3271400928497314
1.8435264825820923 -0.29938870668411255 -1.3190168142318726
0.5340937972068787 0.0 -1.4865684509277344
1.062073826789856 0.20375265181064606 -1.4409821033477783
1.065618872642517 0.0 -1.4457918405532837
0.8014712333679199 0.10312727838754654 -1.468277931213379
1.062073826789856 -0.20375265181064606 -1.4409821033477783
0.8014712333679199 -0.10312727838754654 -1.468277931213379
1.8170472383499146 0.49556803703308105 -1.3028017282485962
1.8568536043167114 0.10324795544147491 -1.3271400928497314
1.5984281301498413 0.20580895245075226 -1.3694736957550049
1.8435264825820923 0.29938870668411255 -1.3190168142318726
1.329367756843567 0.30700060725212097 -1.402695655822754
1.5765448808670044 0.4025160074234009 -1.3572584390640259
1.3365602493286133 -0.10325495898723602 -1.4124270677566528
1.3365602493286133 0.10325495898723602 -1.4124270677566528
1.603872299194336 0.0 -1.3741381168365479
3.571706771850586 0.1645422875881195 0.6680475473403931
3.7847914695739746 0.16510605812072754 0.475166380405426
3.697218656539917 0.32913848757743835 0.5373432040214539
3.6876749992370605 0.16497091948986053 0.5725823044776917
3.585603952407837 0.49103063344955444 0.5960258841514587
3.5872020721435547 0.32937169075012207 0.6335453987121582
3.9876694679260254 0.16685324907302856 0.061872582882642746
3.9507534503936768 0.33267781138420105 0.12336370348930359
3.966590404510498 0.1667734831571579 0.1655774712562561
3.8042261600494385 0.6571639180183411 0.24368977546691895
3.844752550125122 0.49584344029426575 0.28766995668411255
3.889479637145996 0.4964512586593628 0.18409423530101776
3.865570545196533 0.33198121190071106 0.330175518989563
3.9177045822143555 0.33314093947410583 0.22732332348823547
3.866572380065918 0.16641715168952942 0.37098854780197144
3.9259324073791504 0.16651099920272827 0.2693938612937927
3.4105606079101562 1.1111595630645752 0.4120405912399292
3.4789011478424072 0.9647653102874756 0.46148908138275146
3.564026355743408 0.9654685258865356 0.35801541805267334
3.5669679641723633 0.6566513776779175 0.5527774095535278
3.6649765968322754 0.6602069139480591 0.4518882930278778
3.5313477516174316 0.8121588230133057 0.508813202381134
3.6955182552337646 0.8138250112533569 0.30178287625312805
3.7441980838775635 0.6603780388832092 0.3486827313899994
3.6233272552490234 0.8148224353790283 0.4059406518936157
3.7912871837615967 0.33142462372779846 0.4348941445350647
3.7777302265167236 0.49773529171943665 0.3923255503177643
3.690727949142456 0.4959668517112732 0.49590978026390076
3.571706771850586 0.1645422875881195 -0.6680475473403931
3.585603952407837 0.49103063344955444 -0.5960258841514587
3.697218656539917 0.32913848757743835 -0.5373432040214539
3.5872020721435547 0.32937169075012207 -0.6335453987121582
3.7847914695739746 0.16510605812072754 -0.475166380405426
3.6876749992370605 0.16497091948986053 -0.5725823044776917
3.4105606079101562 1.1111595630645752 -0.4120405912399292
3.564026355743408 0.9654685258865356 -0.35801541805267334
3.4789011478424072 0.9647653102874756 -0.46148908138275146
3.8042261600494385 0.6571639180183411 -0.24368977546691895
3.7441980838775635 0.6603780388832092 -0.3486827313899994
3.6955182552337646 0.8138250112533569 -0.30178287625312805
3.6649765968322754 0.6602069139480591 -0.4518882930278778
3.6233272552490234 0.8148224353790283 -0.4059406518936157
3.5669679641723633 0.6566513776779175 -0.5527774095535278
3.5313477516174316 0.8121588230133057 -0.508813202381134
3.9876694679260254 0.16685324907302856 -0.061872582882642746
3.966590404510498 0.1667734831571579 -0.1655774712562561
3.9507534503936768 0.33267781138420105 -0.12336370348930359
3.866572380065918 0.16641715168952942 -0.37098854780197144
3.865570545196533 0.33198121190071106 -0.330175518989563
3.9259324073791504 0.16651099920272827 -0.2693938612937927
3.889479637145996 0.4964512586593628 -0.18409423530101776
3.844752550125122 0.49584344029426575 -0.28766995668411255
3.9177045822143555 0.33314093947410583 -0.22732332348823547
3.690727949142456 0.4959668517112732 -0.49590978026390076
3.7777302265167236 0.49773529171943665 -0.3923255503177643
3.7912871837615967 0.33142462372779846 -0.4348941445350647
2.4707038402557373 1.9660817384719849 0.0
2.8024866580963135 1.7724229097366333 0.12085947394371033
2.8116281032562256 1.7782044410705566 0.0
2.6435346603393555 1.8734675645828247 0.060963161289691925
2.8024866580963135 1.7724229097366333 -0.12085947394371033
2.6435346603393555 1.8734675645828247 -0.060963161289691925
3.308588981628418 1.2780128717422485 0.35016798973083496
3.3607115745544434 1.2981462478637695 0.23465168476104736
3.206014633178711 1.411281943321228 0.29591166973114014
3.4026031494140625 1.3143277168273926 0.0
3.270092010498047 1.4361443519592285 0.06101277843117714
3.3921141624450684 1.3102760314941406 0.11768864840269089
3.1208174228668213 1.5505990982055664 0.12171278893947601
3.2486777305603027 1.427850604057312 0.17861731350421906
2.955544948577881 1.6571049690246582 0.1817888617515564
3.087362051010132 1.5386396646499634 0.2394193708896637
3.308588981628418 1.2780128717422485 -0.35016798973083496
3.206014633178711 1.411281943321228 -0.29591166973114014
3.3607115745544434 1.2981462478637695 -0.23465168476104736
2.955544948577881 1.6571049690246582 -0.1817888617515564
3.1208174228668213 1.5505990982055664 -0.12171278893947601
3.087362051010132 1.5386396646499634 -0.2394193708896637
3.3921141624450684 1.3102760314941406 -0.11768864840269089
3.270092010498047 1.4361443519592285 -0.06101277843117714
3.2486777305603027 1.427850604057312 -0.17861731350421906
2.9739830493927 1.668756127357483 0.06101560592651367
3.1311421394348145 1.5557289123535156 0.0
2.9739830493927 1.668756127357483 -0.06101560592651367
3.9641826152801514 0.33380863070487976 0.0
3.842618942260742 0.6637961268424988 -0.12225158512592316
3.85544490814209 0.6660118103027344 0.0
3.915407657623291 0.5009194612503052 -0.061876364052295685
3.842618942260742 0.6637961268424988 0.12225158512592316
3.915407657623291 0.5009194612503052 0.061876364052295685
3.474138021469116 1.1356545686721802 -0.2973408102989197
3.5390398502349854 1.1605334281921387 -0.06194876879453659
3.6519298553466797 0.999017596244812 -0.12348537147045135
3.517378091812134 1.1522040367126465 -0.179633229970932
3.7405216693878174 0.8308548331260681 -0.18420037627220154
3.6193559169769287 0.9853405356407166 -0.24150961637496948
3.474138021469116 1.1356545686721802 0.2973408102989197
3.7405216693878174 0.8308548331260681 0.18420037627220154
3.6519298553466797 0.999017596244812 0.12348537147045135
3.6193559169769287 0.9853405356407166 0.24150961637496948
3.5390398502349854 1.1605334281921387 0.06194876879453659
3.517378091812134 1.1522040367126465 0.179633229970932
3.766472101211548 0.8353501558303833 -0.06195297837257385
3.664368152618408 1.00242018699646 0.0
3.766472101211548 0.8353501558303833 0.06195297837257385
3 0 1 2 224 127 85 0
3 3 4 1 224 127 85 0
3 5 2 4 224 127 85 0
3 1 4 2 224 127 85 0
3 6 7 8 224 127 85 0
3 9 10 7 224 127 85 0
3 3 8 10 224 127 85 0
3 7 10 8 224 127 85 0
3 11 12 13 224 127 85 0
3 5 14 12 224 127 85 0
3 9 13 14 224 127 85 0
3 12 14 13 224 127 85 0
3 3 10 4 224 127 85 0
3 9 14 10 224 127 85 0
3 5 4 14 224 127 85 0
3 10 14 4 224 127 85 0
3 15 16 17 224 127 85 0
3 18 19 16 224 127 85 0
3 20 17 19 224 127 85 0
3 16 19 17 224 127 85 0
3 21 22 23 224 127 85 0
3 24 25 22 224 127 85 0
3 18 23 25 224 127 85 0
3 22 25 23 224 127 85 0
3 6 26 27 224 127 85 0
3 20 28 26 224 127 85 0
3 24 27 28 224 127 85 0
3 26 28 27 224 127 85 0
3 18 25 19 224 127 85 0
3 24 28 25 224 127 85 0
3 20 19 28 224 127 85 0
3 25 28 19 224 127 85 0
3 29 30 31 224 127 85 0
3 32 33 30 224 127 85 0
3 34 31 33 224 127 85 0
3 30 33 31 224 127 85 0
3 11 35 36 224 127 85 0
3 37 38 35 224 127 85 0
3 32 36 38 224 127 85 0
3 35 38 36 224 127 85 0
3 21 39 40 224 127 85 0
3 34 41 39 224 127 85 0
3 37 40 41 224 127 85 0
3 39 41 40 224 127 85 0
3 32 38 33 224 127 85 0
3 37 41 38 224 127 85 0
3 34 33 41 224 127 85 0
3 38 41 33 224 127 85 0
3 6 27 7 224 127 85 0
3 24 42 27 224 127 85 0
3 9 7 42 224 127 85 0
3 27 42 7 224 127 85 0
3 21 40 22 224 127 85 0
3 37 43 40 224 127 85 0
3 24 22 43 224 127 85 0
3 40 43 22 224 127 85 0
3 11 13 35 224 127 85 0
3 9 44 13 224 127 85 0
3 37 35 44 224 127 85 0
3 13 44 35 224 127 85 0
3 24 43 42 224 127 85 0
3 37 44 43 224 127 85 0
3 9 42 44 224 127 85 0
3 43 44 42 224 127 85 0
3 45 46 47 224 127 85 0
3 48 49 46 224 127 85 0
3 50 47 49 224 127 85 0
3 46 49 47 224 127 85 0
3 51 52 53 224 127 85 0
3 54 55 52 224 127 85 0
3 48 53 55 224 127 85 0
3 52 55 53 224 127 85 0
3 56 57 58 224 127 85 0
3 50 59 57 224 127 85 0
3 54 58 59 224 127 85 0
3 57 59 58 224 127 85 0
3 48 55 49 224 127 85 0
3 54 59 55 224 127 85 0
3 50 49 59 224 127 85 0
3 55 59 49 224 127 85 0
3 60 61 62 224 127 85 0
3 63 64 61 224 127 85 0
3 65 62 64 224 127 85 0
3 61 64 62 224 127 85 0
3 66 67 68 224 127 85 0
3 69 70 67 224 127 85 0
3 63 68 70 224 127 85 0
3 67 70 68 224 127 85 0
3 51 71 72 224 127 85 0
3 65 73 71 224 127 85 0
3 69 72 73 224 127 85 0
3 71 73 72 224 127 85 0
3 63 70 64 224 127 85 0
3 69 73 70 224 127 85 0
3 65 64 73 224 127 85 0
3 70 73 64 224 127 85 0
3 15 74 75 224 127 85 0
3 76 77 74 224 127 85 0
3 78 75 77 224 127 85 0
3 74 77 75 224 127 85 0
3 56 79 80 224 127 85 0
3 81 82 79 224 127 85 0
3 76 80 82 224 127 85 0
3 79 82 80 224 127 85 0
3 66 83 84 224 127 85 0
3 78 85 83 224 127 85 0
3 81 84 85 224 127 85 0
3 83 85 84 224 127 85 0
3 76 82 77 224 127 85 0
3 81 85 82 224 127 85 0
3 78 77 85 224 127 85 0
3 82 85 77 224 127 85 0
3 51 72 52 224 127 85 0
3 69 86 72 224 127 85 0
3 54 52 86 224 127 85 0
3 72 86 52 224 127 85 0
3 66 84 67 224 127 85 0
3 81 87 84 224 127 85 0
3 69 67 87 224 127 85 0
3 84 87 67 224 127 85 0
3 56 58 79 224 127 85 0
3 54 88 58 224 127 85 0
3 81 79 88 224 127 85 0
3 58 88 79 224 127 85 0
3 69 87 86 224 127 85 0
3 81 88 87 224 127 85 0
3 54 86 88 224 127 85 0
3 87 88 86 224 127 85 0
3 89 90 91 224 127 85 0
3 92 93 90 224 127 85 0
3 94 91 93 224 127 85 0
3 90 93 91 224 127 85 0
3 95 96 97 224 127 85 0
3 98 99 96 224 127 85 0
3 92 97 99 224 127 85 0
3 96 99 97 224 127 85 0
3 100 101 102 224 127 85 0
3 94 103 101 224 127 85 0
3 98 102 103 224 127 85 0
3 101 103 102 224 127 85 0
3 92 99 93 224 127 85 0
3 98 103 99 224 127 85 0
3 94 93 103 224 127 85 0
3 99 103 93 224 127 85 0
3 29 104 105 224 127 85 0
3 106 107 104 224 127 85 0
3 108 105 107 224 127 85 0
3 104 107 105 224 127 85 0
3 109 110 111 224 127 85 0
3 112 113 110 224 127 85 0
3 106 111 113 224 127 85 0
3 110 113 111 224 127 85 0
3 95 114 115 224 127 85 0
3 108 116 114 224 127 85 0
3 112 115 116 224 127 85 0
3 114 116 115 224 127 85 0
3 106 113 107 224 127 85 0
3 112 116 113 224 127 85 0
3 108 107 116 224 127 85 0
3 113 116 107 224 127 85 0
3 60 117 118 224 127 85 0
3 119 120 117 224 127 85 0
3 121 118 120 224 127 85 0
3 117 120 118 224 127 85 0
3 100 122 123 224 127 85 0
3 124 125 122 224 127 85 0
3 119 123 125 224 127 85 0
3 122 125 123 224 127 85 0
3 109 126 127 224 127 85 0
3 121 128 126 224 127 85 0
3 124 127 128 224 127 85 0
3 126 128 127 224 127 85 0
3 119 125 120 224 127 85 0
3 124 128 125 224 127 85 0
3 121 120 128 224 127 85 0
3 125 128 120 224 127 85 0
3 95 115 96 224 127 85 0
3 112 129 115 224 127 85 0
3 98 96 129 224 127 85 0
3 115 129 96 224 127 85 0
3 109 127 110 224 127 85 0
3 124 130 127 224 127 85 0
3 112 110 130 224 127 85 0
3 127 130 110 224 127 85 0
3 100 102 122 224 127 85 0
3 98 131 102 224 127 85 0
3 124 122 131 224 127 85 0
3 102 131 122 224 127 85 0
3 112 130 129 224 127 85 0
3 124 131 130 224 127 85 0
3 98 129 131 224 127 85 0
3 130 131 129 224 127 85 0
3 15 75 16 224 127 85 0
3 78 132 75 224 127 85 0
3 18 16 132 224 127 85 0
3 75 132 16 224 127 85 0
3 66 133 83 224 127 85 0
3 134 135 133 224 127 85 0
3 78 83 135 224 127 85 0
3 133 135 83 224 127 85 0
3 21 23 136 224 127 85 0
3 18 137 23 224 127 85 0
3 134 136 137 224 127 85 0
3 23 137 136 224 127 85 0
3 78 135 132 224 127 85 0
3 134 137 135 224 127 85 0
3 18 132 137 224 127 85 0
3 135 137 132 224 127 85 0
3 60 118 61 224 127 85 0
3 121 138 118 224 127 85 0
3 63 61 138 224 127 85 0
3 118 138 61 224 127 85 0
3 109 139 126 224 127 85 0
3 140 141 139 224 127 85 0
3 121 126 141 224 127 85 0
3 139 141 126 224 127 85 0
3 66 68 142 224 127 85 0
3 63 143 68 224 127 85 0
3 140 142 143 224 127 85 0
3 68 143 142 224 127 85 0
3 121 141 138 224 127 85 0
3 140 143 141 224 127 85 0
3 63 138 143 224 127 85 0
3 141 143 138 224 127 85 0
3 29 31 104 224 127 85 0
3 34 144 31 224 127 85 0
3 106 104 144 224 127 85 0
3 31 144 104 224 127 85 0
3 21 145 39 224 127 85 0
3 146 147 145 224 127 85 0
3 34 39 147 224 127 85 0
3 145 147 39 224 127 85 0
3 109 111 148 224 127 85 0
3 106 149 111 224 127 85 0
3 146 148 149 224 127 85 0
3 111 149 148 224 127 85 0
3 34 147 144 224 127 85 0
3 146 149 147 224 127 85 0
3 106 144 149 224 127 85 0
3 147 149 144 224 127 85 0
3 66 142 133 224 127 85 0
3 140 150 142 224 127 85 0
3 134 133 150 224 127 85 0
3 142 150 133 224 127 85 0
3 109 148 139 224 127 85 0
3 146 151 148 224 127 85 0
3 140 139 151 224 127 85 0
3 148 151 139 224 127 85 0
3 21 136 145 224 127 85 0
3 134 152 136 224 127 85 0
3 146 145 152 224 127 85 0
3 136 152 145 224 127 85 0
3 140 151 150 224 127 85 0
3 146 152 151 224 127 85 0
3 134 150 152 224 127 85 0
3 151 152 150 224 127 85 0
3 0 2 153 224 127 85 0
3 5 154 2 224 127 85 0
3 155 153 154 224 127 85 0
3 2 154 153 224 127 85 0
3 11 156 12 224 127 85 0
3 157 158 156 224 127 85 0
3 5 12 158 224 127 85 0
3 156 158 12 224 127 85 0
3 159 160 161 224 127 85 0
3 155 162 160 224 127 85 0
3 157 161 162 224 127 85 0
3 160 162 161 224 127 85 0
3 5 158 154 224 127 85 0
3 157 162 158 224 127 85 0
3 155 154 162 224 127 85 0
3 158 162 154 224 127 85 0
3 29 163 30 224 127 85 0
3 164 165 163 224 127 85 0
3 32 30 165 224 127 85 0
3 163 165 30 224 127 85 0
3 166 167 168 224 127 85 0
3 169 170 167 224 127 85 0
3 164 168 170 224 127 85 0
3 167 170 168 224 127 85 0
3 11 36 171 224 127 85 0
3 32 172 36 224 127 85 0
3 169 171 172 224 127 85 0
3 36 172 171 224 127 85 0
3 164 170 165 224 127 85 0
3 169 172 170 224 127 85 0
3 32 165 172 224 127 85 0
3 170 172 165 224 127 85 0
3 173 174 175 224 127 85 0
3 176 177 174 224 127 85 0
3 178 175 177 224 127 85 0
3 174 177 175 224 127 85 0
3 159 179 180 224 127 85 0
3 181 182 179 224 127 85 0
3 176 180 182 224 127 85 0
3 179 182 180 224 127 85 0
3 166 183 184 224 127 85 0
3 178 185 183 224 127 85 0
3 181 184 185 224 127 85 0
3 183 185 184 224 127 85 0
3 176 182 177 224 127 85 0
3 181 185 182 224 127 85 0
3 178 177 185 224 127 85 0
3 182 185 177 224 127 85 0
3 11 171 156 224 127 85 0
3 169 186 171 224 127 85 0
3 157 156 186 224 127 85 0
3 171 186 156 224 127 85 0
3 166 184 167 224 127 85 0
3 181 187 184 224 127 85 0
3 169 167 187 224 127 85 0
3 184 187 167 224 127 85 0
3 159 161 179 224 127 85 0
3 157 188 161 224 127 85 0
3 181 179 188 224 127 85 0
3 161 188 179 224 127 85 0
3 169 187 186 224 127 85 0
3 181 188 187 224 127 85 0
3 157 186 188 224 127 85 0
3 187 188 186 224 127 85 0
3 89 189 90 224 127 85 0
3 190 191 189 224 127 85 0
3 92 90 191 224 127 85 0
3 189 191 90 224 127 85 0
3 192 193 194 224 127 85 0
3 195 196 193 224 127 85 0
3 190 194 196 224 127 85 0
3 193 196 194 224 127 85 0
3 95 97 197 224 127 85 0
3 92 198 97 224 127 85 0
3 195 197 198 224 127 85 0
3 97 198 197 224 127 85 0
3 190 196 191 224 127 85 0
3 195 198 196 224 127 85 0
3 92 191 198 224 127 85 0
3 196 198 191 224 127 85 0
3 199 200 201 224 127 85 0
3 202 203 200 224 127 85 0
3 204 201 203 224 127 85 0
3 200 203 201 224 127 85 0
3 205 206 207 224 127 85 0
3 208 209 206 224 127 85 0
3 202 207 209 224 127 85 0
3 206 209 207 224 127 85 0
3 192 210 211 224 127 85 0
3 204 212 210 224 127 85 0
3 208 211 212 224 127 85 0
3 210 212 211 224 127 85 0
3 202 209 203 224 127 85 0
3 208 212 209 224 127 85 0
3 204 203 212 224 127 85 0
3 209 212 203 224 127 85 0
3 29 105 213 224 127 85 0
3 108 214 105 224 127 85 0
3 215 213 214 224 127 85 0
3 105 214 213 224 127 85 0
3 95 216 114 224 127 85 0
3 217 218 216 224 127 85 0
3 108 114 218 224 127 85 0
3 216 218 114 224 127 85 0
3 205 219 220 224 127 85 0
3 215 221 219 224 127 85 0
3 217 220 221 224 127 85 0
3 219 221 220 224 127 85 0
3 108 218 214 224 127 85 0
3 217 221 218 224 127 85 0
3 215 214 221 224 127 85 0
3 218 221 214 224 127 85 0
3 192 211 193 224 127 85 0
3 208 222 211 224 127 85 0
3 195 193 222 224 127 85 0
3 211 222 193 224 127 85 0
3 205 220 206 224 127 85 0
3 217 223 220 224 127 85 0
3 208 206 223 224 127 85 0
3 220 223 206 224 127 85 0
3 95 197 216 224 127 85 0
3 195 224 197 224 127 85 0
3 217 216 224 224 127 85 0
3 197 224 216 224 127 85 0
3 208 223 222 224 127 85 0
3 217 224 223 224 127 85 0
3 195 222 224 224 127 85 0
3 223 224 222 224 127 85 0
3 225 226 227 224 127 85 0
3 228 229 226 224 127 85 0
3 230 227 229 224 127 85 0
3 226 229 227 224 127 85 0
3 231 232 233 224 127 85 0
3 234 235 232 224 127 85 0
3 228 233 235 224 127 85 0
3 232 235 233 224 127 85 0
3 236 237 238 224 127 85 0
3 230 239 237 224 127 85 0
3 234 238 239 224 127 85 0
3 237 239 238 224 127 85 0
3 228 235 229 224 127 85 0
3 234 239 235 224 127 85 0
3 230 229 239 224 127 85 0
3 235 239 229 224 127 85 0
3 173 240 241 224 127 85 0
3 242 243 240 224 127 85 0
3 244 241 243 224 127 85 0
3 240 243 241 224 127 85 0
3 245 246 247 224 127 85 0
3 248 249 246 224 127 85 0
3 242 247 249 224 127 85 0
3 246 249 247 224 127 85 0
3 231 250 251 224 127 85 0
3 244 252 250 224 127 85 0
3 248 251 252 224 127 85 0
3 250 252 251 224 127 85 0
3 242 249 243 224 127 85 0
3 248 252 249 224 127 85 0
3 244 243 252 224 127 85 0
3 249 252 243 224 127 85 0
3 199 253 254 224 127 85 0
3 255 256 253 224 127 85 0
3 257 254 256 224 127 85 0
3 253 256 254 224 127 85 0
3 236 258 259 224 127 85 0
3 260 261 258 224 127 85 0
3 255 259 261 224 127 85 0
3 258 261 259 224 127 85 0
3 245 262 263 224 127 85 0
3 257 264 262 224 127 85 0
3 260 263 264 224 127 85 0
3 262 264 263 224 127 85 0
3 255 261 256 224 127 85 0
3 260 264 261 224 127 85 0
3 257 256 264 224 127 85 0
3 261 264 256 224 127 85 0
3 231 251 232 224 127 85 0
3 248 265 251 224 127 85 0
3 234 232 265 224 127 85 0
3 251 265 232 224 127 85 0
3 245 263 246 224 127 85 0
3 260 266 263 224 127 85 0
3 248 246 266 224 127 85 0
3 263 266 246 224 127 85 0
3 236 238 258 224 127 85 0
3 234 267 238 224 127 85 0
3 260 258 267 224 127 85 0
3 238 267 258 224 127 85 0
3 248 266 265 224 127 85 0
3 260 267 266 224 127 85 0
3 234 265 267 224 127 85 0
3 266 267 265 224 127 85 0
3 29 213 163 224 127 85 0
3 215 268 213 224 127 85 0
3 164 163 268 224 127 85 0
3 213 268 163 224 127 85 0
3 205 269 219 224 127 85 0
3 270 271 269 224 127 85 0
3 215 219 271 224 127 85 0
3 269 271 219 224 127 85 0
3 166 168 272 224 127 85 0
3 164 273 168 224 127 85 0
3 270 272 273 224 127 85 0
3 168 273 272 224 127 85 0
3 215 271 268 224 127 85 0
3 270 273 271 224 127 85 0
3 164 268 273 224 127 85 0
3 271 273 268 224 127 85 0
3 199 254 200 224 127 85 0
3 257 274 254 224 127 85 0
3 202 200 274 224 127 85 0
3 254 274 200 224 127 85 0
3 245 275 262 224 127 85 0
3 276 277 275 224 127 85 0
3 257 262 277 224 127 85 0
3 275 277 262 224 127 85 0
3 205 207 278 224 127 85 0
3 202 279 207 224 127 85 0
3 276 278 279 224 127 85 0
3 207 279 278 224 127 85 0
3 257 277 274 224 127 85 0
3 276 279 277 224 127 85 0
3 202 274 279 224 127 85 0
3 277 279 274 224 127 85 0
3 173 175 240 224 127 85 0
3 178 280 175 224 127 85 0
3 242 240 280 224 127 85 0
3 175 280 240 224 127 85 0
3 166 281 183 224 127 85 0
3 282 283 281 224 127 85 0
3 178 183 283 224 127 85 0
3 281 283 183 224 127 85 0
3 245 247 284 224 127 85 0
3 242 285 247 224 127 85 0
3 282 284 285 224 127 85 0
3 247 285 284 224 127 85 0
3 178 283 280 224 127 85 0
3 282 285 283 224 127 85 0
3 242 280 285 224 127 85 0
3 283 285 280 224 127 85 0
3 205 278 269 224 127 85 0
3 276 286 278 224 127 85 0
3 270 269 286 224 127 85 0
3 278 286 269 224 127 85 0
3 245 284 275 224 127 85 0
3 282 287 284 224 127 85 0
3 276 275 287 224 127 85 0
3 284 287 275 224 127 85 0
3 166 272 281 224 127 85 0
3 270 288 272 224 127 85 0
3 282 281 288 224 127 85 0
3 272 288 281 224 127 85 0
3 276 287 286 224 127 85 0
3 282 288 287 224 127 85 0
3 270 286 288 224 127 85 0
3 287 288 286 224 127 85 0
3 0 153 289 224 127 85 0
3 155 290 153 224 127 85 0
3 291 289 290 224 127 85 0
3 153 290 289 224 127 85 0
3 159 292 160 224 127 85 0
3 293 294 292 224 127 85 0
3 155 160 294 224 127 85 0
3 292 294 160 224 127 85 0
3 295 296 297 224 127 85 0
3 291 298 296 224 127 85 0
3 293 297 298 224 127 85 0
3 296 298 297 224 127 85 0
3 155 294 290 224 127 85 0
3 293 298 294 224 127 85 0
3 291 290 298 224 127 85 0
3 294 298 290 224 127 85 0
3 173 299 174 224 127 85 0
3 300 301 299 224 127 85 0
3 176 174 301 224 127 85 0
3 299 301 174 224 127 85 0
3 302 303 304 224 127 85 0
3 305 306 303 224 127 85 0
3 300 304 306 224 127 85 0
3 303 306 304 224 127 85 0
3 159 180 307 224 127 85 0
3 176 308 180 224 127 85 0
3 305 307 308 224 127 85 0
3 180 308 307 224 127 85 0
3 300 306 301 224 127 85 0
3 305 308 306 224 127 85 0
3 176 301 308 224 127 85 0
3 306 308 301 224 127 85 0
3 309 310 311 224 127 85 0
3 312 313 310 224 127 85 0
3 314 311 313 224 127 85 0
3 310 313 311 224 127 85 0
3 295 315 316 224 127 85 0
3 317 318 315 224 127 85 0
3 312 316 318 224 127 85 0
3 315 318 316 224 127 85 0
3 302 319 320 224 127 85 0
3 314 321 319 224 127 85 0
3 317 320 321 224 127 85 0
3 319 321 320 224 127 85 0
3 312 318 313 224 127 85 0
3 317 321 318 224 127 85 0
3 314 313 321 224 127 85 0
3 318 321 313 224 127 85 0
3 159 307 292 224 127 85 0
3 305 322 307 224 127 85 0
3 293 292 322 224 127 85 0
3 307 322 292 224 127 85 0
3 302 320 303 224 127 85 0
3 317 323 320 224 127 85 0
3 305 303 323 224 127 85 0
3 320 323 303 224 127 85 0
3 295 297 315 224 127 85 0
3 293 324 297 224 127 85 0
3 317 315 324 224 127 85 0
3 297 324 315 224 127 85 0
3 305 323 322 224 127 85 0
3 317 324 323 224 127 85 0
3 293 322 324 224 127 85 0
3 323 324 322 224 127 85 0
3 225 325 226 224 127 85 0
3 326 327 325 224 127 85 0
3 228 226 327 224 127 85 0
3 325 327 226 224 127 85 0
3 328 329 330 224 127 85 0
3 331 332 329 224 127 85 0
3 326 330 332 224 127 85 0
3 329 332 330 224 127 85 0
3 231 233 333 224 127 85 0
3 228 334 233 224 127 85 0
3 331 333 334 224 127 85 0
3 233 334 333 224 127 85 0
3 326 332 327 224 127 85 0
3 331 334 332 224 127 85 0
3 228 327 334 224 127 85 0
3 332 334 327 224 127 85 0
3 335 336 337 224 127 85 0
3 338 339 336 224 127 85 0
3 340 337 339 224 127 85 0
3 336 339 337 224 127 85 0
3 341 342 343 224 127 85 0
3 344 345 342 224 127 85 0
3 338 343 345 224 127 85 0
3 342 345 343 224 127 85 0
3 328 346 347 224 127 85 0
3 340 348 346 224 127 85 0
3 344 347 348 224 127 85 0
3 346 348 347 224 127 85 0
3 338 345 339 224 127 85 0
3 344 348 345 224 127 85 0
3 340 339 348 224 127 85 0
3 345 348 339 224 127 85 0
3 173 241 349 224 127 85 0
3 244 350 241 224 127 85 0
3 351 349 350 224 127 85 0
3 241 350 349 224 127 85 0
3 231 352 250 224 127 85 0
3 353 354 352 224 127 85 0
3 244 250 354 224 127 85 0
3 352 354 250 224 127 85 0
3 341 355 356 224 127 85 0
3 351 357 355 224 127 85 0
3 353 356 357 224 127 85 0
3 355 357 356 224 127 85 0
3 244 354 350 224 127 85 0
3 353 357 354 224 127 85 0
3 351 350 357 224 127 85 0
3 354 357 350 224 127 85 0
3 328 347 329 224 127 85 0
3 344 358 347 224 127 85 0
3 331 329 358 224 127 85 0
3 347 358 329 224 127 85 0
3 341 356 342 224 127 85 0
3 353 359 356 224 127 85 0
3 344 342 359 224 127 85 0
3 356 359 342 224 127 85 0
3 231 333 352 224 127 85 0
3 331 360 333 224 127 85 0
3 353 352 360 224 127 85 0
3 333 360 352 224 127 85 0
3 344 359 358 224 127 85 0
3 353 360 359 224 127 85 0
3 331 358 360 224 127 85 0
3 359 360 358 224 127 85 0
3 361 362 363 224 127 85 0
3 364 365 362 224 127 85 0
3 366 363 365 224 127 85 0
3 362 365 363 224 127 85 0
3 367 368 369 224 127 85 0
3 370 371 368 224 127 85 0
3 364 369 371 224 127 85 0
3 368 371 369 224 127 85 0
3 372 373 374 224 127 85 0
3 366 375 373 224 127 85 0
3 370 374 375 224 127 85 0
3 373 375 374 224 127 85 0
3 364 371 365 224 127 85 0
3 370 375 371 224 127 85 0
3 366 365 375 224 127 85 0
3 371 375 365 224 127 85 0
3 309 376 377 224 127 85 0
3 378 379 376 224 127 85 0
3 380 377 379 224 127 85 0
3 376 379 377 224 127 85 0
3 381 382 383 224 127 85 0
3 384 385 382 224 127 85 0
3 378 383 385 224 127 85 0
3 382 385 383 224 127 85 0
3 367 386 387 224 127 85 0
3 380 388 386 224 127 85 0
3 384 387 388 224 127 85 0
3 386 388 387 224 127 85 0
3 378 385 379 224 127 85 0
3 384 388 385 224 127 85 0
3 380 379 388 224 127 85 0
3 385 388 379 224 127 85 0
3 335 389 390 224 127 85 0
3 391 392 389 224 127 85 0
3 393 390 392 224 127 85 0
3 389 392 390 224 127 85 0
3 372 394 395 224 127 85 0
3 396 397 394 224 127 85 0
3 391 395 397 224 127 85 0
3 394 397 395 224 127 85 0
3 381 398 399 224 127 85 0
3 393 400 398 224 127 85 0
3 396 399 400 224 127 85 0
3 398 400 399 224 127 85 0
3 391 397 392 224 127 85 0
3 396 400 397 224 127 85 0
3 393 392 400 224 127 85 0
3 397 400 392 224 127 85 0
3 367 387 368 224 127 85 0
3 384 401 387 224 127 85 0
3 370 368 401 224 127 85 0
3 387 401 368 224 127 85 0
3 381 399 382 224 127 85 0
3 396 402 399 224 127 85 0
3 384 382 402 224 127 85 0
3 399 402 382 224 127 85 0
3 372 374 394 224 127 85 0
3 370 403 374 224 127 85 0
3 396 394 403 224 127 85 0
3 374 403 394 224 127 85 0
3 384 402 401 224 127 85 0
3 396 403 402 224 127 85 0
3 370 401 403 224 127 85 0
3 402 403 401 224 127 85 0
3 173 349 299 224 127 85 0
3 351 404 349 224 127 85 0
3 300 299 404 224 127 85 0
3 349 404 299 224 127 85 0
3 341 405 355 224 127 85 0
3 406 407 405 224 127 85 0
3 351 355 407 224 127 85 0
3 405 407 355 224 127 85 0
3 302 304 408 224 127 85 0
3 300 409 304 224 127 85 0
3 406 408 409 224 127 85 0
3 304 409 408 224 127 85 0
3 351 407 404 224 127 85 0
3 406 409 407 224 127 85 0
3 300 404 409 224 127 85 0
3 407 409 404 224 127 85 0
3 335 390 336 224 127 85 0
3 393 410 390 224 127 85 0
3 338 336 410 224 127 85 0
3 390 410 336 224 127 85 0
3 381 411 398 224 127 85 0
3 412 413 411 224 127 85 0
3 393 398 413 224 127 85 0
3 411 413 398 224 127 85 0
3 341 343 414 224 127 85 0
3 338 415 343 224 127 85 0
3 412 414 415 224 127 85 0
3 343 415 414 224 127 85 0
3 393 413 410 224 127 85 0
3 412 415 413 224 127 85 0
3 338 410 415 224 127 85 0
3 413 415 410 224 127 85 0
3 309 311 376 224 127 85 0
3 314 416 311 224 127 85 0
3 378 376 416 224 127 85 0
3 311 416 376 224 127 85 0
3 302 417 319 224 127 85 0
3 418 419 417 224 127 85 0
3 314 319 419 224 127 85 0
3 417 419 319 224 127 85 0
3 381 383 420 224 127 85 0
3 378 421 383 224 127 85 0
3 418 420 421 224 127 85 0
3 383 421 420 224 127 85 0
3 314 419 416 224 127 85 0
3 418 421 419 224 127 85 0
3 378 416 421 224 127 85 0
3 419 421 416 224 127 85 0
3 341 414 405 224 127 85 0
3 412 422 414 224 127 85 0
3 406 405 422 224 127 85 0
3 414 422 405 224 127 85 0
3 381 420 411 224 127 85 0
3 418 423 420 224 127 85 0
3 412 411 423 224 127 85 0
3 420 423 411 224 127 85 0
3 302 408 417 224 127 85 0
3 406 424 408 224 127 85 0
3 418 417 424 224 127 85 0
3 408 424 417 224 127 85 0
3 412 423 422 224 127 85 0
3 418 424 423 224 127 85 0
3 406 422 424 224 127 85 0
3 423 424 422 224 127 85 0
3 0 289 425 224 127 85 0
3 291 426 289 224 127 85 0
3 427 425 426 224 127 85 0
3 289 426 425 224 127 85 0
3 295 428 296 224 127 85 0
3 429 430 428 224 127 85 0
3 291 296 430 224 127 85 0
3 428 430 296 224 127 85 0
3 431 432 433 224 127 85 0
3 427 434 432 224 127 85 0
3 429 433 434 224 127 85 0
3 432 434 433 224 127 85 0
3 291 430 426 224 127 85 0
3 429 434 430 224 127 85 0
3 427 426 434 224 127 85 0
3 430 434 426 224 127 85 0
3 309 435 310 224 127 85 0
3 436 437 435 224 127 85 0
3 312 310 437 224 127 85 0
3 435 437 310 224 127 85 0
3 438 439 440 224 127 85 0
3 441 442 439 224 127 85 0
3 436 440 442 224 127 85 0
3 439 442 440 224 127 85 0
3 295 316 443 224 127 85 0
3 312 444 316 224 127 85 0
3 441 443 444 224 127 85 0
3 316 444 443 224 127 85 0
3 436 442 437 224 127 85 0
3 441 444 442 224 127 85 0
3 312 437 444 224 127 85 0
3 442 444 437 224 127 85 0
3 445 446 447 224 127 85 0
3 448 449 446 224 127 85 0
3 450 447 449 224 127 85 0
3 446 449 447 224 127 85 0
3 431 451 452 224 127 85 0
3 453 454 451 224 127 85 0
3 448 452 454 224 127 85 0
3 451 454 452 224 127 85 0
3 438 455 456 224 127 85 0
3 450 457 455 224 127 85 0
3 453 456 457 224 127 85 0
3 455 457 456 224 127 85 0
3 448 454 449 224 127 85 0
3 453 457 454 224 127 85 0
3 450 449 457 224 127 85 0
3 454 457 449 224 127 85 0
3 295 443 428 224 127 85 0
3 441 458 443 224 127 85 0
3 429 428 458 224 127 85 0
3 443 458 428 224 127 85 0
3 438 456 439 224 127 85 0
3 453 459 456 224 127 85 0
3 441 439 459 224 127 85 0
3 456 459 439 224 127 85 0
3 431 433 451 224 127 85 0
3 429 460 433 224 127 85 0
3 453 451 460 224 127 85 0
3 433 460 451 224 127 85 0
3 441 459 458 224 127 85 0
3 453 460 459 224 127 85 0
3 429 458 460 224 127 85 0
3 459 460 458 224 127 85 0
3 361 461 362 224 127 85 0
3 462 463 461 224 127 85 0
3 364 362 463 224 127 85 0
3 461 463 362 224 127 85 0
3 464 465 466 224 127 85 0
3 467 468 465 224 127 85 0
3 462 466 468 224 127 85 0
3 465 468 466 224 127 85 0
3 367 369 469 224 127 85 0
3 364 470 369 224 127 85 0
3 467 469 470 224 127 85 0
3 369 470 469 224 127 85 0
3 462 468 463 224 127 85 0
3 467 470 468 224 127 85 0
3 364 463 470 224 127 85 0
3 468 470 463 224 127 85 0
3 471 472 473 224 127 85 0
3 474 475 472 224 127 85 0
3 476 473 475 224 127 85 0
3 472 475 473 224 127 85 0
3 477 478 479 224 127 85 0
3 480 481 478 224 127 85 0
3 474 479 481 224 127 85 0
3 478 481 479 224 127 85 0
3 464 482 483 224 127 85 0
3 476 484 482 224 127 85 0
3 480 483 484 224 127 85 0
3 482 484 483 224 127 85 0
3 474 481 475 224 127 85 0
3 480 484 481 224 127 85 0
3 476 475 484 224 127 85 0
3 481 484 475 224 127 85 0
3 309 377 485 224 127 85 0
3 380 486 377 224 127 85 0
3 487 485 486 224 127 85 0
3 377 486 485 224 127 85 0
3 367 488 386 224 127 85 0
3 489 490 488 224 127 85 0
3 380 386 490 224 127 85 0
3 488 490 386 224 127 85 0
3 477 491 492 224 127 85 0
3 487 493 491 224 127 85 0
3 489 492 493 224 127 85 0
3 491 493 492 224 127 85 0
3 380 490 486 224 127 85 0
3 489 493 490 224 127 85 0
3 487 486 493 224 127 85 0
3 490 493 486 224 127 85 0
3 464 483 465 224 127 85 0
3 480 494 483 224 127 85 0
3 467 465 494 224 127 85 0
3 483 494 465 224 127 85 0
3 477 492 478 224 127 85 0
3 489 495 492 224 127 85 0
3 480 478 495 224 127 85 0
3 492 495 478 224 127 85 0
3 367 469 488 224 127 85 0
3 467 496 469 224 127 85 0
3 489 488 496 224 127 85 0
3 469 496 488 224 127 85 0
3 480 495 494 224 127 85 0
3 489 496 495 224 127 85 0
3 467 494 496 224 127 85 0
3 495 496 494 224 127 85 0
3 497 498 499 224 127 85 0
3 500 501 498 224 127 85 0
3 502 499 501 224 127 85 0
3 498 501 499 224 127 85 0
3 503 504 505 224 127 85 0
3 506 507 504 224 127 85 0
3 500 505 507 224 127 85 0
3 504 507 505 224 127 85 0
3 508 509 510 224 127 85 0
3 502 511 509 224 127 85 0
3 506 510 511 224 127 85 0
3 509 511 510 224 127 85 0
3 500 507 501 224 127 85 0
3 506 511 507 224 127 85 0
3 502 501 511 224 127 85 0
3 507 511 501 224 127 85 0
3 445 512 513 224 127 85 0
3 514 515 512 224 127 85 0
3 516 513 515 224 127 85 0
3 512 515 513 224 127 85 0
3 517 518 519 224 127 85 0
3 520 521 518 224 127 85 0
3 514 519 521 224 127 85 0
3 518 521 519 224 127 85 0
3 503 522 523 224 127 85 0
3 516 524 522 224 127 85 0
3 520 523 524 224 127 85 0
3 522 524 523 224 127 85 0
3 514 521 515 224 127 85 0
3 520 524 521 224 127 85 0
3 516 515 524 224 127 85 0
3 521 524 515 224 127 85 0
3 471 525 526 224 127 85 0
3 527 528 525 224 127 85 0
3 529 526 528 224 127 85 0
3 525 528 526 224 127 85 0
3 508 530 531 224 127 85 0
3 532 533 530 224 127 85 0
3 527 531 533 224 127 85 0
3 530 533 531 224 127 85 0
3 517 534 535 224 127 85 0
3 529 536 534 224 127 85 0
3 532 535 536 224 127 85 0
3 534 536 535 224 127 85 0
3 527 533 528 224 127 85 0
3 532 536 533 224 127 85 0
3 529 528 536 224 127 85 0
3 533 536 528 224 127 85 0
3 503 523 504 224 127 85 0
3 520 537 523 224 127 85 0
3 506 504 537 224 127 85 0
3 523 537 504 224 127 85 0
3 517 535 518 224 127 85 0
3 532 538 535 224 127 85 0
3 520 518 538 224 127 85 0
3 535 538 518 224 127 85 0
3 508 510 530 224 127 85 0
3 506 539 510 224 127 85 0
3 532 530 539 224 127 85 0
3 510 539 530 224 127 85 0
3 520 538 537 224 127 85 0
3 532 539 538 224 127 85 0
3 506 537 539 224 127 85 0
3 538 539 537 224 127 85 0
3 309 485 435 224 127 85 0
3 487 540 485 224 127 85 0
3 436 435 540 224 127 85 0
3 485 540 435 224 127 85 0
3 477 541 491 224 127 85 0
3 542 543 541 224 127 85 0
3 487 491 543 224 127 85 0
3 541 543 491 224 127 85 0
3 438 440 544 224 127 85 0
3 436 545 440 224 127 85 0
3 542 544 545 224 127 85 0
3 440 545 544 224 127 85 0
3 487 543 540 224 127 85 0
3 542 545 543 224 127 85 0
3 436 540 545 224 127 85 0
3 543 545 540 224 127 85 0
3 471 526 472 224 127 85 0
3 529 546 526 224 127 85 0
3 474 472 546 224 127 85 0
3 526 546 472 224 127 85 0
3 517 547 534 224 127 85 0
3 548 549 547 224 127 85 0
3 529 534 549 224 127 85 0
3 547 549 534 224 127 85 0
3 477 479 550 224 127 85 0
3 474 551 479 224 127 85 0
3 548 550 551 224 127 85 0
3 479 551 550 224 127 85 0
3 529 549 546 224 127 85 0
3 548 551 549 224 127 85 0
3 474 546 551 224 127 85 0
3 549 551 546 224 127 85 0
3 445 447 512 224 127 85 0
3 450 552 447 224 127 85 0
3 514 512 552 224 127 85 0
3 447 552 512 224 127 85 0
3 438 553 455 224 127 85 0
3 554 555 553 224 127 85 0
3 450 455 555 224 127 85 0
3 553 555 455 224 127 85 0
3 517 519 556 224 127 85 0
3 514 557 519 224 127 85 0
3 554 556 557 224 127 85 0
3 519 557 556 224 127 85 0
3 450 555 552 224 127 85 0
3 554 557 555 224 127 85 0
3 514 552 557 224 127 85 0
3 555 557 552 224 127 85 0
3 477 550 541 224 127 85 0
3 548 558 550 224 127 85 0
3 542 541 558 224 127 85 0
3 550 558 541 224 127 85 0
3 517 556 547 224 127 85 0
3 554 559 556 224 127 85 0
3 548 547 559 224 127 85 0
3 556 559 547 224 127 85 0
3 438 544 553 224 127 85 0
3 542 560 544 224 127 85 0
3 554 553 560 224 127 85 0
3 544 560 553 224 127 85 0
3 548 559 558 224 127 85 0
3 554 560 559 224 127 85 0
3 542 558 560 224 127 85 0
3 559 560 558 224 127 85 0
3 0 425 1 224 127 85 0
3 427 561 425 224 127 85 0
3 3 1 561 224 127 85 0
3 425 561 1 224 127 85 0
3 431 562 432 224 127 85 0
3 563 564 562 224 127 85 0
3 427 432 564 224 127 85 0
3 562 564 432 224 127 85 0
3 6 8 565 224 127 85 0
3 3 566 8 224 127 85 0
3 563 565 566 224 127 85 0
3 8 566 565 224 127 85 0
3 427 564 561 224 127 85 0
3 563 566 564 224 127 85 0
3 3 561 566 224 127 85 0
3 564 566 561 224 127 85 0
3 445 567 446 224 127 85 0
3 568 569 567 224 127 85 0
3 448 446 569 224 127 85 0
3 567 569 446 224 127 85 0
3 570 571 572 224 127 85 0
3 573 574 571 224 127 85 0
3 568 572 574 224 127 85 0
3 571 574 572 224 127 85 0
3 431 452 575 224 127 85 0
3 448 576 452 224 127 85 0
3 573 575 576 224 127 85 0
3 452 576 575 224 127 85 0
3 568 574 569 224 127 85 0
3 573 576 574 224 127 85 0
3 448 569 576 224 127 85 0
3 574 576 569 224 127 85 0
3 15 17 577 224 127 85 0
3 20 578 17 224 127 85 0
3 579 577 578 224 127 85 0
3 17 578 577 224 127 85 0
3 6 580 26 224 127 85 0
3 581 582 580 224 127 85 0
3 20 26 582 224 127 85 0
3 580 582 26 224 127 85 0
3 570 583 584 224 127 85 0
3 579 585 583 224 127 85 0
3 581 584 585 224 127 85 0
3 583 585 584 224 127 85 0
3 20 582 578 224 127 85 0
3 581 585 582 224 127 85 0
3 579 578 585 224 127 85 0
3 582 585 578 224 127 85 0
3 431 575 562 224 127 85 0
3 573 586 575 224 127 85 0
3 563 562 586 224 127 85 0
3 575 586 562 224 127 85 0
3 570 584 571 224 127 85 0
3 581 587 584 224 127 85 0
3 573 571 587 224 127 85 0
3 584 587 571 224 127 85 0
3 6 565 580 224 127 85 0
3 563 588 565 224 127 85 0
3 581 580 588 224 127 85 0
3 565 588 580 224 127 85 0
3 573 587 586 224 127 85 0
3 581 588 587 224 127 85 0
3 563 586 588 224 127 85 0
3 587 588 586 224 127 85 0
3 497 589 498 224 127 85 0
3 590 591 589 224 127 85 0
3 500 498 591 224 127 85 0
3 589 591 498 224 127 85 0
3 592 593 594 224 127 85 0
3 595 596 593 224 127 85 0
3 590 594 596 224 127 85 0
3 593 596 594 224 127 85 0
3 503 505 597 224 127 85 0
3 500 598 505 224 127 85 0
3 595 597 598 224 127 85 0
3 505 598 597 224 127 85 0
3 590 596 591 224 127 85 0
3 595 598 596 224 127 85 0
3 500 591 598 224 127 85 0
3 596 598 591 224 127 85 0
3 599 600 601 224 127 85 0
3 602 603 600 224 127 85 0
3 604 601 603 224 127 85 0
3 600 603 601 224 127 85 0
3 605 606 607 224 127 85 0
3 608 609 606 224 127 85 0
3 602 607 609 224 127 85 0
3 606 609 607 224 127 85 0
3 592 610 611 224 127 85 0
3 604 612 610 224 127 85 0
3 608 611 612 224 127 85 0
3 610 612 611 224 127 85 0
3 602 609 603 224 127 85 0
3 608 612 609 224 127 85 0
3 604 603 612 224 127 85 0
3 609 612 603 224 127 85 0
3 445 513 613 224 127 85 0
3 516 614 513 224 127 85 0
3 615 613 614 224 127 85 0
3 513 614 613 224 127 85 0
3 503 616 522 224 127 85 0
3 617 618 616 224 127 85 0
3 516 522 618 224 127 85 0
3 616 618 522 224 127 85 0
3 605 619 620 224 127 85 0
3 615 621 619 224 127 85 0
3 617 620 621 224 127 85 0
3 619 621 620 224 127 85 0
3 516 618 614 224 127 85 0
3 617 621 618 224 127 85 0
3 615 614 621 224 127 85 0
3 618 621 614 224 127 85 0
3 592 611 593 224 127 85 0
3 608 622 611 224 127 85 0
3 595 593 622 224 127 85 0
3 611 622 593 224 127 85 0
3 605 620 606 224 127 85 0
3 617 623 620 224 127 85 0
3 608 606 623 224 127 85 0
3 620 623 606 224 127 85 0
3 503 597 616 224 127 85 0
3 595 624 597 224 127 85 0
3 617 616 624 224 127 85 0
3 597 624 616 224 127 85 0
3 608 623 622 224 127 85 0
3 617 624 623 224 127 85 0
3 595 622 624 224 127 85 0
3 623 624 622 224 127 85 0
3 45 47 625 224 127 85 0
3 50 626 47 224 127 85 0
3 627 625 626 224 127 85 0
3 47 626 625 224 127 85 0
3 56 628 57 224 127 85 0
3 629 630 628 224 127 85 0
3 50 57 630 224 127 85 0
3 628 630 57 224 127 85 0
3 631 632 633 224 127 85 0
3 627 634 632 224 127 85 0
3 629 633 634 224 127 85 0
3 632 634 633 224 127 85 0
3 50 630 626 224 127 85 0
3 629 634 630 224 127 85 0
3 627 626 634 224 127 85 0
3 630 634 626 224 127 85 0
3 15 635 74 224 127 85 0
3 636 637 635 224 127 85 0
3 76 74 637 224 127 85 0
3 635 637 74 224 127 85 0
3 638 639 640 224 127 85 0
3 641 642 639 224 127 85 0
3 636 640 642 224 127 85 0
3 639 642 640 224 127 85 0
3 56 80 643 224 127 85 0
3 76 644 80 224 127 85 0
3 641 643 644 224 127 85 0
3 80 644 643 224 127 85 0
3 636 642 637 224 127 85 0
3 641 644 642 224 127 85 0
3 76 637 644 224 127 85 0
3 642 644 637 224 127 85 0
3 599 645 646 224 127 85 0
3 647 648 645 224 127 85 0
3 649 646 648 224 127 85 0
3 645 648 646 224 127 85 0
3 631 650 651 224 127 85 0
3 652 653 650 224 127 85 0
3 647 651 653 224 127 85 0
3 650 653 651 224 127 85 0
3 638 654 655 224 127 85 0
3 649 656 654 224 127 85 0
3 652 655 656 224 127 85 0
3 654 656 655 224 127 85 0
3 647 653 648 224 127 85 0
3 652 656 653 224 127 85 0
3 649 648 656 224 127 85 0
3 653 656 648 224 127 85 0
3 56 643 628 224 127 85 0
3 641 657 643 224 127 85 0
3 629 628 657 224 127 85 0
3 643 657 628 224 127 85 0
3 638 655 639 224 127 85 0
3 652 658 655 224 127 85 0
3 641 639 658 224 127 85 0
3 655 658 639 224 127 85 0
3 631 633 650 224 127 85 0
3 629 659 633 224 127 85 0
3 652 650 659 224 127 85 0
3 633 659 650 224 127 85 0
3 641 658 657 224 127 85 0
3 652 659 658 224 127 85 0
3 629 657 659 224 127 85 0
3 658 659 657 224 127 85 0
3 445 613 567 224 127 85 0
3 615 660 613 224 127 85 0
3 568 567 660 224 127 85 0
3 613 660 567 224 127 85 0
3 605 661 619 224 127 85 0
3 662 663 661 224 127 85 0
3 615 619 663 224 127 85 0
3 661 663 619 224 127 85 0
3 570 572 664 224 127 85 0
3 568 665 572 224 127 85 0
3 662 664 665 224 127 85 0
3 572 665 664 224 127 85 0
3 615 663 660 224 127 85 0
3 662 665 663 224 127 85 0
3 568 660 665 224 127 85 0
3 663 665 660 224 127 85 0
3 599 646 600 224 127 85 0
3 649 666 646 224 127 85 0
3 602 600 666 224 127 85 0
3 646 666 600 224 127 85 0
3 638 667 654 224 127 85 0
3 668 669 667 224 127 85 0
3 649 654 669 224 127 85 0
3 667 669 654 224 127 85 0
3 605 607 670 224 127 85 0
3 602 671 607 224 127 85 0
3 668 670 671 224 127 85 0
3 607 671 670 224 127 85 0
3 649 669 666 224 127 85 0
3 668 671 669 224 127 85 0
3 602 666 671 224 127 85 0
3 669 671 666 224 127 85 0
3 15 577 635 224 127 85 0
3 579 672 577 224 127 85 0
3 636 635 672 224 127 85 0
3 577 672 635 224 127 85 0
3 570 673 583 224 127 85 0
3 674 675 673 224 127 85 0
3 579 583 675 224 127 85 0
3 673 675 583 224 127 85 0
3 638 640 676 224 127 85 0
3 636 677 640 224 127 85 0
3 674 676 677 224 127 85 0
3 640 677 676 224 127 85 0
3 579 675 672 224 127 85 0
3 674 677 675 224 127 85 0
3 636 672 677 224 127 85 0
3 675 677 672 224 127 85 0
3 605 670 661 224 127 85 0
3 668 678 670 224 127 85 0
3 662 661 678 224 127 85 0
3 670 678 661 224 127 85 0
3 638 676 667 224 127 85 0
3 674 679 676 224 127 85 0
3 668 667 679 224 127 85 0
3 676 679 667 224 127 85 0
3 570 664 673 224 127 85 0
3 662 680 664 224 127 85 0
3 674 673 680 224 127 85 0
3 664 680 673 224 127 85 0
3 668 679 678 224 127 85 0
3 674 680 679 224 127 85 0
3 662 678 680 224 127 85 0
3 679 680 678 224 127 85 0
3 225 227 681 224 127 85 0
3 230 682 227 224 127 85 0
3 683 681 682 224 127 85 0
3 227 682 681 224 127 85 0
3 236 684 237 224 127 85 0
3 685 686 684 224 127 85 0
3 230 237 686 224 127 85 0
3 684 686 237 224 127 85 0
3 687 688 689 224 127 85 0
3 683 690 688 224 127 85 0
3 685 689 690 224 127 85 0
3 688 690 689 224 127 85 0
3 230 686 682 224 127 85 0
3 685 690 686 224 127 85 0
3 683 682 690 224 127 85 0
3 686 690 682 224 127 85 0
3 199 691 253 224 127 85 0
3 692 693 691 224 127 85 0
3 255 253 693 224 127 85 0
3 691 693 253 224 127 85 0
3 694 695 696 224 127 85 0
3 697 698 695 224 127 85 0
3 692 696 698 224 127 85 0
3 695 698 696 224 127 85 0
3 236 259 699 224 127 85 0
3 255 700 259 224 127 85 0
3 697 699 700 224 127 85 0
3 259 700 699 224 127 85 0
3 692 698 693 224 127 85 0
3 697 700 698 224 127 85 0
3 255 693 700 224 127 85 0
3 698 700 693 224 127 85 0
3 701 702 703 224 127 85 0
3 704 705 702 224 127 85 0
3 706 703 705 224 127 85 0
3 702 705 703 224 127 85 0
3 687 707 708 224 127 85 0
3 709 710 707 224 127 85 0
3 704 708 710 224 127 85 0
3 707 710 708 224 127 85 0
3 694 711 712 224 127 85 0
3 706 713 711 224 127 85 0
3 709 712 713 224 127 85 0
3 711 713 712 224 127 85 0
3 704 710 705 224 127 85 0
3 709 713 710 224 127 85 0
3 706 705 713 224 127 85 0
3 710 713 705 224 127 85 0
3 236 699 684 224 127 85 0
3 697 714 699 224 127 85 0
3 685 684 714 224 127 85 0
3 699 714 684 224 127 85 0
3 694 712 695 224 127 85 0
3 709 715 712 224 127 85 0
3 697 695 715 224 127 85 0
3 712 715 695 224 127 85 0
3 687 689 707 224 127 85 0
3 685 716 689 224 127 85 0
3 709 707 716 224 127 85 0
3 689 716 707 224 127 85 0
3 697 715 714 224 127 85 0
3 709 716 715 224 127 85 0
3 685 714 716 224 127 85 0
3 715 716 714 224 127 85 0
3 89 717 189 224 127 85 0
3 718 719 717 224 127 85 0
3 190 189 719 224 127 85 0
3 717 719 189 224 127 85 0
3 720 721 722 224 127 85 0
3 723 724 721 224 127 85 0
3 718 722 724 224 127 85 0
3 721 724 722 224 127 85 0
3 192 194 725 224 127 85 0
3 190 726 194 224 127 85 0
3 723 725 726 224 127 85 0
3 194 726 725 224 127 85 0
3 718 724 719 224 127 85 0
3 723 726 724 224 127 85 0
3 190 719 726 224 127 85 0
3 724 726 719 224 127 85 0
3 727 728 729 224 127 85 0
3 730 731 728 224 127 85 0
3 732 729 731 224 127 85 0
3 728 731 729 224 127 85 0
3 733 734 735 224 127 85 0
3 736 737 734 224 127 85 0
3 730 735 737 224 127 85 0
3 734 737 735 224 127 85 0
3 720 738 739 224 127 85 0
3 732 740 738 224 127 85 0
3 736 739 740 224 127 85 0
3 738 740 739 224 127 85 0
3 730 737 731 224 127 85 0
3 736 740 737 224 127 85 0
3 732 731 740 224 127 85 0
3 737 740 731 224 127 85 0
3 199 201 741 224 127 85 0
3 204 742 201 224 127 85 0
3 743 741 742 224 127 85 0
3 201 742 741 224 127 85 0
3 192 744 210 224 127 85 0
3 745 746 744 224 127 85 0
3 204 210 746 224 127 85 0
3 744 746 210 224 127 85 0
3 733 747 748 224 127 85 0
3 743 749 747 224 127 85 0
3 745 748 749 224 127 85 0
3 747 749 748 224 127 85 0
3 204 746 742 224 127 85 0
3 745 749 746 224 127 85 0
3 743 742 749 224 127 85 0
3 746 749 742 224 127 85 0
3 720 739 721 224 127 85 0
3 736 750 739 224 127 85 0
3 723 721 750 224 127 85 0
3 739 750 721 224 127 85 0
3 733 748 734 224 127 85 0
3 745 751 748 224 127 85 0
3 736 734 751 224 127 85 0
3 748 751 734 224 127 85 0
3 192 725 744 224 127 85 0
3 723 752 725 224 127 85 0
3 745 744 752 224 127 85 0
3 725 752 744 224 127 85 0
3 736 751 750 224 127 85 0
3 745 752 751 224 127 85 0
3 723 750 752 224 127 85 0
3 751 752 750 224 127 85 0
3 753 754 755 224 127 85 0
3 756 757 754 224 127 85 0
3 758 755 757 224 127 85 0
3 754 757 755 224 127 85 0
3 759 760 761 224 127 85 0
3 762 763 760 224 127 85 0
3 756 761 763 224 127 85 0
3 760 763 761 224 127 85 0
3 764 765 766 224 127 85 0
3 758 767 765 224 127 85 0
3 762 766 767 224 127 85 0
3 765 767 766 224 127 85 0
3 756 763 757 224 127 85 0
3 762 767 763 224 127 85 0
3 758 757 767 224 127 85 0
3 763 767 757 224 127 85 0
3 701 768 769 224 127 85 0
3 770 771 768 224 127 85 0
3 772 769 771 224 127 85 0
3 768 771 769 224 127 85 0
3 773 774 775 224 127 85 0
3 776 777 774 224 127 85 0
3 770 775 777 224 127 85 0
3 774 777 775 224 127 85 0
3 759 778 779 224 127 85 0
3 772 780 778 224 127 85 0
3 776 779 780 224 127 85 0
3 778 780 779 224 127 85 0
3 770 777 771 224 127 85 0
3 776 780 777 224 127 85 0
3 772 771 780 224 127 85 0
3 777 780 771 224 127 85 0
3 727 781 782 224 127 85 0
3 783 784 781 224 127 85 0
3 785 782 784 224 127 85 0
3 781 784 782 224 127 85 0
3 764 786 787 224 127 85 0
3 788 789 786 224 127 85 0
3 783 787 789 224 127 85 0
3 786 789 787 224 127 85 0
3 773 790 791 224 127 85 0
3 785 792 790 224 127 85 0
3 788 791 792 224 127 85 0
3 790 792 791 224 127 85 0
3 783 789 784 224 127 85 0
3 788 792 789 224 127 85 0
3 785 784 792 224 127 85 0
3 789 792 784 224 127 85 0
3 759 779 760 224 127 85 0
3 776 793 779 224 127 85 0
3 762 760 793 224 127 85 0
3 779 793 760 224 127 85 0
3 773 791 774 224 127 85 0
3 788 794 791 224 127 85 0
3 776 774 794 224 127 85 0
3 791 794 774 224 127 85 0
3 764 766 786 224 127 85 0
3 762 795 766 224 127 85 0
3 788 786 795 224 127 85 0
3 766 795 786 224 127 85 0
3 776 794 793 224 127 85 0
3 788 795 794 224 127 85 0
3 762 793 795 224 127 85 0
3 794 795 793 224 127 85 0
3 199 741 691 224 127 85 0
3 743 796 741 224 127 85 0
3 692 691 796 224 127 85 0
3 741 796 691 224 127 85 0
3 733 797 747 224 127 85 0
3 798 799 797 224 127 85 0
3 743 747 799 224 127 85 0
3 797 799 747 224 127 85 0
3 694 696 800 224 127 85 0
3 692 801 696 224 127 85 0
3 798 800 801 224 127 85 0
3 696 801 800 224 127 85 0
3 743 799 796 224 127 85 0
3 798 801 799 224 127 85 0
3 692 796 801 224 127 85 0
3 799 801 796 224 127 85 0
3 727 782 728 224 127 85 0
3 785 802 782 224 127 85 0
3 730 728 802 224 127 85 0
3 782 802 728 224 127 85 0
3 773 803 790 224 127 85 0
3 804 805 803 224 127 85 0
3 785 790 805 224 127 85 0
3 803 805 790 224 127 85 0
3 733 735 806 224 127 85 0
3 730 807 735 224 127 85 0
3 804 806 807 224 127 85 0
3 735 807 806 224 127 85 0
3 785 805 802 224 127 85 0
3 804 807 805 224 127 85 0
3 730 802 807 224 127 85 0
3 805 807 802 224 127 85 0
3 701 703 768 224 127 85 0
3 706 808 703 224 127 85 0
3 770 768 808 224 127 85 0
3 703 808 768 224 127 85 0
3 694 809 711 224 127 85 0
3 810 811 809 224 127 85 0
3 706 711 811 224 127 85 0
3 809 811 711 224 127 85 0
3 773 775 812 224 127 85 0
3 770 813 775 224 127 85 0
3 810 812 813 224 127 85 0
3 775 813 812 224 127 85 0
3 706 811 808 224 127 85 0
3 810 813 811 224 127 85 0
3 770 808 813 224 127 85 0
3 811 813 808 224 127 85 0
3 733 806 797 224 127 85 0
3 804 814 806 224 127 85 0
3 798 797 814 224 127 85 0
3 806 814 797 224 127 85 0
3 773 812 803 224 127 85 0
3 810 815 812 224 127 85 0
3 804 803 815 224 127 85 0
3 812 815 803 224 127 85 0
3 694 800 809 224 127 85 0
3 798 816 800 224 127 85 0
3 810 809 816 224 127 85 0
3 800 816 809 224 127 85 0
3 804 815 814 224 127 85 0
3 810 816 815 224 127 85 0
3 798 814 816 224 127 85 0
3 815 816 814 224 127 85 0
3 89 91 817 224 127 85 0
3 94 818 91 224 127 85 0
3 819 817 818 224 127 85 0
3 91 818 817 224 127 85 0
3 100 820 101 224 127 85 0
3 821 822 820 224 127 85 0
3 94 101 822 224 127 85 0
3 820 822 101 224 127 85 0
3 823 824 825 224 127 85 0
3 819 826 824 224 127 85 0
3 821 825 826 224 127 85 0
3 824 826 825 224 127 85 0
3 94 822 818 224 127 85 0
3 821 826 822 224 127 85 0
3 819 818 826 224 127 85 0
3 822 826 818 224 127 85 0
3 60 827 117 224 127 85 0
3 828 829 827 224 127 85 0
3 119 117 829 224 127 85 0
3 827 829 117 224 127 85 0
3 830 831 832 224 127 85 0
3 833 834 831 224 127 85 0
3 828 832 834 224 127 85 0
3 831 834 832 224 127 85 0
3 100 123 835 224 127 85 0
3 119 836 123 224 127 85 0
3 833 835 836 224 127 85 0
3 123 836 835 224 127 85 0
3 828 834 829 224 127 85 0
3 833 836 834 224 127 85 0
3 119 829 836 224 127 85 0
3 834 836 829 224 127 85 0
3 837 838 839 224 127 85 0
3 840 841 838 224 127 85 0
3 842 839 841 224 127 85 0
3 838 841 839 224 127 85 0
3 823 843 844 224 127 85 0
3 845 846 843 224 127 85 0
3 840 844 846 224 127 85 0
3 843 846 844 224 127 85 0
3 830 847 848 224 127 85 0
3 842 849 847 224 127 85 0
3 845 848 849 224 127 85 0
3 847 849 848 224 127 85 0
3 840 846 841 224 127 85 0
3 845 849 846 224 127 85 0
3 842 841 849 224 127 85 0
3 846 849 841 224 127 85 0
3 100 835 820 224 127 85 0
3 833 850 835 224 127 85 0
3 821 820 850 224 127 85 0
3 835 850 820 224 127 85 0
3 830 848 831 224 127 85 0
3 845 851 848 224 127 85 0
3 833 831 851 224 127 85 0
3 848 851 831 224 127 85 0
3 823 825 843 224 127 85 0
3 821 852 825 224 127 85 0
3 845 843 852 224 127 85 0
3 825 852 843 224 127 85 0
3 833 851 850 224 127 85 0
3 845 852 851 224 127 85 0
3 821 850 852 224 127 85 0
3 851 852 850 224 127 85 0
3 45 853 46 224 127 85 0
3 854 855 853 224 127 85 0
3 48 46 855 224 127 85 0
3 853 855 46 224 127 85 0
3 856 857 858 224 127 85 0
3 859 860 857 224 127 85 0
3 854 858 860 224 127 85 0
3 857 860 858 224 127 85 0
3 51 53 861 224 127 85 0
3 48 862 53 224 127 85 0
3 859 861 862 224 127 85 0
3 53 862 861 224 127 85 0
3 854 860 855 224 127 85 0
3 859 862 860 224 127 85 0
3 48 855 862 224 127 85 0
3 860 862 855 224 127 85 0
3 863 864 865 224 127 85 0
3 866 867 864 224 127 85 0
3 868 865 867 224 127 85 0
3 864 867 865 224 127 85 0
3 869 870 871 224 127 85 0
3 872 873 870 224 127 85 0
3 866 871 873 224 127 85 0
3 870 873 871 224 127 85 0
3 856 874 875 224 127 85 0
3 868 876 874 224 127 85 0
3 872 875 876 224 127 85 0
3 874 876 875 224 127 85 0
3 866 873 867 224 127 85 0
3 872 876 873 224 127 85 0
3 868 867 876 224 127 85 0
3 873 876 867 224 127 85 0
3 60 62 877 224 127 85 0
3 65 878 62 224 127 85 0
3 879 877 878 224 127 85 0
3 62 878 877 224 127 85 0
3 51 880 71 224 127 85 0
3 881 882 880 224 127 85 0
3 65 71 882 224 127 85 0
3 880 882 71 224 127 85 0
3 869 883 884 224 127 85 0
3 879 885 883 224 127 85 0
3 881 884 885 224 127 85 0
3 883 885 884 224 127 85 0
3 65 882 878 224 127 85 0
3 881 885 882 224 127 85 0
3 879 878 885 224 127 85 0
3 882 885 878 224 127 85 0
3 856 875 857 224 127 85 0
3 872 886 875 224 127 85 0
3 859 857 886 224 127 85 0
3 875 886 857 224 127 85 0
3 869 884 870 224 127 85 0
3 881 887 884 224 127 85 0
3 872 870 887 224 127 85 0
3 884 887 870 224 127 85 0
3 51 861 880 224 127 85 0
3 859 888 861 224 127 85 0
3 881 880 888 224 127 85 0
3 861 888 880 224 127 85 0
3 872 887 886 224 127 85 0
3 881 888 887 224 127 85 0
3 859 886 888 224 127 85 0
3 887 888 886 224 127 85 0
3 889 890 891 224 127 85 0
3 892 893 890 224 127 85 0
3 894 891 893 224 127 85 0
3 890 893 891 224 127 85 0
3 895 896 897 224 127 85 0
3 898 899 896 224 127 85 0
3 892 897 899 224 127 85 0
3 896 899 897 224 127 85 0
3 900 901 902 224 127 85 0
3 894 903 901 224 127 85 0
3 898 902 903 224 127 85 0
3 901 903 902 224 127 85 0
3 892 899 893 224 127 85 0
3 898 903 899 224 127 85 0
3 894 893 903 224 127 85 0
3 899 903 893 224 127 85 0
3 837 904 905 224 127 85 0
3 906 907 904 224 127 85 0
3 908 905 907 224 127 85 0
3 904 907 905 224 127 85 0
3 909 910 911 224 127 85 0
3 912 913 910 224 127 85 0
3 906 911 913 224 127 85 0
3 910 913 911 224 127 85 0
3 895 914 915 224 127 85 0
3 908 916 914 224 127 85 0
3 912 915 916 224 127 85 0
3 914 916 915 224 127 85 0
3 906 913 907 224 127 85 0
3 912 916 913 224 127 85 0
3 908 907 916 224 127 85 0
3 913 916 907 224 127 85 0
3 863 917 918 224 127 85 0
3 919 920 917 224 127 85 0
3 921 918 920 224 127 85 0
3 917 920 918 224 127 85 0
3 900 922 923 224 127 85 0
3 924 925 922 224 127 85 0
3 919 923 925 224 127 85 0
3 922 925 923 224 127 85 0
3 909 926 927 224 127 85 0
3 921 928 926 224 127 85 0
3 924 927 928 224 127 85 0
3 926 928 927 224 127 85 0
3 919 925 920 224 127 85 0
3 924 928 925 224 127 85 0
3 921 920 928 224 127 85 0
3 925 928 920 224 127 85 0
3 895 915 896 224 127 85 0
3 912 929 915 224 127 85 0
3 898 896 929 224 127 85 0
3 915 929 896 224 127 85 0
3 909 927 910 224 127 85 0
3 924 930 927 224 127 85 0
3 912 910 930 224 127 85 0
3 927 930 910 224 127 85 0
3 900 902 922 224 127 85 0
3 898 931 902 224 127 85 0
3 924 922 931 224 127 85 0
3 902 931 922 224 127 85 0
3 912 930 929 224 127 85 0
3 924 931 930 224 127 85 0
3 898 929 931 224 127 85 0
3 930 931 929 224 127 85 0
3 60 877 827 224 127 85 0
3 879 932 877 224 127 85 0
3 828 827 932 224 127 85 0
3 877 932 827 224 127 85 0
3 869 933 883 224 127 85 0
3 934 935 933 224 127 85 0
3 879 883 935 224 127 85 0
3 933 935 883 224 127 85 0
3 830 832 936 224 127 85 0
3 828 937 832 224 127 85 0
3 934 936 937 224 127 85 0
3 832 937 936 224 127 85 0
3 879 935 932 224 127 85 0
3 934 937 935 224 127 85 0
3 828 932 937 224 127 85 0
3 935 937 932 224 127 85 0
3 863 918 864 224 127 85 0
3 921 938 918 224 127 85 0
3 866 864 938 224 127 85 0
3 918 938 864 224 127 85 0
3 909 939 926 224 127 85 0
3 940 941 939 224 127 85 0
3 921 926 941 224 127 85 0
3 939 941 926 224 127 85 0
3 869 871 942 224 127 85 0
3 866 943 871 224 127 85 0
3 940 942 943 224 127 85 0
3 871 943 942 224 127 85 0
3 921 941 938 224 127 85 0
3 940 943 941 224 127 85 0
3 866 938 943 224 127 85 0
3 941 943 938 224 127 85 0
3 837 839 904 224 127 85 0
3 842 944 839 224 127 85 0
3 906 904 944 224 127 85 0
3 839 944 904 224 127 85 0
3 830 945 847 224 127 85 0
3 946 947 945 224 127 85 0
3 842 847 947 224 127 85 0
3 945 947 847 224 127 85 0
3 909 911 948 224 127 85 0
3 906 949 911 224 127 85 0
3 946 948 949 224 127 85 0
3 911 949 948 224 127 85 0
3 842 947 944 224 127 85 0
3 946 949 947 224 127 85 0
3 906 944 949 224 127 85 0
3 947 949 944 224 127 85 0
3 869 942 933 224 127 85 0
3 940 950 942 224 127 85 0
3 934 933 950 224 127 85 0
3 942 950 933 224 127 85 0
3 909 948 939 224 127 85 0
3 946 951 948 224 127 85 0
3 940 939 951 224 127 85 0
3 948 951 939 224 127 85 0
3 830 936 945 224 127 85 0
3 934 952 936 224 127 85 0
3 946 945 952 224 127 85 0
3 936 952 945 224 127 85 0
3 940 951 950 224 127 85 0
3 946 952 951 224 127 85 0
3 934 950 952 224 127 85 0
3 951 952 950 224 127 85 0
3 45 625 953 224 127 85 0
3 627 954 625 224 127 85 0
3 955 953 954 224 127 85 0
3 625 954 953 224 127 85 0
3 631 956 632 224 127 85 0
3 957 958 956 224 127 85 0
3 627 632 958 224 127 85 0
3 956 958 632 224 127 85 0
3 959 960 961 224 127 85 0
3 955 962 960 224 127 85 0
3 957 961 962 224 127 85 0
3 960 962 961 224 127 85 0
3 627 958 954 224 127 85 0
3 957 962 958 224 127 85 0
3 955 954 962 224 127 85 0
3 958 962 954 224 127 85 0
3 599 963 645 224 127 85 0
3 964 965 963 224 127 85 0
3 647 645 965 224 127 85 0
3 963 965 645 224 127 85 0
3 966 967 968 224 127 85 0
3 969 970 967 224 127 85 0
3 964 968 970 224 127 85 0
3 967 970 968 224 127 85 0
3 631 651 971 224 127 85 0
3 647 972 651 224 127 85 0
3 969 971 972 224 127 85 0
3 651 972 971 224 127 85 0
3 964 970 965 224 127 85 0
3 969 972 970 224 127 85 0
3 647 965 972 224 127 85 0
3 970 972 965 224 127 85 0
3 973 974 975 224 127 85 0
3 976 977 974 224 127 85 0
3 978 975 977 224 127 85 0
3 974 977 975 224 127 85 0
3 959 979 980 224 127 85 0
3 981 982 979 224 127 85 0
3 976 980 982 224 127 85 0
3 979 982 980 224 127 85 0
3 966 983 984 224 127 85 0
3 978 985 983 224 127 85 0
3 981 984 985 224 127 85 0
3 983 985 984 224 127 85 0
3 976 982 977 224 127 85 0
3 981 985 982 224 127 85 0
3 978 977 985 224 127 85 0
3 982 985 977 224 127 85 0
3 631 971 956 224 127 85 0
3 969 986 971 224 127 85 0
3 957 956 986 224 127 85 0
3 971 986 956 224 127 85 0
3 966 984 967 224 127 85 0
3 981 987 984 224 127 85 0
3 969 967 987 224 127 85 0
3 984 987 967 224 127 85 0
3 959 961 979 224 127 85 0
3 957 988 961 224 127 85 0
3 981 979 988 224 127 85 0
3 961 988 979 224 127 85 0
3 969 987 986 224 127 85 0
3 981 988 987 224 127 85 0
3 957 986 988 224 127 85 0
3 987 988 986 224 127 85 0
3 497 989 589 224 127 85 0
3 990 991 989 224 127 85 0
3 590 589 991 224 127 85 0
3 989 991 589 224 127 85 0
3 992 993 994 224 127 85 0
3 995 996 993 224 127 85 0
3 990 994 996 224 127 85 0
3 993 996 994 224 127 85 0
3 592 594 997 224 127 85 0
3 590 998 594 224 127 85 0
3 995 997 998 224 127 85 0
3 594 998 997 224 127 85 0
3 990 996 991 224 127 85 0
3 995 998 996 224 127 85 0
3 590 991 998 224 127 85 0
3 996 998 991 224 127 85 0
3 999 1000 1001 224 127 85 0
3 1002 1003 1000 224 127 85 0
3 1004 1001 1003 224 127 85 0
3 1000 1003 1001 224 127 85 0
3 1005 1006 1007 224 127 85 0
3 1008 1009 1006 224 127 85 0
3 1002 1007 1009 224 127 85 0
3 1006 1009 1007 224 127 85 0
3 992 1010 1011 224 127 85 0
3 1004 1012 1010 224 127 85 0
3 1008 1011 1012 224 127 85 0
3 1010 1012 1011 224 127 85 0
3 1002 1009 1003 224 127 85 0
3 1008 1012 1009 224 127 85 0
3 1004 1003 1012 224 127 85 0
3 1009 1012 1003 224 127 85 0
3 599 601 1013 224 127 85 0
3 604 1014 601 224 127 85 0
3 1015 1013 1014 224 127 85 0
3 601 1014 1013 224 127 85 0
3 592 1016 610 224 127 85 0
3 1017 1018 1016 224 127 85 0
3 604 610 1018 224 127 85 0
3 1016 1018 610 224 127 85 0
3 1005 1019 1020 224 127 85 0
3 1015 1021 1019 224 127 85 0
3 1017 1020 1021 224 127 85 0
3 1019 1021 1020 224 127 85 0
3 604 1018 1014 224 127 85 0
3 1017 1021 1018 224 127 85 0
3 1015 1014 1021 224 127 85 0
3 1018 1021 1014 224 127 85 0
3 992 1011 993 224 127 85 0
3 1008 1022 1011 224 127 85 0
3 995 993 1022 224 127 85 0
3 1011 1022 993 224 127 85 0
3 1005 1020 1006 224 127 85 0
3 1017 1023 1020 224 127 85 0
3 1008 1006 1023 224 127 85 0
3 1020 1023 1006 224 127 85 0
3 592 997 1016 224 127 85 0
3 995 1024 997 224 127 85 0
3 1017 1016 1024 224 127 85 0
3 997 1024 1016 224 127 85 0
3 1008 1023 1022 224 127 85 0
3 1017 1024 1023 224 127 85 0
3 995 1022 1024 224 127 85 0
3 1023 1024 1022 224 127 85 0
3 1025 1026 1027 224 127 85 0
3 1028 1029 1026 224 127 85 0
3 1030 1027 1029 224 127 85 0
3 1026 1029 1027 224 127 85 0
3 1031 1032 1033 224 127 85 0
3 1034 1035 1032 224 127 85 0
3 1028 1033 1035 224 127 85 0
3 1032 1035 1033 224 127 85 0
3 1036 1037 1038 224 127 85 0
3 1030 1039 1037 224 127 85 0
3 1034 1038 1039 224 127 85 0
3 1037 1039 1038 224 127 85 0
3 1028 1035 1029 224 127 85 0
3 1034 1039 1035 224 127 85 0
3 1030 1029 1039 224 127 85 0
3 1035 1039 1029 224 127 85 0
3 973 1040 1041 224 127 85 0
3 1042 1043 1040 224 127 85 0
3 1044 1041 1043 224 127 85 0
3 1040 1043 1041 224 127 85 0
3 1045 1046 1047 224 127 85 0
3 1048 1049 1046 224 127 85 0
3 1042 1047 1049 224 127 85 0
3 1046 1049 1047 224 127 85 0
3 1031 1050 1051 224 127 85 0
3 1044 1052 1050 224 127 85 0
3 1048 1051 1052 224 127 85 0
3 1050 1052 1051 224 127 85 0
3 1042 1049 1043 224 127 85 0
3 1048 1052 1049 224 127 85 0
3 1044 1043 1052 224 127 85 0
3 1049 1052 1043 224 127 85 0
3 999 1053 1054 224 127 85 0
3 1055 1056 1053 224 127 85 0
3 1057 1054 1056 224 127 85 0
3 1053 1056 1054 224 127 85 0
3 1036 1058 1059 224 127 85 0
3 1060 1061 1058 224 127 85 0
3 1055 1059 1061 224 127 85 0
3 1058 1061 1059 224 127 85 0
3 1045 1062 1063 224 127 85 0
3 1057 1064 1062 224 127 85 0
3 1060 1063 1064 224 127 85 0
3 1062 1064 1063 224 127 85 0
3 1055 1061 1056 224 127 85 0
3 1060 1064 1061 224 127 85 0
3 1057 1056 1064 224 127 85 0
3 1061 1064 1056 224 127 85 0
3 1031 1051 1032 224 127 85 0
3 1048 1065 1051 224 127 85 0
3 1034 1032 1065 224 127 85 0
3 1051 1065 1032 224 127 85 0
3 1045 1063 1046 224 127 85 0
3 1060 1066 1063 224 127 85 0
3 1048 1046 1066 224 127 85 0
3 1063 1066 1046 224 127 85 0
3 1036 1038 1058 224 127 85 0
3 1034 1067 1038 224 127 85 0
3 1060 1058 1067 224 127 85 0
3 1038 1067 1058 224 127 85 0
3 1048 1066 1065 224 127 85 0
3 1060 1067 1066 224 127 85 0
3 1034 1065 1067 224 127 85 0
3 1066 1067 1065 224 127 85 0
3 599 1013 963 224 127 85 0
3 1015 1068 1013 224 127 85 0
3 964 963 1068 224 127 85 0
3 1013 1068 963 224 127 85 0
3 1005 1069 1019 224 127 85 0
3 1070 1071 1069 224 127 85 0
3 1015 1019 1071 224 127 85 0
3 1069 1071 1019 224 127 85 0
3 966 968 1072 224 127 85 0
3 964 1073 968 224 127 85 0
3 1070 1072 1073 224 127 85 0
3 968 1073 1072 224 127 85 0
3 1015 1071 1068 224 127 85 0
3 1070 1073 1071 224 127 85 0
3 964 1068 1073 224 127 85 0
3 1071 1073 1068 224 127 85 0
3 999 1054 1000 224 127 85 0
3 1057 1074 1054 224 127 85 0
3 1002 1000 1074 224 127 85 0
3 1054 1074 1000 224 127 85 0
3 1045 1075 1062 224 127 85 0
3 1076 1077 1075 224 127 85 0
3 1057 1062 1077 224 127 85 0
3 1075 1077 1062 224 127 85 0
3 1005 1007 1078 224 127 85 0
3 1002 1079 1007 224 127 85 0
3 1076 1078 1079 224 127 85 0
3 1007 1079 1078 224 127 85 0
3 1057 1077 1074 224 127 85 0
3 1076 1079 1077 224 127 85 0
3 1002 1074 1079 224 127 85 0
3 1077 1079 1074 224 127 85 0
3 973 975 1040 224 127 85 0
3 978 1080 975 224 127 85 0
3 1042 1040 1080 224 127 85 0
3 975 1080 1040 224 127 85 0
3 966 1081 983 224 127 85 0
3 1082 1083 1081 224 127 85 0
3 978 983 1083 224 127 85 0
3 1081 1083 983 224 127 85 0
3 1045 1047 1084 224 127 85 0
3 1042 1085 1047 224 127 85 0
3 1082 1084 1085 224 127 85 0
3 1047 1085 1084 224 127 85 0
3 978 1083 1080 224 127 85 0
3 1082 1085 1083 224 127 85 0
3 1042 1080 1085 224 127 85 0
3 1083 1085 1080 224 127 85 0
3 1005 1078 1069 224 127 85 0
3 1076 1086 1078 224 127 85 0
3 1070 1069 1086 224 127 85 0
3 1078 1086 1069 224 127 85 0
3 1045 1084 1075 224 127 85 0
3 1082 1087 1084 224 127 85 0
3 1076 1075 1087 224 127 85 0
3 1084 1087 1075 224 127 85 0
3 966 1072 1081 224 127 85 0
3 1070 1088 1072 224 127 85 0
3 1082 1081 1088 224 127 85 0
3 1072 1088 1081 224 127 85 0
3 1076 1087 1086 224 127 85 0
3 1082 1088 1087 224 127 85 0
3 1070 1086 1088 224 127 85 0
3 1087 1088 1086 224 127 85 0
3 497 499 1089 224 127 85 0
3 502 1090 499 224 127 85 0
3 1091 1089 1090 224 127 85 0
3 499 1090 1089 224 127 85 0
3 508 1092 509 224 127 85 0
3 1093 1094 1092 224 127 85 0
3 502 509 1094 224 127 85 0
3 1092 1094 509 224 127 85 0
3 1095 1096 1097 224 127 85 0
3 1091 1098 1096 224 127 85 0
3 1093 1097 1098 224 127 85 0
3 1096 1098 1097 224 127 85 0
3 502 1094 1090 224 127 85 0
3 1093 1098 1094 224 127 85 0
3 1091 1090 1098 224 127 85 0
3 1094 1098 1090 224 127 85 0
3 471 1099 525 224 127 85 0
3 1100 1101 1099 224 127 85 0
3 527 525 1101 224 127 85 0
3 1099 1101 525 224 127 85 0
3 1102 1103 1104 224 127 85 0
3 1105 1106 1103 224 127 85 0
3 1100 1104 1106 224 127 85 0
3 1103 1106 1104 224 127 85 0
3 508 531 1107 224 127 85 0
3 527 1108 531 224 127 85 0
3 1105 1107 1108 224 127 85 0
3 531 1108 1107 224 127 85 0
3 1100 1106 1101 224 127 85 0
3 1105 1108 1106 224 127 85 0
3 527 1101 1108 224 127 85 0
3 1106 1108 1101 224 127 85 0
3 1109 1110 1111 224 127 85 0
3 1112 1113 1110 224 127 85 0
3 1114 1111 1113 224 127 85 0
3 1110 1113 1111 224 127 85 0
3 1095 1115 1116 224 127 85 0
3 1117 1118 1115 224 127 85 0
3 1112 1116 1118 224 127 85 0
3 1115 1118 1116 224 127 85 0
3 1102 1119 1120 224 127 85 0
3 1114 1121 1119 224 127 85 0
3 1117 1120 1121 224 127 85 0
3 1119 1121 1120 224 127 85 0
3 1112 1118 1113 224 127 85 0
3 1117 1121 1118 224 127 85 0
3 1114 1113 1121 224 127 85 0
3 1118 1121 1113 224 127 85 0
3 508 1107 1092 224 127 85 0
3 1105 1122 1107 224 127 85 0
3 1093 1092 1122 224 127 85 0
3 1107 1122 1092 224 127 85 0
3 1102 1120 1103 224 127 85 0
3 1117 1123 1120 224 127 85 0
3 1105 1103 1123 224 127 85 0
3 1120 1123 1103 224 127 85 0
3 1095 1097 1115 224 127 85 0
3 1093 1124 1097 224 127 85 0
3 1117 1115 1124 224 127 85 0
3 1097 1124 1115 224 127 85 0
3 1105 1123 1122 224 127 85 0
3 1117 1124 1123 224 127 85 0
3 1093 1122 1124 224 127 85 0
3 1123 1124 1122 224 127 85 0
3 361 1125 461 224 127 85 0
3 1126 1127 1125 224 127 85 0
3 462 461 1127 224 127 85 0
3 1125 1127 461 224 127 85 0
3 1128 1129 1130 224 127 85 0
3 1131 1132 1129 224 127 85 0
3 1126 1130 1132 224 127 85 0
3 1129 1132 1130 224 127 85 0
3 464 466 1133 224 127 85 0
3 462 1134 466 224 127 85 0
3 1131 1133 1134 224 127 85 0
3 466 1134 1133 224 127 85 0
3 1126 1132 1127 224 127 85 0
3 1131 1134 1132 224 127 85 0
3 462 1127 1134 224 127 85 0
3 1132 1134 1127 224 127 85 0
3 1135 1136 1137 224 127 85 0
3 1138 1139 1136 224 127 85 0
3 1140 1137 1139 224 127 85 0
3 1136 1139 1137 224 127 85 0
3 1141 1142 1143 224 127 85 0
3 1144 1145 1142 224 127 85 0
3 1138 1143 1145 224 127 85 0
3 1142 1145 1143 224 127 85 0
3 1128 1146 1147 224 127 85 0
3 1140 1148 1146 224 127 85 0
3 1144 1147 1148 224 127 85 0
3 1146 1148 1147 224 127 85 0
3 1138 1145 1139 224 127 85 0
3 1144 1148 1145 224 127 85 0
3 1140 1139 1148 224 127 85 0
3 1145 1148 1139 224 127 85 0
3 471 473 1149 224 127 85 0
3 476 1150 473 224 127 85 0
3 1151 1149 1150 224 127 85 0
3 473 1150 1149 224 127 85 0
3 464 1152 482 224 127 85 0
3 1153 1154 1152 224 127 85 0
3 476 482 1154 224 127 85 0
3 1152 1154 482 224 127 85 0
3 1141 1155 1156 224 127 85 0
3 1151 1157 1155 224 127 85 0
3 1153 1156 1157 224 127 85 0
3 1155 1157 1156 224 127 85 0
3 476 1154 1150 224 127 85 0
3 1153 1157 1154 224 127 85 0
3 1151 1150 1157 224 127 85 0
3 1154 1157 1150 224 127 85 0
3 1128 1147 1129 224 127 85 0
3 1144 1158 1147 224 127 85 0
3 1131 1129 1158 224 127 85 0
3 1147 1158 1129 224 127 85 0
3 1141 1156 1142 224 127 85 0
3 1153 1159 1156 224 127 85 0
3 1144 1142 1159 224 127 85 0
3 1156 1159 1142 224 127 85 0
3 464 1133 1152 224 127 85 0
3 1131 1160 1133 224 127 85 0
3 1153 1152 1160 224 127 85 0
3 1133 1160 1152 224 127 85 0
3 1144 1159 1158 224 127 85 0
3 1153 1160 1159 224 127 85 0
3 1131 1158 1160 224 127 85 0
3 1159 1160 1158 224 127 85 0
3 1161 1162 1163 224 127 85 0
3 1164 1165 1162 224 127 85 0
3 1166 1163 1165 224 127 85 0
3 1162 1165 1163 224 127 85 0
3 1167 1168 1169 224 127 85 0
3 1170 1171 1168 224 127 85 0
3 1164 1169 1171 224 127 85 0
3 1168 1171 1169 224 127 85 0
3 1172 1173 1174 224 127 85 0
3 1166 1175 1173 224 127 85 0
3 1170 1174 1175 224 127 85 0
3 1173 1175 1174 224 127 85 0
3 1164 1171 1165 224 127 85 0
3 1170 1175 1171 224 127 85 0
3 1166 1165 1175 224 127 85 0
3 1171 1175 1165 224 127 85 0
3 1109 1176 1177 224 127 85 0
3 1178 1179 1176 224 127 85 0
3 1180 1177 1179 224 127 85 0
3 1176 1179 1177 224 127 85 0
3 1181 1182 1183 224 127 85 0
3 1184 1185 1182 224 127 85 0
3 1178 1183 1185 224 127 85 0
3 1182 1185 1183 224 127 85 0
3 1167 1186 1187 224 127 85 0
3 1180 1188 1186 224 127 85 0
3 1184 1187 1188 224 127 85 0
3 1186 1188 1187 224 127 85 0
3 1178 1185 1179 224 127 85 0
3 1184 1188 1185 224 127 85 0
3 1180 1179 1188 224 127 85 0
3 1185 1188 1179 224 127 85 0
3 1135 1189 1190 224 127 85 0
3 1191 1192 1189 224 127 85 0
3 1193 1190 1192 224 127 85 0
3 1189 1192 1190 224 127 85 0
3 1172 1194 1195 224 127 85 0
3 1196 1197 1194 224 127 85 0
3 1191 1195 1197 224 127 85 0
3 1194 1197 1195 224 127 85 0
3 1181 1198 1199 224 127 85 0
3 1193 1200 1198 224 127 85 0
3 1196 1199 1200 224 127 85 0
3 1198 1200 1199 224 127 85 0
3 1191 1197 1192 224 127 85 0
3 1196 1200 1197 224 127 85 0
3 1193 1192 1200 224 127 85 0
3 1197 1200 1192 224 127 85 0
3 1167 1187 1168 224 127 85 0
3 1184 1201 1187 224 127 85 0
3 1170 1168 1201 224 127 85 0
3 1187 1201 1168 224 127 85 0
3 1181 1199 1182 224 127 85 0
3 1196 1202 1199 224 127 85 0
3 1184 1182 1202 224 127 85 0
3 1199 1202 1182 224 127 85 0
3 1172 1174 1194 224 127 85 0
3 1170 1203 1174 224 127 85 0
3 1196 1194 1203 224 127 85 0
3 1174 1203 1194 224 127 85 0
3 1184 1202 1201 224 127 85 0
3 1196 1203 1202 224 127 85 0
3 1170 1201 1203 224 127 85 0
3 1202 1203 1201 224 127 85 0
3 471 1149 1099 224 127 85 0
3 1151 1204 1149 224 127 85 0
3 1100 1099 1204 224 127 85 0
3 1149 1204 1099 224 127 85 0
3 1141 1205 1155 224 127 85 0
3 1206 1207 1205 224 127 85 0
3 1151 1155 1207 224 127 85 0
3 1205 1207 1155 224 127 85 0
3 1102 1104 1208 224 127 85 0
3 1100 1209 1104 224 127 85 0
3 1206 1208 1209 224 127 85 0
3 1104 1209 1208 224 127 85 0
3 1151 1207 1204 224 127 85 0
3 1206 1209 1207 224 127 85 0
3 1100 1204 1209 224 127 85 0
3 1207 1209 1204 224 127 85 0
3 1135 1190 1136 224 127 85 0
3 1193 1210 1190 224 127 85 0
3 1138 1136 1210 224 127 85 0
3 1190 1210 1136 224 127 85 0
3 1181 1211 1198 224 127 85 0
3 1212 1213 1211 224 127 85 0
3 1193 1198 1213 224 127 85 0
3 1211 1213 1198 224 127 85 0
3 1141 1143 1214 224 127 85 0
3 1138 1215 1143 224 127 85 0
3 1212 1214 1215 224 127 85 0
3 1143 1215 1214 224 127 85 0
3 1193 1213 1210 224 127 85 0
3 1212 1215 1213 224 127 85 0
3 1138 1210 1215 224 127 85 0
3 1213 1215 1210 224 127 85 0
3 1109 1111 1176 224 127 85 0
3 1114 1216 1111 224 127 85 0
3 1178 1176 1216 224 127 85 0
3 1111 1216 1176 224 127 85 0
3 1102 1217 1119 224 127 85 0
3 1218 1219 1217 224 127 85 0
3 1114 1119 1219 224 127 85 0
3 1217 1219 1119 224 127 85 0
3 1181 1183 1220 224 127 85 0
3 1178 1221 1183 224 127 85 0
3 1218 1220 1221 224 127 85 0
3 1183 1221 1220 224 127 85 0
3 1114 1219 1216 224 127 85 0
3 1218 1221 1219 224 127 85 0
3 1178 1216 1221 224 127 85 0
3 1219 1221 1216 224 127 85 0
3 1141 1214 1205 224 127 85 0
3 1212 1222 1214 224 127 85 0
3 1206 1205 1222 224 127 85 0
3 1214 1222 1205 224 127 85 0
3 1181 1220 1211 224 127 85 0
3 1218 1223 1220 224 127 85 0
3 1212 1211 1223 224 127 85 0
3 1220 1223 1211 224 127 85 0
3 1102 1208 1217 224 127 85 0
3 1206 1224 1208 224 127 85 0
3 1218 1217 1224 224 127 85 0
3 1208 1224 1217 224 127 85 0
3 1212 1223 1222 224 127 85 0
3 1218 1224 1223 224 127 85 0
3 1206 1222 1224 224 127 85 0
3 1223 1224 1222 224 127 85 0
3 361 363 1225 224 127 85 0
3 366 1226 363 224 127 85 0
3 1227 1225 1226 224 127 85 0
3 363 1226 1225 224 127 85 0
3 372 1228 373 224 127 85 0
3 1229 1230 1228 224 127 85 0
3 366 373 1230 224 127 85 0
3 1228 1230 373 224 127 85 0
3 1231 1232 1233 224 127 85 0
3 1227 1234 1232 224 127 85 0
3 1229 1233 1234 224 127 85 0
3 1232 1234 1233 224 127 85 0
3 366 1230 1226 224 127 85 0
3 1229 1234 1230 224 127 85 0
3 1227 1226 1234 224 127 85 0
3 1230 1234 1226 224 127 85 0
3 335 1235 389 224 127 85 0
3 1236 1237 1235 224 127 85 0
3 391 389 1237 224 127 85 0
3 1235 1237 389 224 127 85 0
3 1238 1239 1240 224 127 85 0
3 1241 1242 1239 224 127 85 0
3 1236 1240 1242 224 127 85 0
3 1239 1242 1240 224 127 85 0
3 372 395 1243 224 127 85 0
3 391 1244 395 224 127 85 0
3 1241 1243 1244 224 127 85 0
3 395 1244 1243 224 127 85 0
3 1236 1242 1237 224 127 85 0
3 1241 1244 1242 224 127 85 0
3 391 1237 1244 224 127 85 0
3 1242 1244 1237 224 127 85 0
3 1245 1246 1247 224 127 85 0
3 1248 1249 1246 224 127 85 0
3 1250 1247 1249 224 127 85 0
3 1246 1249 1247 224 127 85 0
3 1231 1251 1252 224 127 85 0
3 1253 1254 1251 224 127 85 0
3 1248 1252 1254 224 127 85 0
3 1251 1254 1252 224 127 85 0
3 1238 1255 1256 224 127 85 0
3 1250 1257 1255 224 127 85 0
3 1253 1256 1257 224 127 85 0
3 1255 1257 1256 224 127 85 0
3 1248 1254 1249 224 127 85 0
3 1253 1257 1254 224 127 85 0
3 1250 1249 1257 224 127 85 0
3 1254 1257 1249 224 127 85 0
3 372 1243 1228 224 127 85 0
3 1241 1258 1243 224 127 85 0
3 1229 1228 1258 224 127 85 0
3 1243 1258 1228 224 127 85 0
3 1238 1256 1239 224 127 85 0
3 1253 1259 1256 224 127 85 0
3 1241 1239 1259 224 127 85 0
3 1256 1259 1239 224 127 85 0
3 1231 1233 1251 224 127 85 0
3 1229 1260 1233 224 127 85 0
3 1253 1251 1260 224 127 85 0
3 1233 1260 1251 224 127 85 0
3 1241 1259 1258 224 127 85 0
3 1253 1260 1259 224 127 85 0
3 1229 1258 1260 224 127 85 0
3 1259 1260 1258 224 127 85 0
3 225 1261 325 224 127 85 0
3 1262 1263 1261 224 127 85 0
3 326 325 1263 224 127 85 0
3 1261 1263 325 224 127 85 0
3 1264 1265 1266 224 127 85 0
3 1267 1268 1265 224 127 85 0
3 1262 1266 1268 224 127 85 0
3 1265 1268 1266 224 127 85 0
3 328 330 1269 224 127 85 0
3 326 1270 330 224 127 85 0
3 1267 1269 1270 224 127 85 0
3 330 1270 1269 224 127 85 0
3 1262 1268 1263 224 127 85 0
3 1267 1270 1268 224 127 85 0
3 326 1263 1270 224 127 85 0
3 1268 1270 1263 224 127 85 0
3 1271 1272 1273 224 127 85 0
3 1274 1275 1272 224 127 85 0
3 1276 1273 1275 224 127 85 0
3 1272 1275 1273 224 127 85 0
3 1277 1278 1279 224 127 85 0
3 1280 1281 1278 224 127 85 0
3 1274 1279 1281 224 127 85 0
3 1278 1281 1279 224 127 85 0
3 1264 1282 1283 224 127 85 0
3 1276 1284 1282 224 127 85 0
3 1280 1283 1284 224 127 85 0
3 1282 1284 1283 224 127 85 0
3 1274 1281 1275 224 127 85 0
3 1280 1284 1281 224 127 85 0
3 1276 1275 1284 224 127 85 0
3 1281 1284 1275 224 127 85 0
3 335 337 1285 224 127 85 0
3 340 1286 337 224 127 85 0
3 1287 1285 1286 224 127 85 0
3 337 1286 1285 224 127 85 0
3 328 1288 346 224 127 85 0
3 1289 1290 1288 224 127 85 0
3 340 346 1290 224 127 85 0
3 1288 1290 346 224 127 85 0
3 1277 1291 1292 224 127 85 0
3 1287 1293 1291 224 127 85 0
3 1289 1292 1293 224 127 85 0
3 1291 1293 1292 224 127 85 0
3 340 1290 1286 224 127 85 0
3 1289 1293 1290 224 127 85 0
3 1287 1286 1293 224 127 85 0
3 1290 1293 1286 224 127 85 0
3 1264 1283 1265 224 127 85 0
3 1280 1294 1283 224 127 85 0
3 1267 1265 1294 224 127 85 0
3 1283 1294 1265 224 127 85 0
3 1277 1292 1278 224 127 85 0
3 1289 1295 1292 224 127 85 0
3 1280 1278 1295 224 127 85 0
3 1292 1295 1278 224 127 85 0
3 328 1269 1288 224 127 85 0
3 1267 1296 1269 224 127 85 0
3 1289 1288 1296 224 127 85 0
3 1269 1296 1288 224 127 85 0
3 1280 1295 1294 224 127 85 0
3 1289 1296 1295 224 127 85 0
3 1267 1294 1296 224 127 85 0
3 1295 1296 1294 224 127 85 0
3 1297 1298 1299 224 127 85 0
3 1300 1301 1298 224 127 85 0
3 1302 1299 1301 224 127 85 0
3 1298 1301 1299 224 127 85 0
3 1303 1304 1305 224 127 85 0
3 1306 1307 1304 224 127 85 0
3 1300 1305 1307 224 127 85 0
3 1304 1307 1305 224 127 85 0
3 1308 1309 1310 224 127 85 0
3 1302 1311 1309 224 127 85 0
3 1306 1310 1311 224 127 85 0
3 1309 1311 1310 224 127 85 0
3 1300 1307 1301 224 127 85 0
3 1306 1311 1307 224 127 85 0
3 1302 1301 1311 224 127 85 0
3 1307 1311 1301 224 127 85 0
3 1245 1312 1313 224 127 85 0
3 1314 1315 1312 224 127 85 0
3 1316 1313 1315 224 127 85 0
3 1312 1315 1313 224 127 85 0
3 1317 1318 1319 224 127 85 0
3 1320 1321 1318 224 127 85 0
3 1314 1319 1321 224 127 85 0
3 1318 1321 1319 224 127 85 0
3 1303 1322 1323 224 127 85 0
3 1316 1324 1322 224 127 85 0
3 1320 1323 1324 224 127 85 0
3 1322 1324 1323 224 127 85 0
3 1314 1321 1315 224 127 85 0
3 1320 1324 1321 224 127 85 0
3 1316 1315 1324 224 127 85 0
3 1321 1324 1315 224 127 85 0
3 1271 1325 1326 224 127 85 0
3 1327 1328 1325 224 127 85 0
3 1329 1326 1328 224 127 85 0
3 1325 1328 1326 224 127 85 0
3 1308 1330 1331 224 127 85 0
3 1332 1333 1330 224 127 85 0
3 1327 1331 1333 224 127 85 0
3 1330 1333 1331 224 127 85 0
3 1317 1334 1335 224 127 85 0
3 1329 1336 1334 224 127 85 0
3 1332 1335 1336 224 127 85 0
3 1334 1336 1335 224 127 85 0
3 1327 1333 1328 224 127 85 0
3 1332 1336 1333 224 127 85 0
3 1329 1328 1336 224 127 85 0
3 1333 1336 1328 224 127 85 0
3 1303 1323 1304 224 127 85 0
3 1320 1337 1323 224 127 85 0
3 1306 1304 1337 224 127 85 0
3 1323 1337 1304 224 127 85 0
3 1317 1335 1318 224 127 85 0
3 1332 1338 1335 224 127 85 0
3 1320 1318 1338 224 127 85 0
3 1335 1338 1318 224 127 85 0
3 1308 1310 1330 224 127 85 0
3 1306 1339 1310 224 127 85 0
3 1332 1330 1339 224 127 85 0
3 1310 1339 1330 224 127 85 0
3 1320 1338 1337 224 127 85 0
3 1332 1339 1338 224 127 85 0
3 1306 1337 1339 224 127 85 0
3 1338 1339 1337 224 127 85 0
3 335 1285 1235 224 127 85 0
3 1287 1340 1285 224 127 85 0
3 1236 1235 1340 224 127 85 0
3 1285 1340 1235 224 127 85 0
3 1277 1341 1291 224 127 85 0
3 1342 1343 1341 224 127 85 0
3 1287 1291 1343 224 127 85 0
3 1341 1343 1291 224 127 85 0
3 1238 1240 1344 224 127 85 0
3 1236 1345 1240 224 127 85 0
3 1342 1344 1345 224 127 85 0
3 1240 1345 1344 224 127 85 0
3 1287 1343 1340 224 127 85 0
3 1342 1345 1343 224 127 85 0
3 1236 1340 1345 224 127 85 0
3 1343 1345 1340 224 127 85 0
3 1271 1326 1272 224 127 85 0
3 1329 1346 1326 224 127 85 0
3 1274 1272 1346 224 127 85 0
3 1326 1346 1272 224 127 85 0
3 1317 1347 1334 224 127 85 0
3 1348 1349 1347 224 127 85 0
3 1329 1334 1349 224 127 85 0
3 1347 1349 1334 224 127 85 0
3 1277 1279 1350 224 127 85 0
3 1274 1351 1279 224 127 85 0
3 1348 1350 1351 224 127 85 0
3 1279 1351 1350 224 127 85 0
3 1329 1349 1346 224 127 85 0
3 1348 1351 1349 224 127 85 0
3 1274 1346 1351 224 127 85 0
3 1349 1351 1346 224 127 85 0
3 1245 1247 1312 224 127 85 0
3 1250 1352 1247 224 127 85 0
3 1314 1312 1352 224 127 85 0
3 1247 1352 1312 224 127 85 0
3 1238 1353 1255 224 127 85 0
3 1354 1355 1353 224 127 85 0
3 1250 1255 1355 224 127 85 0
3 1353 1355 1255 224 127 85 0
3 1317 1319 1356 224 127 85 0
3 1314 1357 1319 224 127 85 0
3 1354 1356 1357 224 127 85 0
3 1319 1357 1356 224 127 85 0
3 1250 1355 1352 224 127 85 0
3 1354 1357 1355 224 127 85 0
3 1314 1352 1357 224 127 85 0
3 1355 1357 1352 224 127 85 0
3 1277 1350 1341 224 127 85 0
3 1348 1358 1350 224 127 85 0
3 1342 1341 1358 224 127 85 0
3 1350 1358 1341 224 127 85 0
3 1317 1356 1347 224 127 85 0
3 1354 1359 1356 224 127 85 0
3 1348 1347 1359 224 127 85 0
3 1356 1359 1347 224 127 85 0
3 1238 1344 1353 224 127 85 0
3 1342 1360 1344 224 127 85 0
3 1354 1353 1360 224 127 85 0
3 1344 1360 1353 224 127 85 0
3 1348 1359 1358 224 127 85 0
3 1354 1360 1359 224 127 85 0
3 1342 1358 1360 224 127 85 0
3 1359 1360 1358 224 127 85 0
3 1361 1362 1363 224 127 85 0
3 1364 1365 1362 224 127 85 0
3 1366 1363 1365 224 127 85 0
3 1362 1365 1363 224 127 85 0
3 1367 1368 1369 224 127 85 0
3 1370 1371 1368 224 127 85 0
3 1364 1369 1371 224 127 85 0
3 1368 1371 1369 224 127 85 0
3 1372 1373 1374 224 127 85 0
3 1366 1375 1373 224 127 85 0
3 1370 1374 1375 224 127 85 0
3 1373 1375 1374 224 127 85 0
3 1364 1371 1365 224 127 85 0
3 1370 1375 1371 224 127 85 0
3 1366 1365 1375 224 127 85 0
3 1371 1375 1365 224 127 85 0
3 1376 1377 1378 224 127 85 0
3 1379 1380 1377 224 127 85 0
3 1381 1378 1380 224 127 85 0
3 1377 1380 1378 224 127 85 0
3 1382 1383 1384 224 127 85 0
3 1385 1386 1383 224 127 85 0
3 1379 1384 1386 224 127 85 0
3 1383 1386 1384 224 127 85 0
3 1367 1387 1388 224 127 85 0
3 1381 1389 1387 224 127 85 0
3 1385 1388 1389 224 127 85 0
3 1387 1389 1388 224 127 85 0
3 1379 1386 1380 224 127 85 0
3 1385 1389 1386 224 127 85 0
3 1381 1380 1389 224 127 85 0
3 1386 1389 1380 224 127 85 0
3 1390 1391 1392 224 127 85 0
3 1393 1394 1391 224 127 85 0
3 1395 1392 1394 224 127 85 0
3 1391 1394 1392 224 127 85 0
3 1372 1396 1397 224 127 85 0
3 1398 1399 1396 224 127 85 0
3 1393 1397 1399 224 127 85 0
3 1396 1399 1397 224 127 85 0
3 1382 1400 1401 224 127 85 0
3 1395 1402 1400 224 127 85 0
3 1398 1401 1402 224 127 85 0
3 1400 1402 1401 224 127 85 0
3 1393 1399 1394 224 127 85 0
3 1398 1402 1399 224 127 85 0
3 1395 1394 1402 224 127 85 0
3 1399 1402 1394 224 127 85 0
3 1367 1388 1368 224 127 85 0
3 1385 1403 1388 224 127 85 0
3 1370 1368 1403 224 127 85 0
3 1388 1403 1368 224 127 85 0
3 1382 1401 1383 224 127 85 0
3 1398 1404 1401 224 127 85 0
3 1385 1383 1404 224 127 85 0
3 1401 1404 1383 224 127 85 0
3 1372 1374 1396 224 127 85 0
3 1370 1405 1374 224 127 85 0
3 1398 1396 1405 224 127 85 0
3 1374 1405 1396 224 127 85 0
3 1385 1404 1403 224 127 85 0
3 1398 1405 1404 224 127 85 0
3 1370 1403 1405 224 127 85 0
3 1404 1405 1403 224 127 85 0
3 753 1406 1407 224 127 85 0
3 1408 1409 1406 224 127 85 0
3 1410 1407 1409 224 127 85 0
3 1406 1409 1407 224 127 85 0
3 1411 1412 1413 224 127 85 0
3 1414 1415 1412 224 127 85 0
3 1408 1413 1415 224 127 85 0
3 1412 1415 1413 224 127 85 0
3 1416 1417 1418 224 127 85 0
3 1410 1419 1417 224 127 85 0
3 1414 1418 1419 224 127 85 0
3 1417 1419 1418 224 127 85 0
3 1408 1415 1409 224 127 85 0
3 1414 1419 1415 224 127 85 0
3 1410 1409 1419 224 127 85 0
3 1415 1419 1409 224 127 85 0
3 1420 1421 1422 224 127 85 0
3 1423 1424 1421 224 127 85 0
3 1425 1422 1424 224 127 85 0
3 1421 1424 1422 224 127 85 0
3 1426 1427 1428 224 127 85 0
3 1429 1430 1427 224 127 85 0
3 1423 1428 1430 224 127 85 0
3 1427 1430 1428 224 127 85 0
3 1411 1431 1432 224 127 85 0
3 1425 1433 1431 224 127 85 0
3 1429 1432 1433 224 127 85 0
3 1431 1433 1432 224 127 85 0
3 1423 1430 1424 224 127 85 0
3 1429 1433 1430 224 127 85 0
3 1425 1424 1433 224 127 85 0
3 1430 1433 1424 224 127 85 0
3 1376 1434 1435 224 127 85 0
3 1436 1437 1434 224 127 85 0
3 1438 1435 1437 224 127 85 0
3 1434 1437 1435 224 127 85 0
3 1416 1439 1440 224 127 85 0
3 1441 1442 1439 224 127 85 0
3 1436 1440 1442 224 127 85 0
3 1439 1442 1440 224 127 85 0
3 1426 1443 1444 224 127 85 0
3 1438 1445 1443 224 127 85 0
3 1441 1444 1445 224 127 85 0
3 1443 1445 1444 224 127 85 0
3 1436 1442 1437 224 127 85 0
3 1441 1445 1442 224 127 85 0
3 1438 1437 1445 224 127 85 0
3 1442 1445 1437 224 127 85 0
3 1411 1432 1412 224 127 85 0
3 1429 1446 1432 224 127 85 0
3 1414 1412 1446 224 127 85 0
3 1432 1446 1412 224 127 85 0
3 1426 1444 1427 224 127 85 0
3 1441 1447 1444 224 127 85 0
3 1429 1427 1447 224 127 85 0
3 1444 1447 1427 224 127 85 0
3 1416 1418 1439 224 127 85 0
3 1414 1448 1418 224 127 85 0
3 1441 1439 1448 224 127 85 0
3 1418 1448 1439 224 127 85 0
3 1429 1447 1446 224 127 85 0
3 1441 1448 1447 224 127 85 0
3 1414 1446 1448 224 127 85 0
3 1447 1448 1446 224 127 85 0
3 889 1449 1450 224 127 85 0
3 1451 1452 1449 224 127 85 0
3 1453 1450 1452 224 127 85 0
3 1449 1452 1450 224 127 85 0
3 1454 1455 1456 224 127 85 0
3 1457 1458 1455 224 127 85 0
3 1451 1456 1458 224 127 85 0
3 1455 1458 1456 224 127 85 0
3 1459 1460 1461 224 127 85 0
3 1453 1462 1460 224 127 85 0
3 1457 1461 1462 224 127 85 0
3 1460 1462 1461 224 127 85 0
3 1451 1458 1452 224 127 85 0
3 1457 1462 1458 224 127 85 0
3 1453 1452 1462 224 127 85 0
3 1458 1462 1452 224 127 85 0
3 1390 1463 1464 224 127 85 0
3 1465 1466 1463 224 127 85 0
3 1467 1464 1466 224 127 85 0
3 1463 1466 1464 224 127 85 0
3 1468 1469 1470 224 127 85 0
3 1471 1472 1469 224 127 85 0
3 1465 1470 1472 224 127 85 0
3 1469 1472 1470 224 127 85 0
3 1454 1473 1474 224 127 85 0
3 1467 1475 1473 224 127 85 0
3 1471 1474 1475 224 127 85 0
3 1473 1475 1474 224 127 85 0
3 1465 1472 1466 224 127 85 0
3 1471 1475 1472 224 127 85 0
3 1467 1466 1475 224 127 85 0
3 1472 1475 1466 224 127 85 0
3 1420 1476 1477 224 127 85 0
3 1478 1479 1476 224 127 85 0
3 1480 1477 1479 224 127 85 0
3 1476 1479 1477 224 127 85 0
3 1459 1481 1482 224 127 85 0
3 1483 1484 1481 224 127 85 0
3 1478 1482 1484 224 127 85 0
3 1481 1484 1482 224 127 85 0
3 1468 1485 1486 224 127 85 0
3 1480 1487 1485 224 127 85 0
3 1483 1486 1487 224 127 85 0
3 1485 1487 1486 224 127 85 0
3 1478 1484 1479 224 127 85 0
3 1483 1487 1484 224 127 85 0
3 1480 1479 1487 224 127 85 0
3 1484 1487 1479 224 127 85 0
3 1454 1474 1455 224 127 85 0
3 1471 1488 1474 224 127 85 0
3 1457 1455 1488 224 127 85 0
3 1474 1488 1455 224 127 85 0
3 1468 1486 1469 224 127 85 0
3 1483 1489 1486 224 127 85 0
3 1471 1469 1489 224 127 85 0
3 1486 1489 1469 224 127 85 0
3 1459 1461 1481 224 127 85 0
3 1457 1490 1461 224 127 85 0
3 1483 1481 1490 224 127 85 0
3 1461 1490 1481 224 127 85 0
3 1471 1489 1488 224 127 85 0
3 1483 1490 1489 224 127 85 0
3 1457 1488 1490 224 127 85 0
3 1489 1490 1488 224 127 85 0
3 1376 1435 1377 224 127 85 0
3 1438 1491 1435 224 127 85 0
3 1379 1377 1491 224 127 85 0
3 1435 1491 1377 224 127 85 0
3 1426 1492 1443 224 127 85 0
3 1493 1494 1492 224 127 85 0
3 1438 1443 1494 224 127 85 0
3 1492 1494 1443 224 127 85 0
3 1382 1384 1495 224 127 85 0
3 1379 1496 1384 224 127 85 0
3 1493 1495 1496 224 127 85 0
3 1384 1496 1495 224 127 85 0
3 1438 1494 1491 224 127 85 0
3 1493 1496 1494 224 127 85 0
3 1379 1491 1496 224 127 85 0
3 1494 1496 1491 224 127 85 0
3 1420 1477 1421 224 127 85 0
3 1480 1497 1477 224 127 85 0
3 1423 1421 1497 224 127 85 0
3 1477 1497 1421 224 127 85 0
3 1468 1498 1485 224 127 85 0
3 1499 1500 1498 224 127 85 0
3 1480 1485 1500 224 127 85 0
3 1498 1500 1485 224 127 85 0
3 1426 1428 1501 224 127 85 0
3 1423 1502 1428 224 127 85 0
3 1499 1501 1502 224 127 85 0
3 1428 1502 1501 224 127 85 0
3 1480 1500 1497 224 127 85 0
3 1499 1502 1500 224 127 85 0
3 1423 1497 1502 224 127 85 0
3 1500 1502 1497 224 127 85 0
3 1390 1392 1463 224 127 85 0
3 1395 1503 1392 224 127 85 0
3 1465 1463 1503 224 127 85 0
3 1392 1503 1463 224 127 85 0
3 1382 1504 1400 224 127 85 0
3 1505 1506 1504 224 127 85 0
3 1395 1400 1506 224 127 85 0
3 1504 1506 1400 224 127 85 0
3 1468 1470 1507 224 127 85 0
3 1465 1508 1470 224 127 85 0
3 1505 1507 1508 224 127 85 0
3 1470 1508 1507 224 127 85 0
3 1395 1506 1503 224 127 85 0
3 1505 1508 1506 224 127 85 0
3 1465 1503 1508 224 127 85 0
3 1506 1508 1503 224 127 85 0
3 1426 1501 1492 224 127 85 0
3 1499 1509 1501 224 127 85 0
3 1493 1492 1509 224 127 85 0
3 1501 1509 1492 224 127 85 0
3 1468 1507 1498 224 127 85 0
3 1505 1510 1507 224 127 85 0
3 1499 1498 1510 224 127 85 0
3 1507 1510 1498 224 127 85 0
3 1382 1495 1504 224 127 85 0
3 1493 1511 1495 224 127 85 0
3 1505 1504 1511 224 127 85 0
3 1495 1511 1504 224 127 85 0
3 1499 1510 1509 224 127 85 0
3 1505 1511 1510 224 127 85 0
3 1493 1509 1511 224 127 85 0
3 1510 1511 1509 224 127 85 0
3 1361 1363 1512 224 127 85 0
3 1366 1513 1363 224 127 85 0
3 1514 1512 1513 224 127 85 0
3 1363 1513 1512 224 127 85 0
3 1372 1515 1373 224 127 85 0
3 1516 1517 1515 224 127 85 0
3 1366 1373 1517 224 127 85 0
3 1515 1517 1373 224 127 85 0
3 1518 1519 1520 224 127 85 0
3 1514 1521 1519 224 127 85 0
3 1516 1520 1521 224 127 85 0
3 1519 1521 1520 224 127 85 0
3 1366 1517 1513 224 127 85 0
3 1516 1521 1517 224 127 85 0
3 1514 1513 1521 224 127 85 0
3 1517 1521 1513 224 127 85 0
3 1390 1522 1391 224 127 85 0
3 1523 1524 1522 224 127 85 0
3 1393 1391 1524 224 127 85 0
3 1522 1524 1391 224 127 85 0
3 1525 1526 1527 224 127 85 0
3 1528 1529 1526 224 127 85 0
3 1523 1527 1529 224 127 85 0
3 1526 1529 1527 224 127 85 0
3 1372 1397 1530 224 127 85 0
3 1393 1531 1397 224 127 85 0
3 1528 1530 1531 224 127 85 0
3 1397 1531 1530 224 127 85 0
3 1523 1529 1524 224 127 85 0
3 1528 1531 1529 224 127 85 0
3 1393 1524 1531 224 127 85 0
3 1529 1531 1524 224 127 85 0
3 1532 1533 1534 224 127 85 0
3 1535 1536 1533 224 127 85 0
3 1537 1534 1536 224 127 85 0
3 1533 1536 1534 224 127 85 0
3 1518 1538 1539 224 127 85 0
3 1540 1541 1538 224 127 85 0
3 1535 1539 1541 224 127 85 0
3 1538 1541 1539 224 127 85 0
3 1525 1542 1543 224 127 85 0
3 1537 1544 1542 224 127 85 0
3 1540 1543 1544 224 127 85 0
3 1542 1544 1543 224 127 85 0
3 1535 1541 1536 224 127 85 0
3 1540 1544 1541 224 127 85 0
3 1537 1536 1544 224 127 85 0
3 1541 1544 1536 224 127 85 0
3 1372 1530 1515 224 127 85 0
3 1528 1545 1530 224 127 85 0
3 1516 1515 1545 224 127 85 0
3 1530 1545 1515 224 127 85 0
3 1525 1543 1526 224 127 85 0
3 1540 1546 1543 224 127 85 0
3 1528 1526 1546 224 127 85 0
3 1543 1546 1526 224 127 85 0
3 1518 1520 1538 224 127 85 0
3 1516 1547 1520 224 127 85 0
3 1540 1538 1547 224 127 85 0
3 1520 1547 1538 224 127 85 0
3 1528 1546 1545 224 127 85 0
3 1540 1547 1546 224 127 85 0
3 1516 1545 1547 224 127 85 0
3 1546 1547 1545 224 127 85 0
3 889 1548 1449 224 127 85 0
3 1549 1550 1548 224 127 85 0
3 1451 1449 1550 224 127 85 0
3 1548 1550 1449 224 127 85 0
3 1551 1552 1553 224 127 85 0
3 1554 1555 1552 224 127 85 0
3 1549 1553 1555 224 127 85 0
3 1552 1555 1553 224 127 85 0
3 1454 1456 1556 224 127 85 0
3 1451 1557 1456 224 127 85 0
3 1554 1556 1557 224 127 85 0
3 1456 1557 1556 224 127 85 0
3 1549 1555 1550 224 127 85 0
3 1554 1557 1555 224 127 85 0
3 1451 1550 1557 224 127 85 0
3 1555 1557 1550 224 127 85 0
3 1558 1559 1560 224 127 85 0
3 1561 1562 1559 224 127 85 0
3 1563 1560 1562 224 127 85 0
3 1559 1562 1560 224 127 85 0
3 1564 1565 1566 224 127 85 0
3 1567 1568 1565 224 127 85 0
3 1561 1566 1568 224 127 85 0
3 1565 1568 1566 224 127 85 0
3 1551 1569 1570 224 127 85 0
3 1563 1571 1569 224 127 85 0
3 1567 1570 1571 224 127 85 0
3 1569 1571 1570 224 127 85 0
3 1561 1568 1562 224 127 85 0
3 1567 1571 1568 224 127 85 0
3 1563 1562 1571 224 127 85 0
3 1568 1571 1562 224 127 85 0
3 1390 1464 1572 224 127 85 0
3 1467 1573 1464 224 127 85 0
3 1574 1572 1573 224 127 85 0
3 1464 1573 1572 224 127 85 0
3 1454 1575 1473 224 127 85 0
3 1576 1577 1575 224 127 85 0
3 1467 1473 1577 224 127 85 0
3 1575 1577 1473 224 127 85 0
3 1564 1578 1579 224 127 85 0
3 1574 1580 1578 224 127 85 0
3 1576 1579 1580 224 127 85 0
3 1578 1580 1579 224 127 85 0
3 1467 1577 1573 224 127 85 0
3 1576 1580 1577 224 127 85 0
3 1574 1573 1580 224 127 85 0
3 1577 1580 1573 224 127 85 0
3 1551 1570 1552 224 127 85 0
3 1567 1581 1570 224 127 85 0
3 1554 1552 1581 224 127 85 0
3 1570 1581 1552 224 127 85 0
3 1564 1579 1565 224 127 85 0
3 1576 1582 1579 224 127 85 0
3 1567 1565 1582 224 127 85 0
3 1579 1582 1565 224 127 85 0
3 1454 1556 1575 224 127 85 0
3 1554 1583 1556 224 127 85 0
3 1576 1575 1583 224 127 85 0
3 1556 1583 1575 224 127 85 0
3 1567 1582 1581 224 127 85 0
3 1576 1583 1582 224 127 85 0
3 1554 1581 1583 224 127 85 0
3 1582 1583 1581 224 127 85 0
3 1025 1584 1585 224 127 85 0
3 1586 1587 1584 224 127 85 0
3 1588 1585 1587 224 127 85 0
3 1584 1587 1585 224 127 85 0
3 1589 1590 1591 224 127 85 0
3 1592 1593 1590 224 127 85 0
3 1586 1591 1593 224 127 85 0
3 1590 1593 1591 224 127 85 0
3 1594 1595 1596 224 127 85 0
3 1588 1597 1595 224 127 85 0
3 1592 1596 1597 224 127 85 0
3 1595 1597 1596 224 127 85 0
3 1586 1593 1587 224 127 85 0
3 1592 1597 1593 224 127 85 0
3 1588 1587 1597 224 127 85 0
3 1593 1597 1587 224 127 85 0
3 1532 1598 1599 224 127 85 0
3 1600 1601 1598 224 127 85 0
3 1602 1599 1601 224 127 85 0
3 1598 1601 1599 224 127 85 0
3 1603 1604 1605 224 127 85 0
3 1606 1607 1604 224 127 85 0
3 1600 1605 1607 224 127 85 0
3 1604 1607 1605 224 127 85 0
3 1589 1608 1609 224 127 85 0
3 1602 1610 1608 224 127 85 0
3 1606 1609 1610 224 127 85 0
3 1608 1610 1609 224 127 85 0
3 1600 1607 1601 224 127 85 0
3 1606 1610 1607 224 127 85 0
3 1602 1601 1610 224 127 85 0
3 1607 1610 1601 224 127 85 0
3 1558 1611 1612 224 127 85 0
3 1613 1614 1611 224 127 85 0
3 1615 1612 1614 224 127 85 0
3 1611 1614 1612 224 127 85 0
3 1594 1616 1617 224 127 85 0
3 1618 1619 1616 224 127 85 0
3 1613 1617 1619 224 127 85 0
3 1616 1619 1617 224 127 85 0
3 1603 1620 1621 224 127 85 0
3 1615 1622 1620 224 127 85 0
3 1618 1621 1622 224 127 85 0
3 1620 1622 1621 224 127 85 0
3 1613 1619 1614 224 127 85 0
3 1618 1622 1619 224 127 85 0
3 1615 1614 1622 224 127 85 0
3 1619 1622 1614 224 127 85 0
3 1589 1609 1590 224 127 85 0
3 1606 1623 1609 224 127 85 0
3 1592 1590 1623 224 127 85 0
3 1609 1623 1590 224 127 85 0
3 1603 1621 1604 224 127 85 0
3 1618 1624 1621 224 127 85 0
3 1606 1604 1624 224 127 85 0
3 1621 1624 1604 224 127 85 0
3 1594 1596 1616 224 127 85 0
3 1592 1625 1596 224 127 85 0
3 1618 1616 1625 224 127 85 0
3 1596 1625 1616 224 127 85 0
3 1606 1624 1623 224 127 85 0
3 1618 1625 1624 224 127 85 0
3 1592 1623 1625 224 127 85 0
3 1624 1625 1623 224 127 85 0
3 1390 1572 1522 224 127 85 0
3 1574 1626 1572 224 127 85 0
3 1523 1522 1626 224 127 85 0
3 1572 1626 1522 224 127 85 0
3 1564 1627 1578 224 127 85 0
3 1628 1629 1627 224 127 85 0
3 1574 1578 1629 224 127 85 0
3 1627 1629 1578 224 127 85 0
3 1525 1527 1630 224 127 85 0
3 1523 1631 1527 224 127 85 0
3 1628 1630 1631 224 127 85 0
3 1527 1631 1630 224 127 85 0
3 1574 1629 1626 224 127 85 0
3 1628 1631 1629 224 127 85 0
3 1523 1626 1631 224 127 85 0
3 1629 1631 1626 224 127 85 0
3 1558 1612 1559 224 127 85 0
3 1615 1632 1612 224 127 85 0
3 1561 1559 1632 224 127 85 0
3 1612 1632 1559 224 127 85 0
3 1603 1633 1620 224 127 85 0
3 1634 1635 1633 224 127 85 0
3 1615 1620 1635 224 127 85 0
3 1633 1635 1620 224 127 85 0
3 1564 1566 1636 224 127 85 0
3 1561 1637 1566 224 127 85 0
3 1634 1636 1637 224 127 85 0
3 1566 1637 1636 224 127 85 0
3 1615 1635 1632 224 127 85 0
3 1634 1637 1635 224 127 85 0
3 1561 1632 1637 224 127 85 0
3 1635 1637 1632 224 127 85 0
3 1532 1534 1598 224 127 85 0
3 1537 1638 1534 224 127 85 0
3 1600 1598 1638 224 127 85 0
3 1534 1638 1598 224 127 85 0
3 1525 1639 1542 224 127 85 0
3 1640 1641 1639 224 127 85 0
3 1537 1542 1641 224 127 85 0
3 1639 1641 1542 224 127 85 0
3 1603 1605 1642 224 127 85 0
3 1600 1643 1605 224 127 85 0
3 1640 1642 1643 224 127 85 0
3 1605 1643 1642 224 127 85 0
3 1537 1641 1638 224 127 85 0
3 1640 1643 1641 224 127 85 0
3 1600 1638 1643 224 127 85 0
3 1641 1643 1638 224 127 85 0
3 1564 1636 1627 224 127 85 0
3 1634 1644 1636 224 127 85 0
3 1628 1627 1644 224 127 85 0
3 1636 1644 1627 224 127 85 0
3 1603 1642 1633 224 127 85 0
3 1640 1645 1642 224 127 85 0
3 1634 1633 1645 224 127 85 0
3 1642 1645 1633 224 127 85 0
3 1525 1630 1639 224 127 85 0
3 1628 1646 1630 224 127 85 0
3 1640 1639 1646 224 127 85 0
3 1630 1646 1639 224 127 85 0
3 1634 1645 1644 224 127 85 0
3 1640 1646 1645 224 127 85 0
3 1628 1644 1646 224 127 85 0
3 1645 1646 1644 224 127 85 0
3 1361 1512 1647 224 127 85 0
3 1514 1648 1512 224 127 85 0
3 1649 1647 1648 224 127 85 0
3 1512 1648 1647 224 127 85 0
3 1518 1650 1519 224 127 85 0
3 1651 1652 1650 224 127 85 0
3 1514 1519 1652 224 127 85 0
3 1650 1652 1519 224 127 85 0
3 1653 1654 1655 224 127 85 0
3 1649 1656 1654 224 127 85 0
3 1651 1655 1656 224 127 85 0
3 1654 1656 1655 224 127 85 0
3 1514 1652 1648 224 127 85 0
3 1651 1656 1652 224 127 85 0
3 1649 1648 1656 224 127 85 0
3 1652 1656 1648 224 127 85 0
3 1532 1657 1533 224 127 85 0
3 1658 1659 1657 224 127 85 0
3 1535 1533 1659 224 127 85 0
3 1657 1659 1533 224 127 85 0
3 1660 1661 1662 224 127 85 0
3 1663 1664 1661 224 127 85 0
3 1658 1662 1664 224 127 85 0
3 1661 1664 1662 224 127 85 0
3 1518 1539 1665 224 127 85 0
3 1535 1666 1539 224 127 85 0
3 1663 1665 1666 224 127 85 0
3 1539 1666 1665 224 127 85 0
3 1658 1664 1659 224 127 85 0
3 1663 1666 1664 224 127 85 0
3 1535 1659 1666 224 127 85 0
3 1664 1666 1659 224 127 85 0
3 1667 1668 1669 224 127 85 0
3 1670 1671 1668 224 127 85 0
3 1672 1669 1671 224 127 85 0
3 1668 1671 1669 224 127 85 0
3 1653 1673 1674 224 127 85 0
3 1675 1676 1673 224 127 85 0
3 1670 1674 1676 224 127 85 0
3 1673 1676 1674 224 127 85 0
3 1660 1677 1678 224 127 85 0
3 1672 1679 1677 224 127 85 0
3 1675 1678 1679 224 127 85 0
3 1677 1679 1678 224 127 85 0
3 1670 1676 1671 224 127 85 0
3 1675 1679 1676 224 127 85 0
3 1672 1671 1679 224 127 85 0
3 1676 1679 1671 224 127 85 0
3 1518 1665 1650 224 127 85 0
3 1663 1680 1665 224 127 85 0
3 1651 1650 1680 224 127 85 0
3 1665 1680 1650 224 127 85 0
3 1660 1678 1661 224 127 85 0
3 1675 1681 1678 224 127 85 0
3 1663 1661 1681 224 127 85 0
3 1678 1681 1661 224 127 85 0
3 1653 1655 1673 224 127 85 0
3 1651 1682 1655 224 127 85 0
3 1675 1673 1682 224 127 85 0
3 1655 1682 1673 224 127 85 0
3 1663 1681 1680 224 127 85 0
3 1675 1682 1681 224 127 85 0
3 1651 1680 1682 224 127 85 0
3 1681 1682 1680 224 127 85 0
3 1025 1683 1584 224 127 85 0
3 1684 1685 1683 224 127 85 0
3 1586 1584 1685 224 127 85 0
3 1683 1685 1584 224 127 85 0
3 1686 1687 1688 224 127 85 0
3 1689 1690 1687 224 127 85 0
3 1684 1688 1690 224 127 85 0
3 1687 1690 1688 224 127 85 0
3 1589 1591 1691 224 127 85 0
3 1586 1692 1591 224 127 85 0
3 1689 1691 1692 224 127 85 0
3 1591 1692 1691 224 127 85 0
3 1684 1690 1685 224 127 85 0
3 1689 1692 1690 224 127 85 0
3 1586 1685 1692 224 127 85 0
3 1690 1692 1685 224 127 85 0
3 1693 1694 1695 224 127 85 0
3 1696 1697 1694 224 127 85 0
3 1698 1695 1697 224 127 85 0
3 1694 1697 1695 224 127 85 0
3 1699 1700 1701 224 127 85 0
3 1702 1703 1700 224 127 85 0
3 1696 1701 1703 224 127 85 0
3 1700 1703 1701 224 127 85 0
3 1686 1704 1705 224 127 85 0
3 1698 1706 1704 224 127 85 0
3 1702 1705 1706 224 127 85 0
3 1704 1706 1705 224 127 85 0
3 1696 1703 1697 224 127 85 0
3 1702 1706 1703 224 127 85 0
3 1698 1697 1706 224 127 85 0
3 1703 1706 1697 224 127 85 0
3 1532 1599 1707 224 127 85 0
3 1602 1708 1599 224 127 85 0
3 1709 1707 1708 224 127 85 0
3 1599 1708 1707 224 127 85 0
3 1589 1710 1608 224 127 85 0
3 1711 1712 1710 224 127 85 0
3 1602 1608 1712 224 127 85 0
3 1710 1712 1608 224 127 85 0
3 1699 1713 1714 224 127 85 0
3 1709 1715 1713 224 127 85 0
3 1711 1714 1715 224 127 85 0
3 1713 1715 1714 224 127 85 0
3 1602 1712 1708 224 127 85 0
3 1711 1715 1712 224 127 85 0
3 1709 1708 1715 224 127 85 0
3 1712 1715 1708 224 127 85 0
3 1686 1705 1687 224 127 85 0
3 1702 1716 1705 224 127 85 0
3 1689 1687 1716 224 127 85 0
3 1705 1716 1687 224 127 85 0
3 1699 1714 1700 224 127 85 0
3 1711 1717 1714 224 127 85 0
3 1702 1700 1717 224 127 85 0
3 1714 1717 1700 224 127 85 0
3 1589 1691 1710 224 127 85 0
3 1689 1718 1691 224 127 85 0
3 1711 1710 1718 224 127 85 0
3 1691 1718 1710 224 127 85 0
3 1702 1717 1716 224 127 85 0
3 1711 1718 1717 224 127 85 0
3 1689 1716 1718 224 127 85 0
3 1717 1718 1716 224 127 85 0
3 1161 1719 1720 224 127 85 0
3 1721 1722 1719 224 127 85 0
3 1723 1720 1722 224 127 85 0
3 1719 1722 1720 224 127 85 0
3 1724 1725 1726 224 127 85 0
3 1727 1728 1725 224 127 85 0
3 1721 1726 1728 224 127 85 0
3 1725 1728 1726 224 127 85 0
3 1729 1730 1731 224 127 85 0
3 1723 1732 1730 224 127 85 0
3 1727 1731 1732 224 127 85 0
3 1730 1732 1731 224 127 85 0
3 1721 1728 1722 224 127 85 0
3 1727 1732 1728 224 127 85 0
3 1723 1722 1732 224 127 85 0
3 1728 1732 1722 224 127 85 0
3 1667 1733 1734 224 127 85 0
3 1735 1736 1733 224 127 85 0
3 1737 1734 1736 224 127 85 0
3 1733 1736 1734 224 127 85 0
3 1738 1739 1740 224 127 85 0
3 1741 1742 1739 224 127 85 0
3 1735 1740 1742 224 127 85 0
3 1739 1742 1740 224 127 85 0
3 1724 1743 1744 224 127 85 0
3 1737 1745 1743 224 127 85 0
3 1741 1744 1745 224 127 85 0
3 1743 1745 1744 224 127 85 0
3 1735 1742 1736 224 127 85 0
3 1741 1745 1742 224 127 85 0
3 1737 1736 1745 224 127 85 0
3 1742 1745 1736 224 127 85 0
3 1693 1746 1747 224 127 85 0
3 1748 1749 1746 224 127 85 0
3 1750 1747 1749 224 127 85 0
3 1746 1749 1747 224 127 85 0
3 1729 1751 1752 224 127 85 0
3 1753 1754 1751 224 127 85 0
3 1748 1752 1754 224 127 85 0
3 1751 1754 1752 224 127 85 0
3 1738 1755 1756 224 127 85 0
3 1750 1757 1755 224 127 85 0
3 1753 1756 1757 224 127 85 0
3 1755 1757 1756 224 127 85 0
3 1748 1754 1749 224 127 85 0
3 1753 1757 1754 224 127 85 0
3 1750 1749 1757 224 127 85 0
3 1754 1757 1749 224 127 85 0
3 1724 1744 1725 224 127 85 0
3 1741 1758 1744 224 127 85 0
3 1727 1725 1758 224 127 85 0
3 1744 1758 1725 224 127 85 0
3 1738 1756 1739 224 127 85 0
3 1753 1759 1756 224 127 85 0
3 1741 1739 1759 224 127 85 0
3 1756 1759 1739 224 127 85 0
3 1729 1731 1751 224 127 85 0
3 1727 1760 1731 224 127 85 0
3 1753 1751 1760 224 127 85 0
3 1731 1760 1751 224 127 85 0
3 1741 1759 1758 224 127 85 0
3 1753 1760 1759 224 127 85 0
3 1727 1758 1760 224 127 85 0
3 1759 1760 1758 224 127 85 0
3 1532 1707 1657 224 127 85 0
3 1709 1761 1707 224 127 85 0
3 1658 1657 1761 224 127 85 0
3 1707 1761 1657 224 127 85 0
3 1699 1762 1713 224 127 85 0
3 1763 1764 1762 224 127 85 0
3 1709 1713 1764 224 127 85 0
3 1762 1764 1713 224 127 85 0
3 1660 1662 1765 224 127 85 0
3 1658 1766 1662 224 127 85 0
3 1763 1765 1766 224 127 85 0
3 1662 1766 1765 224 127 85 0
3 1709 1764 1761 224 127 85 0
3 1763 1766 1764 224 127 85 0
3 1658 1761 1766 224 127 85 0
3 1764 1766 1761 224 127 85 0
3 1693 1747 1694 224 127 85 0
3 1750 1767 1747 224 127 85 0
3 1696 1694 1767 224 127 85 0
3 1747 1767 1694 224 127 85 0
3 1738 1768 1755 224 127 85 0
3 1769 1770 1768 224 127 85 0
3 1750 1755 1770 224 127 85 0
3 1768 1770 1755 224 127 85 0
3 1699 1701 1771 224 127 85 0
3 1696 1772 1701 224 127 85 0
3 1769 1771 1772 224 127 85 0
3 1701 1772 1771 224 127 85 0
3 1750 1770 1767 224 127 85 0
3 1769 1772 1770 224 127 85 0
3 1696 1767 1772 224 127 85 0
3 1770 1772 1767 224 127 85 0
3 1667 1669 1733 224 127 85 0
3 1672 1773 1669 224 127 85 0
3 1735 1733 1773 224 127 85 0
3 1669 1773 1733 224 127 85 0
3 1660 1774 1677 224 127 85 0
3 1775 1776 1774 224 127 85 0
3 1672 1677 1776 224 127 85 0
3 1774 1776 1677 224 127 85 0
3 1738 1740 1777 224 127 85 0
3 1735 1778 1740 224 127 85 0
3 1775 1777 1778 224 127 85 0
3 1740 1778 1777 224 127 85 0
3 1672 1776 1773 224 127 85 0
3 1775 1778 1776 224 127 85 0
3 1735 1773 1778 224 127 85 0
3 1776 1778 1773 224 127 85 0
3 1699 1771 1762 224 127 85 0
3 1769 1779 1771 224 127 85 0
3 1763 1762 1779 224 127 85 0
3 1771 1779 1762 224 127 85 0
3 1738 1777 1768 224 127 85 0
3 1775 1780 1777 224 127 85 0
3 1769 1768 1780 224 127 85 0
3 1777 1780 1768 224 127 85 0
3 1660 1765 1774 224 127 85 0
3 1763 1781 1765 224 127 85 0
3 1775 1774 1781 224 127 85 0
3 1765 1781 1774 224 127 85 0
3 1769 1780 1779 224 127 85 0
3 1775 1781 1780 224 127 85 0
3 1763 1779 1781 224 127 85 0
3 1780 1781 1779 224 127 85 0
3 1361 1647 1782 224 127 85 0
3 1649 1783 1647 224 127 85 0
3 1784 1782 1783 224 127 85 0
3 1647 1783 1782 224 127 85 0
3 1653 1785 1654 224 127 85 0
3 1786 1787 1785 224 127 85 0
3 1649 1654 1787 224 127 85 0
3 1785 1787 1654 224 127 85 0
3 1788 1789 1790 224 127 85 0
3 1784 1791 1789 224 127 85 0
3 1786 1790 1791 224 127 85 0
3 1789 1791 1790 224 127 85 0
3 1649 1787 1783 224 127 85 0
3 1786 1791 1787 224 127 85 0
3 1784 1783 1791 224 127 85 0
3 1787 1791 1783 224 127 85 0
3 1667 1792 1668 224 127 85 0
3 1793 1794 1792 224 127 85 0
3 1670 1668 1794 224 127 85 0
3 1792 1794 1668 224 127 85 0
3 1795 1796 1797 224 127 85 0
3 1798 1799 1796 224 127 85 0
3 1793 1797 1799 224 127 85 0
3 1796 1799 1797 224 127 85 0
3 1653 1674 1800 224 127 85 0
3 1670 1801 1674 224 127 85 0
3 1798 1800 1801 224 127 85 0
3 1674 1801 1800 224 127 85 0
3 1793 1799 1794 224 127 85 0
3 1798 1801 1799 224 127 85 0
3 1670 1794 1801 224 127 85 0
3 1799 1801 1794 224 127 85 0
3 1802 1803 1804 224 127 85 0
3 1805 1806 1803 224 127 85 0
3 1807 1804 1806 224 127 85 0
3 1803 1806 1804 224 127 85 0
3 1788 1808 1809 224 127 85 0
3 1810 1811 1808 224 127 85 0
3 1805 1809 1811 224 127 85 0
3 1808 1811 1809 224 127 85 0
3 1795 1812 1813 224 127 85 0
3 1807 1814 1812 224 127 85 0
3 1810 1813 1814 224 127 85 0
3 1812 1814 1813 224 127 85 0
3 1805 1811 1806 224 127 85 0
3 1810 1814 1811 224 127 85 0
3 1807 1806 1814 224 127 85 0
3 1811 1814 1806 224 127 85 0
3 1653 1800 1785 224 127 85 0
3 1798 1815 1800 224 127 85 0
3 1786 1785 1815 224 127 85 0
3 1800 1815 1785 224 127 85 0
3 1795 1813 1796 224 127 85 0
3 1810 1816 1813 224 127 85 0
3 1798 1796 1816 224 127 85 0
3 1813 1816 1796 224 127 85 0
3 1788 1790 1808 224 127 85 0
3 1786 1817 1790 224 127 85 0
3 1810 1808 1817 224 127 85 0
3 1790 1817 1808 224 127 85 0
3 1798 1816 1815 224 127 85 0
3 1810 1817 1816 224 127 85 0
3 1786 1815 1817 224 127 85 0
3 1816 1817 1815 224 127 85 0
3 1161 1818 1719 224 127 85 0
3 1819 1820 1818 224 127 85 0
3 1721 1719 1820 224 127 85 0
3 1818 1820 1719 224 127 85 0
3 1821 1822 1823 224 127 85 0
3 1824 1825 1822 224 127 85 0
3 1819 1823 1825 224 127 85 0
3 1822 1825 1823 224 127 85 0
3 1724 1726 1826 224 127 85 0
3 1721 1827 1726 224 127 85 0
3 1824 1826 1827 224 127 85 0
3 1726 1827 1826 224 127 85 0
3 1819 1825 1820 224 127 85 0
3 1824 1827 1825 224 127 85 0
3 1721 1820 1827 224 127 85 0
3 1825 1827 1820 224 127 85 0
3 1828 1829 1830 224 127 85 0
3 1831 1832 1829 224 127 85 0
3 1833 1830 1832 224 127 85 0
3 1829 1832 1830 224 127 85 0
3 1834 1835 1836 224 127 85 0
3 1837 1838 1835 224 127 85 0
3 1831 1836 1838 224 127 85 0
3 1835 1838 1836 224 127 85 0
3 1821 1839 1840 224 127 85 0
3 1833 1841 1839 224 127 85 0
3 1837 1840 1841 224 127 85 0
3 1839 1841 1840 224 127 85 0
3 1831 1838 1832 224 127 85 0
3 1837 1841 1838 224 127 85 0
3 1833 1832 1841 224 127 85 0
3 1838 1841 1832 224 127 85 0
3 1667 1734 1842 224 127 85 0
3 1737 1843 1734 224 127 85 0
3 1844 1842 1843 224 127 85 0
3 1734 1843 1842 224 127 85 0
3 1724 1845 1743 224 127 85 0
3 1846 1847 1845 224 127 85 0
3 1737 1743 1847 224 127 85 0
3 1845 1847 1743 224 127 85 0
3 1834 1848 1849 224 127 85 0
3 1844 1850 1848 224 127 85 0
3 1846 1849 1850 224 127 85 0
3 1848 1850 1849 224 127 85 0
3 1737 1847 1843 224 127 85 0
3 1846 1850 1847 224 127 85 0
3 1844 1843 1850 224 127 85 0
3 1847 1850 1843 224 127 85 0
3 1821 1840 1822 224 127 85 0
3 1837 1851 1840 224 127 85 0
3 1824 1822 1851 224 127 85 0
3 1840 1851 1822 224 127 85 0
3 1834 1849 1835 224 127 85 0
3 1846 1852 1849 224 127 85 0
3 1837 1835 1852 224 127 85 0
3 1849 1852 1835 224 127 85 0
3 1724 1826 1845 224 127 85 0
3 1824 1853 1826 224 127 85 0
3 1846 1845 1853 224 127 85 0
3 1826 1853 1845 224 127 85 0
3 1837 1852 1851 224 127 85 0
3 1846 1853 1852 224 127 85 0
3 1824 1851 1853 224 127 85 0
3 1852 1853 1851 224 127 85 0
3 1297 1854 1855 224 127 85 0
3 1856 1857 1854 224 127 85 0
3 1858 1855 1857 224 127 85 0
3 1854 1857 1855 224 127 85 0
3 1859 1860 1861 224 127 85 0
3 1862 1863 1860 224 127 85 0
3 1856 1861 1863 224 127 85 0
3 1860 1863 1861 224 127 85 0
3 1864 1865 1866 224 127 85 0
3 1858 1867 1865 224 127 85 0
3 1862 1866 1867 224 127 85 0
3 1865 1867 1866 224 127 85 0
3 1856 1863 1857 224 127 85 0
3 1862 1867 1863 224 127 85 0
3 1858 1857 1867 224 127 85 0
3 1863 1867 1857 224 127 85 0
3 1802 1868 1869 224 127 85 0
3 1870 1871 1868 224 127 85 0
3 1872 1869 1871 224 127 85 0
3 1868 1871 1869 224 127 85 0
3 1873 1874 1875 224 127 85 0
3 1876 1877 1874 224 127 85 0
3 1870 1875 1877 224 127 85 0
3 1874 1877 1875 224 127 85 0
3 1859 1878 1879 224 127 85 0
3 1872 1880 1878 224 127 85 0
3 1876 1879 1880 224 127 85 0
3 1878 1880 1879 224 127 85 0
3 1870 1877 1871 224 127 85 0
3 1876 1880 1877 224 127 85 0
3 1872 1871 1880 224 127 85 0
3 1877 1880 1871 224 127 85 0
3 1828 1881 1882 224 127 85 0
3 1883 1884 1881 224 127 85 0
3 1885 1882 1884 224 127 85 0
3 1881 1884 1882 224 127 85 0
3 1864 1886 1887 224 127 85 0
3 1888 1889 1886 224 127 85 0
3 1883 1887 1889 224 127 85 0
3 1886 1889 1887 224 127 85 0
3 1873 1890 1891 224 127 85 0
3 1885 1892 1890 224 127 85 0
3 1888 1891 1892 224 127 85 0
3 1890 1892 1891 224 127 85 0
3 1883 1889 1884 224 127 85 0
3 1888 1892 1889 224 127 85 0
3 1885 1884 1892 224 127 85 0
3 1889 1892 1884 224 127 85 0
3 1859 1879 1860 224 127 85 0
3 1876 1893 1879 224 127 85 0
3 1862 1860 1893 224 127 85 0
3 1879 1893 1860 224 127 85 0
3 1873 1891 1874 224 127 85 0
3 1888 1894 1891 224 127 85 0
3 1876 1874 1894 224 127 85 0
3 1891 1894 1874 224 127 85 0
3 1864 1866 1886 224 127 85 0
3 1862 1895 1866 224 127 85 0
3 1888 1886 1895 224 127 85 0
3 1866 1895 1886 224 127 85 0
3 1876 1894 1893 224 127 85 0
3 1888 1895 1894 224 127 85 0
3 1862 1893 1895 224 127 85 0
3 1894 1895 1893 224 127 85 0
3 1667 1842 1792 224 127 85 0
3 1844 1896 1842 224 127 85 0
3 1793 1792 1896 224 127 85 0
3 1842 1896 1792 224 127 85 0
3 1834 1897 1848 224 127 85 0
3 1898 1899 1897 224 127 85 0
3 1844 1848 1899 224 127 85 0
3 1897 1899 1848 224 127 85 0
3 1795 1797 1900 224 127 85 0
3 1793 1901 1797 224 127 85 0
3 1898 1900 1901 224 127 85 0
3 1797 1901 1900 224 127 85 0
3 1844 1899 1896 224 127 85 0
3 1898 1901 1899 224 127 85 0
3 1793 1896 1901 224 127 85 0
3 1899 1901 1896 224 127 85 0
3 1828 1882 1829 224 127 85 0
3 1885 1902 1882 224 127 85 0
3 1831 1829 1902 224 127 85 0
3 1882 1902 1829 224 127 85 0
3 1873 1903 1890 224 127 85 0
3 1904 1905 1903 224 127 85 0
3 1885 1890 1905 224 127 85 0
3 1903 1905 1890 224 127 85 0
3 1834 1836 1906 224 127 85 0
3 1831 1907 1836 224 127 85 0
3 1904 1906 1907 224 127 85 0
3 1836 1907 1906 224 127 85 0
3 1885 1905 1902 224 127 85 0
3 1904 1907 1905 224 127 85 0
3 1831 1902 1907 224 127 85 0
3 1905 1907 1902 224 127 85 0
3 1802 1804 1868 224 127 85 0
3 1807 1908 1804 224 127 85 0
3 1870 1868 1908 224 127 85 0
3 1804 1908 1868 224 127 85 0
3 1795 1909 1812 224 127 85 0
3 1910 1911 1909 224 127 85 0
3 1807 1812 1911 224 127 85 0
3 1909 1911 1812 224 127 85 0
3 1873 1875 1912 224 127 85 0
3 1870 1913 1875 224 127 85 0
3 1910 1912 1913 224 127 85 0
3 1875 1913 1912 224 127 85 0
3 1807 1911 1908 224 127 85 0
3 1910 1913 1911 224 127 85 0
3 1870 1908 1913 224 127 85 0
3 1911 1913 1908 224 127 85 0
3 1834 1906 1897 224 127 85 0
3 1904 1914 1906 224 127 85 0
3 1898 1897 1914 224 127 85 0
3 1906 1914 1897 224 127 85 0
3 1873 1912 1903 224 127 85 0
3 1910 1915 1912 224 127 85 0
3 1904 1903 1915 224 127 85 0
3 1912 1915 1903 224 127 85 0
3 1795 1900 1909 224 127 85 0
3 1898 1916 1900 224 127 85 0
3 1910 1909 1916 224 127 85 0
3 1900 1916 1909 224 127 85 0
3 1904 1915 1914 224 127 85 0
3 1910 1916 1915 224 127 85 0
3 1898 1914 1916 224 127 85 0
3 1915 1916 1914 224 127 85 0
3 1361 1782 1362 224 127 85 0
3 1784 1917 1782 224 127 85 0
3 1364 1362 1917 224 127 85 0
3 1782 1917 1362 224 127 85 0
3 1788 1918 1789 224 127 85 0
3 1919 1920 1918 224 127 85 0
3 1784 1789 1920 224 127 85 0
3 1918 1920 1789 224 127 85 0
3 1367 1369 1921 224 127 85 0
3 1364 1922 1369 224 127 85 0
3 1919 1921 1922 224 127 85 0
3 1369 1922 1921 224 127 85 0
3 1784 1920 1917 224 127 85 0
3 1919 1922 1920 224 127 85 0
3 1364 1917 1922 224 127 85 0
3 1920 1922 1917 224 127 85 0
3 1802 1923 1803 224 127 85 0
3 1924 1925 1923 224 127 85 0
3 1805 1803 1925 224 127 85 0
3 1923 1925 1803 224 127 85 0
3 1926 1927 1928 224 127 85 0
3 1929 1930 1927 224 127 85 0
3 1924 1928 1930 224 127 85 0
3 1927 1930 1928 224 127 85 0
3 1788 1809 1931 224 127 85 0
3 1805 1932 1809 224 127 85 0
3 1929 1931 1932 224 127 85 0
3 1809 1932 1931 224 127 85 0
3 1924 1930 1925 224 127 85 0
3 1929 1932 1930 224 127 85 0
3 1805 1925 1932 224 127 85 0
3 1930 1932 1925 224 127 85 0
3 1376 1378 1933 224 127 85 0
3 1381 1934 1378 224 127 85 0
3 1935 1933 1934 224 127 85 0
3 1378 1934 1933 224 127 85 0
3 1367 1936 1387 224 127 85 0
3 1937 1938 1936 224 127 85 0
3 1381 1387 1938 224 127 85 0
3 1936 1938 1387 224 127 85 0
3 1926 1939 1940 224 127 85 0
3 1935 1941 1939 224 127 85 0
3 1937 1940 1941 224 127 85 0
3 1939 1941 1940 224 127 85 0
3 1381 1938 1934 224 127 85 0
3 1937 1941 1938 224 127 85 0
3 1935 1934 1941 224 127 85 0
3 1938 1941 1934 224 127 85 0
3 1788 1931 1918 224 127 85 0
3 1929 1942 1931 224 127 85 0
3 1919 1918 1942 224 127 85 0
3 1931 1942 1918 224 127 85 0
3 1926 1940 1927 224 127 85 0
3 1937 1943 1940 224 127 85 0
3 1929 1927 1943 224 127 85 0
3 1940 1943 1927 224 127 85 0
3 1367 1921 1936 224 127 85 0
3 1919 1944 1921 224 127 85 0
3 1937 1936 1944 224 127 85 0
3 1921 1944 1936 224 127 85 0
3 1929 1943 1942 224 127 85 0
3 1937 1944 1943 224 127 85 0
3 1919 1942 1944 224 127 85 0
3 1943 1944 1942 224 127 85 0
3 1297 1945 1854 224 127 85 0
3 1946 1947 1945 224 127 85 0
3 1856 1854 1947 224 127 85 0
3 1945 1947 1854 224 127 85 0
3 1948 1949 1950 224 127 85 0
3 1951 1952 1949 224 127 85 0
3 1946 1950 1952 224 127 85 0
3 1949 1952 1950 224 127 85 0
3 1859 1861 1953 224 127 85 0
3 1856 1954 1861 224 127 85 0
3 1951 1953 1954 224 127 85 0
3 1861 1954 1953 224 127 85 0
3 1946 1952 1947 224 127 85 0
3 1951 1954 1952 224 127 85 0
3 1856 1947 1954 224 127 85 0
3 1952 1954 1947 224 127 85 0
3 1955 1956 1957 224 127 85 0
3 1958 1959 1956 224 127 85 0
3 1960 1957 1959 224 127 85 0
3 1956 1959 1957 224 127 85 0
3 1961 1962 1963 224 127 85 0
3 1964 1965 1962 224 127 85 0
3 1958 1963 1965 224 127 85 0
3 1962 1965 1963 224 127 85 0
3 1948 1966 1967 224 127 85 0
3 1960 1968 1966 224 127 85 0
3 1964 1967 1968 224 127 85 0
3 1966 1968 1967 224 127 85 0
3 1958 1965 1959 224 127 85 0
3 1964 1968 1965 224 127 85 0
3 1960 1959 1968 224 127 85 0
3 1965 1968 1959 224 127 85 0
3 1802 1869 1969 224 127 85 0
3 1872 1970 1869 224 127 85 0
3 1971 1969 1970 224 127 85 0
3 1869 1970 1969 224 127 85 0
3 1859 1972 1878 224 127 85 0
3 1973 1974 1972 224 127 85 0
3 1872 1878 1974 224 127 85 0
3 1972 1974 1878 224 127 85 0
3 1961 1975 1976 224 127 85 0
3 1971 1977 1975 224 127 85 0
3 1973 1976 1977 224 127 85 0
3 1975 1977 1976 224 127 85 0
3 1872 1974 1970 224 127 85 0
3 1973 1977 1974 224 127 85 0
3 1971 1970 1977 224 127 85 0
3 1974 1977 1970 224 127 85 0
3 1948 1967 1949 224 127 85 0
3 1964 1978 1967 224 127 85 0
3 1951 1949 1978 224 127 85 0
3 1967 1978 1949 224 127 85 0
3 1961 1976 1962 224 127 85 0
3 1973 1979 1976 224 127 85 0
3 1964 1962 1979 224 127 85 0
3 1976 1979 1962 224 127 85 0
3 1859 1953 1972 224 127 85 0
3 1951 1980 1953 224 127 85 0
3 1973 1972 1980 224 127 85 0
3 1953 1980 1972 224 127 85 0
3 1964 1979 1978 224 127 85 0
3 1973 1980 1979 224 127 85 0
3 1951 1978 1980 224 127 85 0
3 1979 1980 1978 224 127 85 0
3 753 1407 1981 224 127 85 0
3 1410 1982 1407 224 127 85 0
3 1983 1981 1982 224 127 85 0
3 1407 1982 1981 224 127 85 0
3 1416 1984 1417 224 127 85 0
3 1985 1986 1984 224 127 85 0
3 1410 1417 1986 224 127 85 0
3 1984 1986 1417 224 127 85 0
3 1987 1988 1989 224 127 85 0
3 1983 1990 1988 224 127 85 0
3 1985 1989 1990 224 127 85 0
3 1988 1990 1989 224 127 85 0
3 1410 1986 1982 224 127 85 0
3 1985 1990 1986 224 127 85 0
3 1983 1982 1990 224 127 85 0
3 1986 1990 1982 224 127 85 0
3 1376 1991 1434 224 127 85 0
3 1992 1993 1991 224 127 85 0
3 1436 1434 1993 224 127 85 0
3 1991 1993 1434 224 127 85 0
3 1994 1995 1996 224 127 85 0
3 1997 1998 1995 224 127 85 0
3 1992 1996 1998 224 127 85 0
3 1995 1998 1996 224 127 85 0
3 1416 1440 1999 224 127 85 0
3 1436 2000 1440 224 127 85 0
3 1997 1999 2000 224 127 85 0
3 1440 2000 1999 224 127 85 0
3 1992 1998 1993 224 127 85 0
3 1997 2000 1998 224 127 85 0
3 1436 1993 2000 224 127 85 0
3 1998 2000 1993 224 127 85 0
3 1955 2001 2002 224 127 85 0
3 2003 2004 2001 224 127 85 0
3 2005 2002 2004 224 127 85 0
3 2001 2004 2002 224 127 85 0
3 1987 2006 2007 224 127 85 0
3 2008 2009 2006 224 127 85 0
3 2003 2007 2009 224 127 85 0
3 2006 2009 2007 224 127 85 0
3 1994 2010 2011 224 127 85 0
3 2005 2012 2010 224 127 85 0
3 2008 2011 2012 224 127 85 0
3 2010 2012 2011 224 127 85 0
3 2003 2009 2004 224 127 85 0
3 2008 2012 2009 224 127 85 0
3 2005 2004 2012 224 127 85 0
3 2009 2012 2004 224 127 85 0
3 1416 1999 1984 224 127 85 0
3 1997 2013 1999 224 127 85 0
3 1985 1984 2013 224 127 85 0
3 1999 2013 1984 224 127 85 0
3 1994 2011 1995 224 127 85 0
3 2008 2014 2011 224 127 85 0
3 1997 1995 2014 224 127 85 0
3 2011 2014 1995 224 127 85 0
3 1987 1989 2006 224 127 85 0
3 1985 2015 1989 224 127 85 0
3 2008 2006 2015 224 127 85 0
3 1989 2015 2006 224 127 85 0
3 1997 2014 2013 224 127 85 0
3 2008 2015 2014 224 127 85 0
3 1985 2013 2015 224 127 85 0
3 2014 2015 2013 224 127 85 0
3 1802 1969 1923 224 127 85 0
3 1971 2016 1969 224 127 85 0
3 1924 1923 2016 224 127 85 0
3 1969 2016 1923 224 127 85 0
3 1961 2017 1975 224 127 85 0
3 2018 2019 2017 224 127 85 0
3 1971 1975 2019 224 127 85 0
3 2017 2019 1975 224 127 85 0
3 1926 1928 2020 224 127 85 0
3 1924 2021 1928 224 127 85 0
3 2018 2020 2021 224 127 85 0
3 1928 2021 2020 224 127 85 0
3 1971 2019 2016 224 127 85 0
3 2018 2021 2019 224 127 85 0
3 1924 2016 2021 224 127 85 0
3 2019 2021 2016 224 127 85 0
3 1955 2002 1956 224 127 85 0
3 2005 2022 2002 224 127 85 0
3 1958 1956 2022 224 127 85 0
3 2002 2022 1956 224 127 85 0
3 1994 2023 2010 224 127 85 0
3 2024 2025 2023 224 127 85 0
3 2005 2010 2025 224 127 85 0
3 2023 2025 2010 224 127 85 0
3 1961 1963 2026 224 127 85 0
3 1958 2027 1963 224 127 85 0
3 2024 2026 2027 224 127 85 0
3 1963 2027 2026 224 127 85 0
3 2005 2025 2022 224 127 85 0
3 2024 2027 2025 224 127 85 0
3 1958 2022 2027 224 127 85 0
3 2025 2027 2022 224 127 85 0
3 1376 1933 1991 224 127 85 0
3 1935 2028 1933 224 127 85 0
3 1992 1991 2028 224 127 85 0
3 1933 2028 1991 224 127 85 0
3 1926 2029 1939 224 127 85 0
3 2030 2031 2029 224 127 85 0
3 1935 1939 2031 224 127 85 0
3 2029 2031 1939 224 127 85 0
3 1994 1996 2032 224 127 85 0
3 1992 2033 1996 224 127 85 0
3 2030 2032 2033 224 127 85 0
3 1996 2033 2032 224 127 85 0
3 1935 2031 2028 224 127 85 0
3 2030 2033 2031 224 127 85 0
3 1992 2028 2033 224 127 85 0
3 2031 2033 2028 224 127 85 0
3 1961 2026 2017 224 127 85 0
3 2024 2034 2026 224 127 85 0
3 2018 2017 2034 224 127 85 0
3 2026 2034 2017 224 127 85 0
3 1994 2032 2023 224 127 85 0
3 2030 2035 2032 224 127 85 0
3 2024 2023 2035 224 127 85 0
3 2032 2035 2023 224 127 85 0
3 1926 2020 2029 224 127 85 0
3 2018 2036 2020 224 127 85 0
3 2030 2029 2036 224 127 85 0
3 2020 2036 2029 224 127 85 0
3 2024 2035 2034 224 127 85 0
3 2030 2036 2035 224 127 85 0
3 2018 2034 2036 224 127 85 0
3 2035 2036 2034 224 127 85 0
3 889 1450 890 224 127 85 0
3 1453 2037 1450 224 127 85 0
3 892 890 2037 224 127 85 0
3 1450 2037 890 224 127 85 0
3 1459 2038 1460 224 127 85 0
3 2039 2040 2038 224 127 85 0
3 1453 1460 2040 224 127 85 0
3 2038 2040 1460 224 127 85 0
3 895 897 2041 224 127 85 0
3 892 2042 897 224 127 85 0
3 2039 2041 2042 224 127 85 0
3 897 2042 2041 224 127 85 0
3 1453 2040 2037 224 127 85 0
3 2039 2042 2040 224 127 85 0
3 892 2037 2042 224 127 85 0
3 2040 2042 2037 224 127 85 0
3 1420 2043 1476 224 127 85 0
3 2044 2045 2043 224 127 85 0
3 1478 1476 2045 224 127 85 0
3 2043 2045 1476 224 127 85 0
3 2046 2047 2048 224 127 85 0
3 2049 2050 2047 224 127 85 0
3 2044 2048 2050 224 127 85 0
3 2047 2050 2048 224 127 85 0
3 1459 1482 2051 224 127 85 0
3 1478 2052 1482 224 127 85 0
3 2049 2051 2052 224 127 85 0
3 1482 2052 2051 224 127 85 0
3 2044 2050 2045 224 127 85 0
3 2049 2052 2050 224 127 85 0
3 1478 2045 2052 224 127 85 0
3 2050 2052 2045 224 127 85 0
3 837 905 2053 224 127 85 0
3 908 2054 905 224 127 85 0
3 2055 2053 2054 224 127 85 0
3 905 2054 2053 224 127 85 0
3 895 2056 914 224 127 85 0
3 2057 2058 2056 224 127 85 0
3 908 914 2058 224 127 85 0
3 2056 2058 914 224 127 85 0
3 2046 2059 2060 224 127 85 0
3 2055 2061 2059 224 127 85 0
3 2057 2060 2061 224 127 85 0
3 2059 2061 2060 224 127 85 0
3 908 2058 2054 224 127 85 0
3 2057 2061 2058 224 127 85 0
3 2055 2054 2061 224 127 85 0
3 2058 2061 2054 224 127 85 0
3 1459 2051 2038 224 127 85 0
3 2049 2062 2051 224 127 85 0
3 2039 2038 2062 224 127 85 0
3 2051 2062 2038 224 127 85 0
3 2046 2060 2047 224 127 85 0
3 2057 2063 2060 224 127 85 0
3 2049 2047 2063 224 127 85 0
3 2060 2063 2047 224 127 85 0
3 895 2041 2056 224 127 85 0
3 2039 2064 2041 224 127 85 0
3 2057 2056 2064 224 127 85 0
3 2041 2064 2056 224 127 85 0
3 2049 2063 2062 224 127 85 0
3 2057 2064 2063 224 127 85 0
3 2039 2062 2064 224 127 85 0
3 2063 2064 2062 224 127 85 0
3 753 755 1406 224 127 85 0
3 758 2065 755 224 127 85 0
3 1408 1406 2065 224 127 85 0
3 755 2065 1406 224 127 85 0
3 764 2066 765 224 127 85 0
3 2067 2068 2066 224 127 85 0
3 758 765 2068 224 127 85 0
3 2066 2068 765 224 127 85 0
3 1411 1413 2069 224 127 85 0
3 1408 2070 1413 224 127 85 0
3 2067 2069 2070 224 127 85 0
3 1413 2070 2069 224 127 85 0
3 758 2068 2065 224 127 85 0
3 2067 2070 2068 224 127 85 0
3 1408 2065 2070 224 127 85 0
3 2068 2070 2065 224 127 85 0
3 727 2071 781 224 127 85 0
3 2072 2073 2071 224 127 85 0
3 783 781 2073 224 127 85 0
3 2071 2073 781 224 127 85 0
3 2074 2075 2076 224 127 85 0
3 2077 2078 2075 224 127 85 0
3 2072 2076 2078 224 127 85 0
3 2075 2078 2076 224 127 85 0
3 764 787 2079 224 127 85 0
3 783 2080 787 224 127 85 0
3 2077 2079 2080 224 127 85 0
3 787 2080 2079 224 127 85 0
3 2072 2078 2073 224 127 85 0
3 2077 2080 2078 224 127 85 0
3 783 2073 2080 224 127 85 0
3 2078 2080 2073 224 127 85 0
3 1420 1422 2081 224 127 85 0
3 1425 2082 1422 224 127 85 0
3 2083 2081 2082 224 127 85 0
3 1422 2082 2081 224 127 85 0
3 1411 2084 1431 224 127 85 0
3 2085 2086 2084 224 127 85 0
3 1425 1431 2086 224 127 85 0
3 2084 2086 1431 224 127 85 0
3 2074 2087 2088 224 127 85 0
3 2083 2089 2087 224 127 85 0
3 2085 2088 2089 224 127 85 0
3 2087 2089 2088 224 127 85 0
3 1425 2086 2082 224 127 85 0
3 2085 2089 2086 224 127 85 0
3 2083 2082 2089 224 127 85 0
3 2086 2089 2082 224 127 85 0
3 764 2079 2066 224 127 85 0
3 2077 2090 2079 224 127 85 0
3 2067 2066 2090 224 127 85 0
3 2079 2090 2066 224 127 85 0
3 2074 2088 2075 224 127 85 0
3 2085 2091 2088 224 127 85 0
3 2077 2075 2091 224 127 85 0
3 2088 2091 2075 224 127 85 0
3 1411 2069 2084 224 127 85 0
3 2067 2092 2069 224 127 85 0
3 2085 2084 2092 224 127 85 0
3 2069 2092 2084 224 127 85 0
3 2077 2091 2090 224 127 85 0
3 2085 2092 2091 224 127 85 0
3 2067 2090 2092 224 127 85 0
3 2091 2092 2090 224 127 85 0
3 89 817 717 224 127 85 0
3 819 2093 817 224 127 85 0
3 718 717 2093 224 127 85 0
3 817 2093 717 224 127 85 0
3 823 2094 824 224 127 85 0
3 2095 2096 2094 224 127 85 0
3 819 824 2096 224 127 85 0
3 2094 2096 824 224 127 85 0
3 720 722 2097 224 127 85 0
3 718 2098 722 224 127 85 0
3 2095 2097 2098 224 127 85 0
3 722 2098 2097 224 127 85 0
3 819 2096 2093 224 127 85 0
3 2095 2098 2096 224 127 85 0
3 718 2093 2098 224 127 85 0
3 2096 2098 2093 224 127 85 0
3 837 2099 838 224 127 85 0
3 2100 2101 2099 224 127 85 0
3 840 838 2101 224 127 85 0
3 2099 2101 838 224 127 85 0
3 2102 2103 2104 224 127 85 0
3 2105 2106 2103 224 127 85 0
3 2100 2104 2106 224 127 85 0
3 2103 2106 2104 224 127 85 0
3 823 844 2107 224 127 85 0
3 840 2108 844 224 127 85 0
3 2105 2107 2108 224 127 85 0
3 844 2108 2107 224 127 85 0
3 2100 2106 2101 224 127 85 0
3 2105 2108 2106 224 127 85 0
3 840 2101 2108 224 127 85 0
3 2106 2108 2101 224 127 85 0
3 727 729 2109 224 127 85 0
3 732 2110 729 224 127 85 0
3 2111 2109 2110 224 127 85 0
3 729 2110 2109 224 127 85 0
3 720 2112 738 224 127 85 0
3 2113 2114 2112 224 127 85 0
3 732 738 2114 224 127 85 0
3 2112 2114 738 224 127 85 0
3 2102 2115 2116 224 127 85 0
3 2111 2117 2115 224 127 85 0
3 2113 2116 2117 224 127 85 0
3 2115 2117 2116 224 127 85 0
3 732 2114 2110 224 127 85 0
3 2113 2117 2114 224 127 85 0
3 2111 2110 2117 224 127 85 0
3 2114 2117 2110 224 127 85 0
3 823 2107 2094 224 127 85 0
3 2105 2118 2107 224 127 85 0
3 2095 2094 2118 224 127 85 0
3 2107 2118 2094 224 127 85 0
3 2102 2116 2103 224 127 85 0
3 2113 2119 2116 224 127 85 0
3 2105 2103 2119 224 127 85 0
3 2116 2119 2103 224 127 85 0
3 720 2097 2112 224 127 85 0
3 2095 2120 2097 224 127 85 0
3 2113 2112 2120 224 127 85 0
3 2097 2120 2112 224 127 85 0
3 2105 2119 2118 224 127 85 0
3 2113 2120 2119 224 127 85 0
3 2095 2118 2120 224 127 85 0
3 2119 2120 2118 224 127 85 0
3 1420 2081 2043 224 127 85 0
3 2083 2121 2081 224 127 85 0
3 2044 2043 2121 224 127 85 0
3 2081 2121 2043 224 127 85 0
3 2074 2122 2087 224 127 85 0
3 2123 2124 2122 224 127 85 0
3 2083 2087 2124 224 127 85 0
3 2122 2124 2087 224 127 85 0
3 2046 2048 2125 224 127 85 0
3 2044 2126 2048 224 127 85 0
3 2123 2125 2126 224 127 85 0
3 2048 2126 2125 224 127 85 0
3 2083 2124 2121 224 127 85 0
3 2123 2126 2124 224 127 85 0
3 2044 2121 2126 224 127 85 0
3 2124 2126 2121 224 127 85 0
3 727 2109 2071 224 127 85 0
3 2111 2127 2109 224 127 85 0
3 2072 2071 2127 224 127 85 0
3 2109 2127 2071 224 127 85 0
3 2102 2128 2115 224 127 85 0
3 2129 2130 2128 224 127 85 0
3 2111 2115 2130 224 127 85 0
3 2128 2130 2115 224 127 85 0
3 2074 2076 2131 224 127 85 0
3 2072 2132 2076 224 127 85 0
3 2129 2131 2132 224 127 85 0
3 2076 2132 2131 224 127 85 0
3 2111 2130 2127 224 127 85 0
3 2129 2132 2130 224 127 85 0
3 2072 2127 2132 224 127 85 0
3 2130 2132 2127 224 127 85 0
3 837 2053 2099 224 127 85 0
3 2055 2133 2053 224 127 85 0
3 2100 2099 2133 224 127 85 0
3 2053 2133 2099 224 127 85 0
3 2046 2134 2059 224 127 85 0
3 2135 2136 2134 224 127 85 0
3 2055 2059 2136 224 127 85 0
3 2134 2136 2059 224 127 85 0
3 2102 2104 2137 224 127 85 0
3 2100 2138 2104 224 127 85 0
3 2135 2137 2138 224 127 85 0
3 2104 2138 2137 224 127 85 0
3 2055 2136 2133 224 127 85 0
3 2135 2138 2136 224 127 85 0
3 2100 2133 2138 224 127 85 0
3 2136 2138 2133 224 127 85 0
3 2074 2131 2122 224 127 85 0
3 2129 2139 2131 224 127 85 0
3 2123 2122 2139 224 127 85 0
3 2131 2139 2122 224 127 85 0
3 2102 2137 2128 224 127 85 0
3 2135 2140 2137 224 127 85 0
3 2129 2128 2140 224 127 85 0
3 2137 2140 2128 224 127 85 0
3 2046 2125 2134 224 127 85 0
3 2123 2141 2125 224 127 85 0
3 2135 2134 2141 224 127 85 0
3 2125 2141 2134 224 127 85 0
3 2129 2140 2139 224 127 85 0
3 2135 2141 2140 224 127 85 0
3 2123 2139 2141 224 127 85 0
3 2140 2141 2139 224 127 85 0
3 1025 1585 1026 224 127 85 0
3 1588 2142 1585 224 127 85 0
3 1028 1026 2142 224 127 85 0
3 1585 2142 1026 224 127 85 0
3 1594 2143 1595 224 127 85 0
3 2144 2145 2143 224 127 85 0
3 1588 1595 2145 224 127 85 0
3 2143 2145 1595 224 127 85 0
3 1031 1033 2146 224 127 85 0
3 1028 2147 1033 224 127 85 0
3 2144 2146 2147 224 127 85 0
3 1033 2147 2146 224 127 85 0
3 1588 2145 2142 224 127 85 0
3 2144 2147 2145 224 127 85 0
3 1028 2142 2147 224 127 85 0
3 2145 2147 2142 224 127 85 0
3 1558 2148 1611 224 127 85 0
3 2149 2150 2148 224 127 85 0
3 1613 1611 2150 224 127 85 0
3 2148 2150 1611 224 127 85 0
3 2151 2152 2153 224 127 85 0
3 2154 2155 2152 224 127 85 0
3 2149 2153 2155 224 127 85 0
3 2152 2155 2153 224 127 85 0
3 1594 1617 2156 224 127 85 0
3 1613 2157 1617 224 127 85 0
3 2154 2156 2157 224 127 85 0
3 1617 2157 2156 224 127 85 0
3 2149 2155 2150 224 127 85 0
3 2154 2157 2155 224 127 85 0
3 1613 2150 2157 224 127 85 0
3 2155 2157 2150 224 127 85 0
3 973 1041 2158 224 127 85 0
3 1044 2159 1041 224 127 85 0
3 2160 2158 2159 224 127 85 0
3 1041 2159 2158 224 127 85 0
3 1031 2161 1050 224 127 85 0
3 2162 2163 2161 224 127 85 0
3 1044 1050 2163 224 127 85 0
3 2161 2163 1050 224 127 85 0
3 2151 2164 2165 224 127 85 0
3 2160 2166 2164 224 127 85 0
3 2162 2165 2166 224 127 85 0
3 2164 2166 2165 224 127 85 0
3 1044 2163 2159 224 127 85 0
3 2162 2166 2163 224 127 85 0
3 2160 2159 2166 224 127 85 0
3 2163 2166 2159 224 127 85 0
3 1594 2156 2143 224 127 85 0
3 2154 2167 2156 224 127 85 0
3 2144 2143 2167 224 127 85 0
3 2156 2167 2143 224 127 85 0
3 2151 2165 2152 224 127 85 0
3 2162 2168 2165 224 127 85 0
3 2154 2152 2168 224 127 85 0
3 2165 2168 2152 224 127 85 0
3 1031 2146 2161 224 127 85 0
3 2144 2169 2146 224 127 85 0
3 2162 2161 2169 224 127 85 0
3 2146 2169 2161 224 127 85 0
3 2154 2168 2167 224 127 85 0
3 2162 2169 2168 224 127 85 0
3 2144 2167 2169 224 127 85 0
3 2168 2169 2167 224 127 85 0
3 889 891 1548 224 127 85 0
3 894 2170 891 224 127 85 0
3 1549 1548 2170 224 127 85 0
3 891 2170 1548 224 127 85 0
3 900 2171 901 224 127 85 0
3 2172 2173 2171 224 127 85 0
3 894 901 2173 224 127 85 0
3 2171 2173 901 224 127 85 0
3 1551 1553 2174 224 127 85 0
3 1549 2175 1553 224 127 85 0
3 2172 2174 2175 224 127 85 0
3 1553 2175 2174 224 127 85 0
3 894 2173 2170 224 127 85 0
3 2172 2175 2173 224 127 85 0
3 1549 2170 2175 224 127 85 0
3 2173 2175 2170 224 127 85 0
3 863 2176 917 224 127 85 0
3 2177 2178 2176 224 127 85 0
3 919 917 2178 224 127 85 0
3 2176 2178 917 224 127 85 0
3 2179 2180 2181 224 127 85 0
3 2182 2183 2180 224 127 85 0
3 2177 2181 2183 224 127 85 0
3 2180 2183 2181 224 127 85 0
3 900 923 2184 224 127 85 0
3 919 2185 923 224 127 85 0
3 2182 2184 2185 224 127 85 0
3 923 2185 2184 224 127 85 0
3 2177 2183 2178 224 127 85 0
3 2182 2185 2183 224 127 85 0
3 919 2178 2185 224 127 85 0
3 2183 2185 2178 224 127 85 0
3 1558 1560 2186 224 127 85 0
3 1563 2187 1560 224 127 85 0
3 2188 2186 2187 224 127 85 0
3 1560 2187 2186 224 127 85 0
3 1551 2189 1569 224 127 85 0
3 2190 2191 2189 224 127 85 0
3 1563 1569 2191 224 127 85 0
3 2189 2191 1569 224 127 85 0
3 2179 2192 2193 224 127 85 0
3 2188 2194 2192 224 127 85 0
3 2190 2193 2194 224 127 85 0
3 2192 2194 2193 224 127 85 0
3 1563 2191 2187 224 127 85 0
3 2190 2194 2191 224 127 85 0
3 2188 2187 2194 224 127 85 0
3 2191 2194 2187 224 127 85 0
3 900 2184 2171 224 127 85 0
3 2182 2195 2184 224 127 85 0
3 2172 2171 2195 224 127 85 0
3 2184 2195 2171 224 127 85 0
3 2179 2193 2180 224 127 85 0
3 2190 2196 2193 224 127 85 0
3 2182 2180 2196 224 127 85 0
3 2193 2196 2180 224 127 85 0
3 1551 2174 2189 224 127 85 0
3 2172 2197 2174 224 127 85 0
3 2190 2189 2197 224 127 85 0
3 2174 2197 2189 224 127 85 0
3 2182 2196 2195 224 127 85 0
3 2190 2197 2196 224 127 85 0
3 2172 2195 2197 224 127 85 0
3 2196 2197 2195 224 127 85 0
3 45 953 853 224 127 85 0
3 955 2198 953 224 127 85 0
3 854 853 2198 224 127 85 0
3 953 2198 853 224 127 85 0
3 959 2199 960 224 127 85 0
3 2200 2201 2199 224 127 85 0
3 955 960 2201 224 127 85 0
3 2199 2201 960 224 127 85 0
3 856 858 2202 224 127 85 0
3 854 2203 858 224 127 85 0
3 2200 2202 2203 224 127 85 0
3 858 2203 2202 224 127 85 0
3 955 2201 2198 224 127 85 0
3 2200 2203 2201 224 127 85 0
3 854 2198 2203 224 127 85 0
3 2201 2203 2198 224 127 85 0
3 973 2204 974 224 127 85 0
3 2205 2206 2204 224 127 85 0
3 976 974 2206 224 127 85 0
3 2204 2206 974 224 127 85 0
3 2207 2208 2209 224 127 85 0
3 2210 2211 2208 224 127 85 0
3 2205 2209 2211 224 127 85 0
3 2208 2211 2209 224 127 85 0
3 959 980 2212 224 127 85 0
3 976 2213 980 224 127 85 0
3 2210 2212 2213 224 127 85 0
3 980 2213 2212 224 127 85 0
3 2205 2211 2206 224 127 85 0
3 2210 2213 2211 224 127 85 0
3 976 2206 2213 224 127 85 0
3 2211 2213 2206 224 127 85 0
3 863 865 2214 224 127 85 0
3 868 2215 865 224 127 85 0
3 2216 2214 2215 224 127 85 0
3 865 2215 2214 224 127 85 0
3 856 2217 874 224 127 85 0
3 2218 2219 2217 224 127 85 0
3 868 874 2219 224 127 85 0
3 2217 2219 874 224 127 85 0
3 2207 2220 2221 224 127 85 0
3 2216 2222 2220 224 127 85 0
3 2218 2221 2222 224 127 85 0
3 2220 2222 2221 224 127 85 0
3 868 2219 2215 224 127 85 0
3 2218 2222 2219 224 127 85 0
3 2216 2215 2222 224 127 85 0
3 2219 2222 2215 224 127 85 0
3 959 2212 2199 224 127 85 0
3 2210 2223 2212 224 127 85 0
3 2200 2199 2223 224 127 85 0
3 2212 2223 2199 224 127 85 0
3 2207 2221 2208 224 127 85 0
3 2218 2224 2221 224 127 85 0
3 2210 2208 2224 224 127 85 0
3 2221 2224 2208 224 127 85 0
3 856 2202 2217 224 127 85 0
3 2200 2225 2202 224 127 85 0
3 2218 2217 2225 224 127 85 0
3 2202 2225 2217 224 127 85 0
3 2210 2224 2223 224 127 85 0
3 2218 2225 2224 224 127 85 0
3 2200 2223 2225 224 127 85 0
3 2224 2225 2223 224 127 85 0
3 1558 2186 2148 224 127 85 0
3 2188 2226 2186 224 127 85 0
3 2149 2148 2226 224 127 85 0
3 2186 2226 2148 224 127 85 0
3 2179 2227 2192 224 127 85 0
3 2228 2229 2227 224 127 85 0
3 2188 2192 2229 224 127 85 0
3 2227 2229 2192 224 127 85 0
3 2151 2153 2230 224 127 85 0
3 2149 2231 2153 224 127 85 0
3 2228 2230 2231 224 127 85 0
3 2153 2231 2230 224 127 85 0
3 2188 2229 2226 224 127 85 0
3 2228 2231 2229 224 127 85 0
3 2149 2226 2231 224 127 85 0
3 2229 2231 2226 224 127 85 0
3 863 2214 2176 224 127 85 0
3 2216 2232 2214 224 127 85 0
3 2177 2176 2232 224 127 85 0
3 2214 2232 2176 224 127 85 0
3 2207 2233 2220 224 127 85 0
3 2234 2235 2233 224 127 85 0
3 2216 2220 2235 224 127 85 0
3 2233 2235 2220 224 127 85 0
3 2179 2181 2236 224 127 85 0
3 2177 2237 2181 224 127 85 0
3 2234 2236 2237 224 127 85 0
3 2181 2237 2236 224 127 85 0
3 2216 2235 2232 224 127 85 0
3 2234 2237 2235 224 127 85 0
3 2177 2232 2237 224 127 85 0
3 2235 2237 2232 224 127 85 0
3 973 2158 2204 224 127 85 0
3 2160 2238 2158 224 127 85 0
3 2205 2204 2238 224 127 85 0
3 2158 2238 2204 224 127 85 0
3 2151 2239 2164 224 127 85 0
3 2240 2241 2239 224 127 85 0
3 2160 2164 2241 224 127 85 0
3 2239 2241 2164 224 127 85 0
3 2207 2209 2242 224 127 85 0
3 2205 2243 2209 224 127 85 0
3 2240 2242 2243 224 127 85 0
3 2209 2243 2242 224 127 85 0
3 2160 2241 2238 224 127 85 0
3 2240 2243 2241 224 127 85 0
3 2205 2238 2243 224 127 85 0
3 2241 2243 2238 224 127 85 0
3 2179 2236 2227 224 127 85 0
3 2234 2244 2236 224 127 85 0
3 2228 2227 2244 224 127 85 0
3 2236 2244 2227 224 127 85 0
3 2207 2242 2233 224 127 85 0
3 2240 2245 2242 224 127 85 0
3 2234 2233 2245 224 127 85 0
3 2242 2245 2233 224 127 85 0
3 2151 2230 2239 224 127 85 0
3 2228 2246 2230 224 127 85 0
3 2240 2239 2246 224 127 85 0
3 2230 2246 2239 224 127 85 0
3 2234 2245 2244 224 127 85 0
3 2240 2246 2245 224 127 85 0
3 2228 2244 2246 224 127 85 0
3 2245 2246 2244 224 127 85 0
3 1161 1720 1162 224 127 85 0
3 1723 2247 1720 224 127 85 0
3 1164 1162 2247 224 127 85 0
3 1720 2247 1162 224 127 85 0
3 1729 2248 1730 224 127 85 0
3 2249 2250 2248 224 127 85 0
3 1723 1730 2250 224 127 85 0
3 2248 2250 1730 224 127 85 0
3 1167 1169 2251 224 127 85 0
3 1164 2252 1169 224 127 85 0
3 2249 2251 2252 224 127 85 0
3 1169 2252 2251 224 127 85 0
3 1723 2250 2247 224 127 85 0
3 2249 2252 2250 224 127 85 0
3 1164 2247 2252 224 127 85 0
3 2250 2252 2247 224 127 85 0
3 1693 2253 1746 224 127 85 0
3 2254 2255 2253 224 127 85 0
3 1748 1746 2255 224 127 85 0
3 2253 2255 1746 224 127 85 0
3 2256 2257 2258 224 127 85 0
3 2259 2260 2257 224 127 85 0
3 2254 2258 2260 224 127 85 0
3 2257 2260 2258 224 127 85 0
3 1729 1752 2261 224 127 85 0
3 1748 2262 1752 224 127 85 0
3 2259 2261 2262 224 127 85 0
3 1752 2262 2261 224 127 85 0
3 2254 2260 2255 224 127 85 0
3 2259 2262 2260 224 127 85 0
3 1748 2255 2262 224 127 85 0
3 2260 2262 2255 224 127 85 0
3 1109 1177 2263 224 127 85 0
3 1180 2264 1177 224 127 85 0
3 2265 2263 2264 224 127 85 0
3 1177 2264 2263 224 127 85 0
3 1167 2266 1186 224 127 85 0
3 2267 2268 2266 224 127 85 0
3 1180 1186 2268 224 127 85 0
3 2266 2268 1186 224 127 85 0
3 2256 2269 2270 224 127 85 0
3 2265 2271 2269 224 127 85 0
3 2267 2270 2271 224 127 85 0
3 2269 2271 2270 224 127 85 0
3 1180 2268 2264 224 127 85 0
3 2267 2271 2268 224 127 85 0
3 2265 2264 2271 224 127 85 0
3 2268 2271 2264 224 127 85 0
3 1729 2261 2248 224 127 85 0
3 2259 2272 2261 224 127 85 0
3 2249 2248 2272 224 127 85 0
3 2261 2272 2248 224 127 85 0
3 2256 2270 2257 224 127 85 0
3 2267 2273 2270 224 127 85 0
3 2259 2257 2273 224 127 85 0
3 2270 2273 2257 224 127 85 0
3 1167 2251 2266 224 127 85 0
3 2249 2274 2251 224 127 85 0
3 2267 2266 2274 224 127 85 0
3 2251 2274 2266 224 127 85 0
3 2259 2273 2272 224 127 85 0
3 2267 2274 2273 224 127 85 0
3 2249 2272 2274 224 127 85 0
3 2273 2274 2272 224 127 85 0
3 1025 1027 1683 224 127 85 0
3 1030 2275 1027 224 127 85 0
3 1684 1683 2275 224 127 85 0
3 1027 2275 1683 224 127 85 0
3 1036 2276 1037 224 127 85 0
3 2277 2278 2276 224 127 85 0
3 1030 1037 2278 224 127 85 0
3 2276 2278 1037 224 127 85 0
3 1686 1688 2279 224 127 85 0
3 1684 2280 1688 224 127 85 0
3 2277 2279 2280 224 127 85 0
3 1688 2280 2279 224 127 85 0
3 1030 2278 2275 224 127 85 0
3 2277 2280 2278 224 127 85 0
3 1684 2275 2280 224 127 85 0
3 2278 2280 2275 224 127 85 0
3 999 2281 1053 224 127 85 0
3 2282 2283 2281 224 127 85 0
3 1055 1053 2283 224 127 85 0
3 2281 2283 1053 224 127 85 0
3 2284 2285 2286 224 127 85 0
3 2287 2288 2285 224 127 85 0
3 2282 2286 2288 224 127 85 0
3 2285 2288 2286 224 127 85 0
3 1036 1059 2289 224 127 85 0
3 1055 2290 1059 224 127 85 0
3 2287 2289 2290 224 127 85 0
3 1059 2290 2289 224 127 85 0
3 2282 2288 2283 224 127 85 0
3 2287 2290 2288 224 127 85 0
3 1055 2283 2290 224 127 85 0
3 2288 2290 2283 224 127 85 0
3 1693 1695 2291 224 127 85 0
3 1698 2292 1695 224 127 85 0
3 2293 2291 2292 224 127 85 0
3 1695 2292 2291 224 127 85 0
3 1686 2294 1704 224 127 85 0
3 2295 2296 2294 224 127 85 0
3 1698 1704 2296 224 127 85 0
3 2294 2296 1704 224 127 85 0
3 2284 2297 2298 224 127 85 0
3 2293 2299 2297 224 127 85 0
3 2295 2298 2299 224 127 85 0
3 2297 2299 2298 224 127 85 0
3 1698 2296 2292 224 127 85 0
3 2295 2299 2296 224 127 85 0
3 2293 2292 2299 224 127 85 0
3 2296 2299 2292 224 127 85 0
3 1036 2289 2276 224 127 85 0
3 2287 2300 2289 224 127 85 0
3 2277 2276 2300 224 127 85 0
3 2289 2300 2276 224 127 85 0
3 2284 2298 2285 224 127 85 0
3 2295 2301 2298 224 127 85 0
3 2287 2285 2301 224 127 85 0
3 2298 2301 2285 224 127 85 0
3 1686 2279 2294 224 127 85 0
3 2277 2302 2279 224 127 85 0
3 2295 2294 2302 224 127 85 0
3 2279 2302 2294 224 127 85 0
3 2287 2301 2300 224 127 85 0
3 2295 2302 2301 224 127 85 0
3 2277 2300 2302 224 127 85 0
3 2301 2302 2300 224 127 85 0
3 497 1089 989 224 127 85 0
3 1091 2303 1089 224 127 85 0
3 990 989 2303 224 127 85 0
3 1089 2303 989 224 127 85 0
3 1095 2304 1096 224 127 85 0
3 2305 2306 2304 224 127 85 0
3 1091 1096 2306 224 127 85 0
3 2304 2306 1096 224 127 85 0
3 992 994 2307 224 127 85 0
3 990 2308 994 224 127 85 0
3 2305 2307 2308 224 127 85 0
3 994 2308 2307 224 127 85 0
3 1091 2306 2303 224 127 85 0
3 2305 2308 2306 224 127 85 0
3 990 2303 2308 224 127 85 0
3 2306 2308 2303 224 127 85 0
3 1109 2309 1110 224 127 85 0
3 2310 2311 2309 224 127 85 0
3 1112 1110 2311 224 127 85 0
3 2309 2311 1110 224 127 85 0
3 2312 2313 2314 224 127 85 0
3 2315 2316 2313 224 127 85 0
3 2310 2314 2316 224 127 85 0
3 2313 2316 2314 224 127 85 0
3 1095 1116 2317 224 127 85 0
3 1112 2318 1116 224 127 85 0
3 2315 2317 2318 224 127 85 0
3 1116 2318 2317 224 127 85 0
3 2310 2316 2311 224 127 85 0
3 2315 2318 2316 224 127 85 0
3 1112 2311 2318 224 127 85 0
3 2316 2318 2311 224 127 85 0
3 999 1001 2319 224 127 85 0
3 1004 2320 1001 224 127 85 0
3 2321 2319 2320 224 127 85 0
3 1001 2320 2319 224 127 85 0
3 992 2322 1010 224 127 85 0
3 2323 2324 2322 224 127 85 0
3 1004 1010 2324 224 127 85 0
3 2322 2324 1010 224 127 85 0
3 2312 2325 2326 224 127 85 0
3 2321 2327 2325 224 127 85 0
3 2323 2326 2327 224 127 85 0
3 2325 2327 2326 224 127 85 0
3 1004 2324 2320 224 127 85 0
3 2323 2327 2324 224 127 85 0
3 2321 2320 2327 224 127 85 0
3 2324 2327 2320 224 127 85 0
3 1095 2317 2304 224 127 85 0
3 2315 2328 2317 224 127 85 0
3 2305 2304 2328 224 127 85 0
3 2317 2328 2304 224 127 85 0
3 2312 2326 2313 224 127 85 0
3 2323 2329 2326 224 127 85 0
3 2315 2313 2329 224 127 85 0
3 2326 2329 2313 224 127 85 0
3 992 2307 2322 224 127 85 0
3 2305 2330 2307 224 127 85 0
3 2323 2322 2330 224 127 85 0
3 2307 2330 2322 224 127 85 0
3 2315 2329 2328 224 127 85 0
3 2323 2330 2329 224 127 85 0
3 2305 2328 2330 224 127 85 0
3 2329 2330 2328 224 127 85 0
3 1693 2291 2253 224 127 85 0
3 2293 2331 2291 224 127 85 0
3 2254 2253 2331 224 127 85 0
3 2291 2331 2253 224 127 85 0
3 2284 2332 2297 224 127 85 0
3 2333 2334 2332 224 127 85 0
3 2293 2297 2334 224 127 85 0
3 2332 2334 2297 224 127 85 0
3 2256 2258 2335 224 127 85 0
3 2254 2336 2258 224 127 85 0
3 2333 2335 2336 224 127 85 0
3 2258 2336 2335 224 127 85 0
3 2293 2334 2331 224 127 85 0
3 2333 2336 2334 224 127 85 0
3 2254 2331 2336 224 127 85 0
3 2334 2336 2331 224 127 85 0
3 999 2319 2281 224 127 85 0
3 2321 2337 2319 224 127 85 0
3 2282 2281 2337 224 127 85 0
3 2319 2337 2281 224 127 85 0
3 2312 2338 2325 224 127 85 0
3 2339 2340 2338 224 127 85 0
3 2321 2325 2340 224 127 85 0
3 2338 2340 2325 224 127 85 0
3 2284 2286 2341 224 127 85 0
3 2282 2342 2286 224 127 85 0
3 2339 2341 2342 224 127 85 0
3 2286 2342 2341 224 127 85 0
3 2321 2340 2337 224 127 85 0
3 2339 2342 2340 224 127 85 0
3 2282 2337 2342 224 127 85 0
3 2340 2342 2337 224 127 85 0
3 1109 2263 2309 224 127 85 0
3 2265 2343 2263 224 127 85 0
3 2310 2309 2343 224 127 85 0
3 2263 2343 2309 224 127 85 0
3 2256 2344 2269 224 127 85 0
3 2345 2346 2344 224 127 85 0
3 2265 2269 2346 224 127 85 0
3 2344 2346 2269 224 127 85 0
3 2312 2314 2347 224 127 85 0
3 2310 2348 2314 224 127 85 0
3 2345 2347 2348 224 127 85 0
3 2314 2348 2347 224 127 85 0
3 2265 2346 2343 224 127 85 0
3 2345 2348 2346 224 127 85 0
3 2310 2343 2348 224 127 85 0
3 2346 2348 2343 224 127 85 0
3 2284 2341 2332 224 127 85 0
3 2339 2349 2341 224 127 85 0
3 2333 2332 2349 224 127 85 0
3 2341 2349 2332 224 127 85 0
3 2312 2347 2338 224 127 85 0
3 2345 2350 2347 224 127 85 0
3 2339 2338 2350 224 127 85 0
3 2347 2350 2338 224 127 85 0
3 2256 2335 2344 224 127 85 0
3 2333 2351 2335 224 127 85 0
3 2345 2344 2351 224 127 85 0
3 2335 2351 2344 224 127 85 0
3 2339 2350 2349 224 127 85 0
3 2345 2351 2350 224 127 85 0
3 2333 2349 2351 224 127 85 0
3 2350 2351 2349 224 127 85 0
3 1297 1855 1298 224 127 85 0
3 1858 2352 1855 224 127 85 0
3 1300 1298 2352 224 127 85 0
3 1855 2352 1298 224 127 85 0
3 1864 2353 1865 224 127 85 0
3 2354 2355 2353 224 127 85 0
3 1858 1865 2355 224 127 85 0
3 2353 2355 1865 224 127 85 0
3 1303 1305 2356 224 127 85 0
3 1300 2357 1305 224 127 85 0
3 2354 2356 2357 224 127 85 0
3 1305 2357 2356 224 127 85 0
3 1858 2355 2352 224 127 85 0
3 2354 2357 2355 224 127 85 0
3 1300 2352 2357 224 127 85 0
3 2355 2357 2352 224 127 85 0
3 1828 2358 1881 224 127 85 0
3 2359 2360 2358 224 127 85 0
3 1883 1881 2360 224 127 85 0
3 2358 2360 1881 224 127 85 0
3 2361 2362 2363 224 127 85 0
3 2364 2365 2362 224 127 85 0
3 2359 2363 2365 224 127 85 0
3 2362 2365 2363 224 127 85 0
3 1864 1887 2366 224 127 85 0
3 1883 2367 1887 224 127 85 0
3 2364 2366 2367 224 127 85 0
3 1887 2367 2366 224 127 85 0
3 2359 2365 2360 224 127 85 0
3 2364 2367 2365 224 127 85 0
3 1883 2360 2367 224 127 85 0
3 2365 2367 2360 224 127 85 0
3 1245 1313 2368 224 127 85 0
3 1316 2369 1313 224 127 85 0
3 2370 2368 2369 224 127 85 0
3 1313 2369 2368 224 127 85 0
3 1303 2371 1322 224 127 85 0
3 2372 2373 2371 224 127 85 0
3 1316 1322 2373 224 127 85 0
3 2371 2373 1322 224 127 85 0
3 2361 2374 2375 224 127 85 0
3 2370 2376 2374 224 127 85 0
3 2372 2375 2376 224 127 85 0
3 2374 2376 2375 224 127 85 0
3 1316 2373 2369 224 127 85 0
3 2372 2376 2373 224 127 85 0
3 2370 2369 2376 224 127 85 0
3 2373 2376 2369 224 127 85 0
3 1864 2366 2353 224 127 85 0
3 2364 2377 2366 224 127 85 0
3 2354 2353 2377 224 127 85 0
3 2366 2377 2353 224 127 85 0
3 2361 2375 2362 224 127 85 0
3 2372 2378 2375 224 127 85 0
3 2364 2362 2378 224 127 85 0
3 2375 2378 2362 224 127 85 0
3 1303 2356 2371 224 127 85 0
3 2354 2379 2356 224 127 85 0
3 2372 2371 2379 224 127 85 0
3 2356 2379 2371 224 127 85 0
3 2364 2378 2377 224 127 85 0
3 2372 2379 2378 224 127 85 0
3 2354 2377 2379 224 127 85 0
3 2378 2379 2377 224 127 85 0
3 1161 1163 1818 224 127 85 0
3 1166 2380 1163 224 127 85 0
3 1819 1818 2380 224 127 85 0
3 1163 2380 1818 224 127 85 0
3 1172 2381 1173 224 127 85 0
3 2382 2383 2381 224 127 85 0
3 1166 1173 2383 224 127 85 0
3 2381 2383 1173 224 127 85 0
3 1821 1823 2384 224 127 85 0
3 1819 2385 1823 224 127 85 0
3 2382 2384 2385 224 127 85 0
3 1823 2385 2384 224 127 85 0
3 1166 2383 2380 224 127 85 0
3 2382 2385 2383 224 127 85 0
3 1819 2380 2385 224 127 85 0
3 2383 2385 2380 224 127 85 0
3 1135 2386 1189 224 127 85 0
3 2387 2388 2386 224 127 85 0
3 1191 1189 2388 224 127 85 0
3 2386 2388 1189 224 127 85 0
3 2389 2390 2391 224 127 85 0
3 2392 2393 2390 224 127 85 0
3 2387 2391 2393 224 127 85 0
3 2390 2393 2391 224 127 85 0
3 1172 1195 2394 224 127 85 0
3 1191 2395 1195 224 127 85 0
3 2392 2394 2395 224 127 85 0
3 1195 2395 2394 224 127 85 0
3 2387 2393 2388 224 127 85 0
3 2392 2395 2393 224 127 85 0
3 1191 2388 2395 224 127 85 0
3 2393 2395 2388 224 127 85 0
3 1828 1830 2396 224 127 85 0
3 1833 2397 1830 224 127 85 0
3 2398 2396 2397 224 127 85 0
3 1830 2397 2396 224 127 85 0
3 1821 2399 1839 224 127 85 0
3 2400 2401 2399 224 127 85 0
3 1833 1839 2401 224 127 85 0
3 2399 2401 1839 224 127 85 0
3 2389 2402 2403 224 127 85 0
3 2398 2404 2402 224 127 85 0
3 2400 2403 2404 224 127 85 0
3 2402 2404 2403 224 127 85 0
3 1833 2401 2397 224 127 85 0
3 2400 2404 2401 224 127 85 0
3 2398 2397 2404 224 127 85 0
3 2401 2404 2397 224 127 85 0
3 1172 2394 2381 224 127 85 0
3 2392 2405 2394 224 127 85 0
3 2382 2381 2405 224 127 85 0
3 2394 2405 2381 224 127 85 0
3 2389 2403 2390 224 127 85 0
3 2400 2406 2403 224 127 85 0
3 2392 2390 2406 224 127 85 0
3 2403 2406 2390 224 127 85 0
3 1821 2384 2399 224 127 85 0
3 2382 2407 2384 224 127 85 0
3 2400 2399 2407 224 127 85 0
3 2384 2407 2399 224 127 85 0
3 2392 2406 2405 224 127 85 0
3 2400 2407 2406 224 127 85 0
3 2382 2405 2407 224 127 85 0
3 2406 2407 2405 224 127 85 0
3 361 1225 1125 224 127 85 0
3 1227 2408 1225 224 127 85 0
3 1126 1125 2408 224 127 85 0
3 1225 2408 1125 224 127 85 0
3 1231 2409 1232 224 127 85 0
3 2410 2411 2409 224 127 85 0
3 1227 1232 2411 224 127 85 0
3 2409 2411 1232 224 127 85 0
3 1128 1130 2412 224 127 85 0
3 1126 2413 1130 224 127 85 0
3 2410 2412 2413 224 127 85 0
3 1130 2413 2412 224 127 85 0
3 1227 2411 2408 224 127 85 0
3 2410 2413 2411 224 127 85 0
3 1126 2408 2413 224 127 85 0
3 2411 2413 2408 224 127 85 0
3 1245 2414 1246 224 127 85 0
3 2415 2416 2414 224 127 85 0
3 1248 1246 2416 224 127 85 0
3 2414 2416 1246 224 127 85 0
3 2417 2418 2419 224 127 85 0
3 2420 2421 2418 224 127 85 0
3 2415 2419 2421 224 127 85 0
3 2418 2421 2419 224 127 85 0
3 1231 1252 2422 224 127 85 0
3 1248 2423 1252 224 127 85 0
3 2420 2422 2423 224 127 85 0
3 1252 2423 2422 224 127 85 0
3 2415 2421 2416 224 127 85 0
3 2420 2423 2421 224 127 85 0
3 1248 2416 2423 224 127 85 0
3 2421 2423 2416 224 127 85 0
3 1135 1137 2424 224 127 85 0
3 1140 2425 1137 224 127 85 0
3 2426 2424 2425 224 127 85 0
3 1137 2425 2424 224 127 85 0
3 1128 2427 1146 224 127 85 0
3 2428 2429 2427 224 127 85 0
3 1140 1146 2429 224 127 85 0
3 2427 2429 1146 224 127 85 0
3 2417 2430 2431 224 127 85 0
3 2426 2432 2430 224 127 85 0
3 2428 2431 2432 224 127 85 0
3 2430 2432 2431 224 127 85 0
3 1140 2429 2425 224 127 85 0
3 2428 2432 2429 224 127 85 0
3 2426 2425 2432 224 127 85 0
3 2429 2432 2425 224 127 85 0
3 1231 2422 2409 224 127 85 0
3 2420 2433 2422 224 127 85 0
3 2410 2409 2433 224 127 85 0
3 2422 2433 2409 224 127 85 0
3 2417 2431 2418 224 127 85 0
3 2428 2434 2431 224 127 85 0
3 2420 2418 2434 224 127 85 0
3 2431 2434 2418 224 127 85 0
3 1128 2412 2427 224 127 85 0
3 2410 2435 2412 224 127 85 0
3 2428 2427 2435 224 127 85 0
3 2412 2435 2427 224 127 85 0
3 2420 2434 2433 224 127 85 0
3 2428 2435 2434 224 127 85 0
3 2410 2433 2435 224 127 85 0
3 2434 2435 2433 224 127 85 0
3 1828 2396 2358 224 127 85 0
3 2398 2436 2396 224 127 85 0
3 2359 2358 2436 224 127 85 0
3 2396 2436 2358 224 127 85 0
3 2389 2437 2402 224 127 85 0
3 2438 2439 2437 224 127 85 0
3 2398 2402 2439 224 127 85 0
3 2437 2439 2402 224 127 85 0
3 2361 2363 2440 224 127 85 0
3 2359 2441 2363 224 127 85 0
3 2438 2440 2441 224 127 85 0
3 2363 2441 2440 224 127 85 0
3 2398 2439 2436 224 127 85 0
3 2438 2441 2439 224 127 85 0
3 2359 2436 2441 224 127 85 0
3 2439 2441 2436 224 127 85 0
3 1135 2424 2386 224 127 85 0
3 2426 2442 2424 224 127 85 0
3 2387 2386 2442 224 127 85 0
3 2424 2442 2386 224 127 85 0
3 2417 2443 2430 224 127 85 0
3 2444 2445 2443 224 127 85 0
3 2426 2430 2445 224 127 85 0
3 2443 2445 2430 224 127 85 0
3 2389 2391 2446 224 127 85 0
3 2387 2447 2391 224 127 85 0
3 2444 2446 2447 224 127 85 0
3 2391 2447 2446 224 127 85 0
3 2426 2445 2442 224 127 85 0
3 2444 2447 2445 224 127 85 0
3 2387 2442 2447 224 127 85 0
3 2445 2447 2442 224 127 85 0
3 1245 2368 2414 224 127 85 0
3 2370 2448 2368 224 127 85 0
3 2415 2414 2448 224 127 85 0
3 2368 2448 2414 224 127 85 0
3 2361 2449 2374 224 127 85 0
3 2450 2451 2449 224 127 85 0
3 2370 2374 2451 224 127 85 0
3 2449 2451 2374 224 127 85 0
3 2417 2419 2452 224 127 85 0
3 2415 2453 2419 224 127 85 0
3 2450 2452 2453 224 127 85 0
3 2419 2453 2452 224 127 85 0
3 2370 2451 2448 224 127 85 0
3 2450 2453 2451 224 127 85 0
3 2415 2448 2453 224 127 85 0
3 2451 2453 2448 224 127 85 0
3 2389 2446 2437 224 127 85 0
3 2444 2454 2446 224 127 85 0
3 2438 2437 2454 224 127 85 0
3 2446 2454 2437 224 127 85 0
3 2417 2452 2443 224 127 85 0
3 2450 2455 2452 224 127 85 0
3 2444 2443 2455 224 127 85 0
3 2452 2455 2443 224 127 85 0
3 2361 2440 2449 224 127 85 0
3 2438 2456 2440 224 127 85 0
3 2450 2449 2456 224 127 85 0
3 2440 2456 2449 224 127 85 0
3 2444 2455 2454 224 127 85 0
3 2450 2456 2455 224 127 85 0
3 2438 2454 2456 224 127 85 0
3 2455 2456 2454 224 127 85 0
3 753 1981 754 224 127 85 0
3 1983 2457 1981 224 127 85 0
3 756 754 2457 224 127 85 0
3 1981 2457 754 224 127 85 0
3 1987 2458 1988 224 127 85 0
3 2459 2460 2458 224 127 85 0
3 1983 1988 2460 224 127 85 0
3 2458 2460 1988 224 127 85 0
3 759 761 2461 224 127 85 0
3 756 2462 761 224 127 85 0
3 2459 2461 2462 224 127 85 0
3 761 2462 2461 224 127 85 0
3 1983 2460 2457 224 127 85 0
3 2459 2462 2460 224 127 85 0
3 756 2457 2462 224 127 85 0
3 2460 2462 2457 224 127 85 0
3 1955 2463 2001 224 127 85 0
3 2464 2465 2463 224 127 85 0
3 2003 2001 2465 224 127 85 0
3 2463 2465 2001 224 127 85 0
3 2466 2467 2468 224 127 85 0
3 2469 2470 2467 224 127 85 0
3 2464 2468 2470 224 127 85 0
3 2467 2470 2468 224 127 85 0
3 1987 2007 2471 224 127 85 0
3 2003 2472 2007 224 127 85 0
3 2469 2471 2472 224 127 85 0
3 2007 2472 2471 224 127 85 0
3 2464 2470 2465 224 127 85 0
3 2469 2472 2470 224 127 85 0
3 2003 2465 2472 224 127 85 0
3 2470 2472 2465 224 127 85 0
3 701 769 2473 224 127 85 0
3 772 2474 769 224 127 85 0
3 2475 2473 2474 224 127 85 0
3 769 2474 2473 224 127 85 0
3 759 2476 778 224 127 85 0
3 2477 2478 2476 224 127 85 0
3 772 778 2478 224 127 85 0
3 2476 2478 778 224 127 85 0
3 2466 2479 2480 224 127 85 0
3 2475 2481 2479 224 127 85 0
3 2477 2480 2481 224 127 85 0
3 2479 2481 2480 224 127 85 0
3 772 2478 2474 224 127 85 0
3 2477 2481 2478 224 127 85 0
3 2475 2474 2481 224 127 85 0
3 2478 2481 2474 224 127 85 0
3 1987 2471 2458 224 127 85 0
3 2469 2482 2471 224 127 85 0
3 2459 2458 2482 224 127 85 0
3 2471 2482 2458 224 127 85 0
3 2466 2480 2467 224 127 85 0
3 2477 2483 2480 224 127 85 0
3 2469 2467 2483 224 127 85 0
3 2480 2483 2467 224 127 85 0
3 759 2461 2476 224 127 85 0
3 2459 2484 2461 224 127 85 0
3 2477 2476 2484 224 127 85 0
3 2461 2484 2476 224 127 85 0
3 2469 2483 2482 224 127 85 0
3 2477 2484 2483 224 127 85 0
3 2459 2482 2484 224 127 85 0
3 2483 2484 2482 224 127 85 0
3 1297 1299 1945 224 127 85 0
3 1302 2485 1299 224 127 85 0
3 1946 1945 2485 224 127 85 0
3 1299 2485 1945 224 127 85 0
3 1308 2486 1309 224 127 85 0
3 2487 2488 2486 224 127 85 0
3 1302 1309 2488 224 127 85 0
3 2486 2488 1309 224 127 85 0
3 1948 1950 2489 224 127 85 0
3 1946 2490 1950 224 127 85 0
3 2487 2489 2490 224 127 85 0
3 1950 2490 2489 224 127 85 0
3 1302 2488 2485 224 127 85 0
3 2487 2490 2488 224 127 85 0
3 1946 2485 2490 224 127 85 0
3 2488 2490 2485 224 127 85 0
3 1271 2491 1325 224 127 85 0
3 2492 2493 2491 224 127 85 0
3 1327 1325 2493 224 127 85 0
3 2491 2493 1325 224 127 85 0
3 2494 2495 2496 224 127 85 0
3 2497 2498 2495 224 127 85 0
3 2492 2496 2498 224 127 85 0
3 2495 2498 2496 224 127 85 0
3 1308 1331 2499 224 127 85 0
3 1327 2500 1331 224 127 85 0
3 2497 2499 2500 224 127 85 0
3 1331 2500 2499 224 127 85 0
3 2492 2498 2493 224 127 85 0
3 2497 2500 2498 224 127 85 0
3 1327 2493 2500 224 127 85 0
3 2498 2500 2493 224 127 85 0
3 1955 1957 2501 224 127 85 0
3 1960 2502 1957 224 127 85 0
3 2503 2501 2502 224 127 85 0
3 1957 2502 2501 224 127 85 0
3 1948 2504 1966 224 127 85 0
3 2505 2506 2504 224 127 85 0
3 1960 1966 2506 224 127 85 0
3 2504 2506 1966 224 127 85 0
3 2494 2507 2508 224 127 85 0
3 2503 2509 2507 224 127 85 0
3 2505 2508 2509 224 127 85 0
3 2507 2509 2508 224 127 85 0
3 1960 2506 2502 224 127 85 0
3 2505 2509 2506 224 127 85 0
3 2503 2502 2509 224 127 85 0
3 2506 2509 2502 224 127 85 0
3 1308 2499 2486 224 127 85 0
3 2497 2510 2499 224 127 85 0
3 2487 2486 2510 224 127 85 0
3 2499 2510 2486 224 127 85 0
3 2494 2508 2495 224 127 85 0
3 2505 2511 2508 224 127 85 0
3 2497 2495 2511 224 127 85 0
3 2508 2511 2495 224 127 85 0
3 1948 2489 2504 224 127 85 0
3 2487 2512 2489 224 127 85 0
3 2505 2504 2512 224 127 85 0
3 2489 2512 2504 224 127 85 0
3 2497 2511 2510 224 127 85 0
3 2505 2512 2511 224 127 85 0
3 2487 2510 2512 224 127 85 0
3 2511 2512 2510 224 127 85 0
3 225 681 1261 224 127 85 0
3 683 2513 681 224 127 85 0
3 1262 1261 2513 224 127 85 0
3 681 2513 1261 224 127 85 0
3 687 2514 688 224 127 85 0
3 2515 2516 2514 224 127 85 0
3 683 688 2516 224 127 85 0
3 2514 2516 688 224 127 85 0
3 1264 1266 2517 224 127 85 0
3 1262 2518 1266 224 127 85 0
3 2515 2517 2518 224 127 85 0
3 1266 2518 2517 224 127 85 0
3 683 2516 2513 224 127 85 0
3 2515 2518 2516 224 127 85 0
3 1262 2513 2518 224 127 85 0
3 2516 2518 2513 224 127 85 0
3 701 2519 702 224 127 85 0
3 2520 2521 2519 224 127 85 0
3 704 702 2521 224 127 85 0
3 2519 2521 702 224 127 85 0
3 2522 2523 2524 224 127 85 0
3 2525 2526 2523 224 127 85 0
3 2520 2524 2526 224 127 85 0
3 2523 2526 2524 224 127 85 0
3 687 708 2527 224 127 85 0
3 704 2528 708 224 127 85 0
3 2525 2527 2528 224 127 85 0
3 708 2528 2527 224 127 85 0
3 2520 2526 2521 224 127 85 0
3 2525 2528 2526 224 127 85 0
3 704 2521 2528 224 127 85 0
3 2526 2528 2521 224 127 85 0
3 1271 1273 2529 224 127 85 0
3 1276 2530 1273 224 127 85 0
3 2531 2529 2530 224 127 85 0
3 1273 2530 2529 224 127 85 0
3 1264 2532 1282 224 127 85 0
3 2533 2534 2532 224 127 85 0
3 1276 1282 2534 224 127 85 0
3 2532 2534 1282 224 127 85 0
3 2522 2535 2536 224 127 85 0
3 2531 2537 2535 224 127 85 0
3 2533 2536 2537 224 127 85 0
3 2535 2537 2536 224 127 85 0
3 1276 2534 2530 224 127 85 0
3 2533 2537 2534 224 127 85 0
3 2531 2530 2537 224 127 85 0
3 2534 2537 2530 224 127 85 0
3 687 2527 2514 224 127 85 0
3 2525 2538 2527 224 127 85 0
3 2515 2514 2538 224 127 85 0
3 2527 2538 2514 224 127 85 0
3 2522 2536 2523 224 127 85 0
3 2533 2539 2536 224 127 85 0
3 2525 2523 2539 224 127 85 0
3 2536 2539 2523 224 127 85 0
3 1264 2517 2532 224 127 85 0
3 2515 2540 2517 224 127 85 0
3 2533 2532 2540 224 127 85 0
3 2517 2540 2532 224 127 85 0
3 2525 2539 2538 224 127 85 0
3 2533 2540 2539 224 127 85 0
3 2515 2538 2540 224 127 85 0
3 2539 2540 2538 224 127 85 0
3 1955 2501 2463 224 127 85 0
3 2503 2541 2501 224 127 85 0
3 2464 2463 2541 224 127 85 0
3 2501 2541 2463 224 127 85 0
3 2494 2542 2507 224 127 85 0
3 2543 2544 2542 224 127 85 0
3 2503 2507 2544 224 127 85 0
3 2542 2544 2507 224 127 85 0
3 2466 2468 2545 224 127 85 0
3 2464 2546 2468 224 127 85 0
3 2543 2545 2546 224 127 85 0
3 2468 2546 2545 224 127 85 0
3 2503 2544 2541 224 127 85 0
3 2543 2546 2544 224 127 85 0
3 2464 2541 2546 224 127 85 0
3 2544 2546 2541 224 127 85 0
3 1271 2529 2491 224 127 85 0
3 2531 2547 2529 224 127 85 0
3 2492 2491 2547 224 127 85 0
3 2529 2547 2491 224 127 85 0
3 2522 2548 2535 224 127 85 0
3 2549 2550 2548 224 127 85 0
3 2531 2535 2550 224 127 85 0
3 2548 2550 2535 224 127 85 0
3 2494 2496 2551 224 127 85 0
3 2492 2552 2496 224 127 85 0
3 2549 2551 2552 224 127 85 0
3 2496 2552 2551 224 127 85 0
3 2531 2550 2547 224 127 85 0
3 2549 2552 2550 224 127 85 0
3 2492 2547 2552 224 127 85 0
3 2550 2552 2547 224 127 85 0
3 701 2473 2519 224 127 85 0
3 2475 2553 2473 224 127 85 0
3 2520 2519 2553 224 127 85 0
3 2473 2553 2519 224 127 85 0
3 2466 2554 2479 224 127 85 0
3 2555 2556 2554 224 127 85 0
3 2475 2479 2556 224 127 85 0
3 2554 2556 2479 224 127 85 0
3 2522 2524 2557 224 127 85 0
3 2520 2558 2524 224 127 85 0
3 2555 2557 2558 224 127 85 0
3 2524 2558 2557 224 127 85 0
3 2475 2556 2553 224 127 85 0
3 2555 2558 2556 224 127 85 0
3 2520 2553 2558 224 127 85 0
3 2556 2558 2553 224 127 85 0
3 2494 2551 2542 224 127 85 0
3 2549 2559 2551 224 127 85 0
3 2543 2542 2559 224 127 85 0
3 2551 2559 2542 224 127 85 0
3 2522 2557 2548 224 127 85 0
3 2555 2560 2557 224 127 85 0
3 2549 2548 2560 224 127 85 0
3 2557 2560 2548 224 127 85 0
3 2466 2545 2554 224 127 85 0
3 2543 2561 2545 224 127 85 0
3 2555 2554 2561 224 127 85 0
3 2545 2561 2554 224 127 85 0
3 2549 2560 2559 224 127 85 0
3 2555 2561 2560 224 127 85 0
3 2543 2559 2561 224 127 85 0
3 2560 2561 2559 224 127 85 0
