ply
format ascii 1.0
element vertex 2178
property float x
property float y
property float z
element face 4352
property list uchar int vertex_indices
property uchar red
property uchar green
property uchar blue
property int segment_id
end_header
-5.0 -4.0 0.0
-4.6875 -3.75 0.0
-4.6875 -4.0 0.0
-5.0 -3.75 0.0
-5.0 -4.0 2.794893503189087
-4.6875 -4.0 2.8623785972595215
-4.6875 -3.75 2.8262224197387695
-5.0 -3.75 2.761376142501831
-4.6875 -3.5 0.0
-5.0 -3.5 0.0
-4.6875 -3.5 2.7675766944885254
-5.0 -3.5 2.7060370445251465
-4.6875 -3.25 0.0
-5.0 -3.25 0.0
-4.6875 -3.25 2.688652515411377
-5.0 -3.25 2.631051778793335
-4.6875 -3.0 0.0
-5.0 -3.0 0.0
-4.6875 -3.0 2.5922486782073975
-5.0 -3.0 2.539177417755127
-4.6875 -2.75 0.0
-5.0 -2.75 0.0
-4.6875 -2.75 2.4816629886627197
-5.0 -2.75 2.4336626529693604
-4.6875 -2.5 0.0
-5.0 -2.5 0.0
-4.6875 -2.5 2.360586404800415
-5.0 -2.5 2.3181447982788086
-4.6875 -2.25 0.0
-5.0 -2.25 0.0
-4.6875 -2.25 2.2329890727996826
-5.0 -2.25 2.1965343952178955
-4.6875 -2.0 0.0
-5.0 -2.0 0.0
-4.6875 -2.0 2.1029951572418213
-5.0 -2.0 2.0728914737701416
-4.6875 -1.75 0.0
-5.0 -1.75 0.0
-4.6875 -1.75 1.9747544527053833
-5.0 -1.75 1.951298713684082
-4.6875 -1.5 0.0
-5.0 -1.5 0.0
-4.6875 -1.5 1.8523145914077759
-5.0 -1.5 1.8357335329055786
-4.6875 -1.25 0.0
-5.0 -1.25 0.0
-4.6875 -1.25 1.7394959926605225
-5.0 -1.25 1.729943871498108
-4.6875 -1.0 0.0
-5.0 -1.0 0.0
-4.6875 -1.0 1.6397736072540283
-5.0 -1.0 1.637331247329712
-4.6875 -0.75 0.0
-5.0 -0.75 0.0
-4.6875 -0.75 1.5561714172363281
-5.0 -0.75 1.5608457326889038
-4.6875 -0.5 0.0
-5.0 -0.5 0.0
-4.6875 -0.5 1.4911695718765259
-5.0 -0.5 1.5028941631317139
-4.6875 -0.25 0.0
-5.0 -0.25 0.0
-4.6875 -0.25 1.4466297626495361
-5.0 -0.25 1.4652661085128784
-4.6875 0.0 0.0
-5.0 0.0 0.0
-4.6875 0.0 1.4237395524978638
-5.0 0.0 1.4490787982940674
-4.6875 0.25 0.0
-5.0 0.25 0.0
-4.6875 0.25 1.4229775667190552
-5.0 0.25 1.4547438621520996
-4.6875 0.5 0.0
-5.0 0.5 0.0
-4.6875 0.5 1.4441014528274536
-5.0 0.5 1.48195481300354
-4.6875 0.75 0.0
-5.0 0.75 0.0
-4.6875 0.75 1.486157774925232
-5.0 0.75 1.5296986103057861
-4.6875 1.0 0.0
-5.0 1.0 0.0
-4.6875 1.0 1.5475139617919922
-5.0 1.0 1.5962873697280884
-4.6875 1.25 0.0
-5.0 1.25 0.0
-4.6875 1.25 1.625912070274353
-5.0 1.25 1.6794134378433228
-4.6875 1.5 0.0
-5.0 1.5 0.0
-4.6875 1.5 1.7185413837432861
-5.0 1.5 1.7762213945388794
-4.6875 1.75 0.0
-5.0 1.75 0.0
-4.6875 1.75 1.822128415107727
-5.0 1.75 1.883399486541748
-4.6875 2.0 0.0
-5.0 2.0 0.0
-4.6875 2.0 1.9330414533615112
-5.0 2.0 1.9972835779190063
-4.6875 2.25 0.0
-5.0 2.25 0.0
-4.6875 2.25 2.047405958175659
-5.0 2.25 2.113973379135132
-4.6875 2.5 0.0
-5.0 2.5 0.0
-4.6875 2.5 2.1612279415130615
-5.0 2.5 2.2294554710388184
-4.6875 2.75 0.0
-5.0 2.75 0.0
-4.6875 2.75 2.2705209255218506
-5.0 2.75 2.339731216430664
-4.6875 3.0 0.0
-5.0 3.0 0.0
-4.6875 3.0 2.3714330196380615
-5.0 3.0 2.4409425258636475
-4.6875 3.25 0.0
-5.0 3.25 0.0
-4.6875 3.25 2.460369348526001
-5.0 3.25 2.5294947624206543
-4.6875 3.5 0.0
-5.0 3.5 0.0
-4.6875 3.5 2.534107208251953
-5.0 3.5 2.602172613143921
-4.6875 3.75 0.0
-5.0 3.75 0.0
-4.6875 3.75 2.5898993015289307
-5.0 3.75 2.6562423706054688
-4.6875 4.0 0.0
-5.0 4.0 0.0
-4.6875 4.0 2.625562906265259
-5.0 4.0 2.6895406246185303
-4.375 -3.75 0.0
-4.375 -4.0 0.0
-4.375 -4.0 2.890209197998047
-4.375 -3.75 2.852085828781128
-4.375 -3.5 0.0
-4.375 -3.5 2.7917799949645996
-4.375 -3.25 0.0
-4.375 -3.25 2.7114546298980713
-4.375 -3.0 0.0
-4.375 -3.0 2.6138432025909424
-4.375 -2.75 0.0
-4.375 -2.75 2.502161979675293
-4.375 -2.5 0.0
-4.375 -2.5 2.3800108432769775
-4.375 -2.25 0.0
-4.375 -2.25 2.251260757446289
-4.375 -2.0 0.0
-4.375 -2.0 2.11993408203125
-4.375 -1.75 0.0
-4.375 -1.75 1.9900810718536377
-4.375 -1.5 0.0
-4.375 -1.5 1.8656553030014038
-4.375 -1.25 0.0
-4.375 -1.25 1.7503938674926758
-4.375 -1.0 0.0
-4.375 -1.0 1.6477030515670776
-4.375 -0.75 0.0
-4.375 -0.75 1.5605556964874268
-4.375 -0.5 0.0
-4.375 -0.5 1.4914021492004395
-4.375 -0.25 0.0
-4.375 -0.25 1.4420974254608154
-4.375 0.0 0.0
-4.375 0.0 1.4138472080230713
-4.375 0.25 0.0
-4.375 0.25 1.4071738719940186
-4.375 0.5 0.0
-4.375 0.5 1.4219039678573608
-4.375 0.75 0.0
-4.375 0.75 1.4571772813796997
-4.375 1.0 0.0
-4.375 1.0 1.5114773511886597
-4.375 1.25 0.0
-4.375 1.25 1.5826820135116577
-4.375 1.5 0.0
-4.375 1.5 1.668133020401001
-4.375 1.75 0.0
-4.375 1.75 1.7647218704223633
-4.375 2.0 0.0
-4.375 2.0 1.8689898252487183
-4.375 2.25 0.0
-4.375 2.25 1.977238655090332
-4.375 2.5 0.0
-4.375 2.5 2.085648775100708
-4.375 2.75 0.0
-4.375 2.75 2.190401315689087
-4.375 3.0 0.0
-4.375 3.0 2.2877986431121826
-4.375 3.25 0.0
-4.375 3.25 2.3743844032287598
-4.375 3.5 0.0
-4.375 3.5 2.447051525115967
-4.375 3.75 0.0
-4.375 3.75 2.503143787384033
-4.375 4.0 0.0
-4.375 4.0 2.5405399799346924
-4.0625 -3.75 0.0
-4.0625 -4.0 0.0
-4.0625 -4.0 2.8750815391540527
-4.0625 -3.75 2.8359036445617676
-4.0625 -3.5 0.0
-4.0625 -3.5 2.775832176208496
-4.0625 -3.25 0.0
-4.0625 -3.25 2.6968994140625
-4.0625 -3.0 0.0
-4.0625 -3.0 2.6016652584075928
-4.0625 -2.75 0.0
-4.0625 -2.75 2.493137836456299
-4.0625 -2.5 0.0
-4.0625 -2.5 2.374680519104004
-4.0625 -2.25 0.0
-4.0625 -2.25 2.249908447265625
-4.0625 -2.0 0.0
-4.0625 -2.0 2.1225788593292236
-4.0625 -1.75 0.0
-4.0625 -1.75 1.9964759349822998
-4.0625 -1.5 0.0
-4.0625 -1.5 1.8752970695495605
-4.0625 -1.25 0.0
-4.0625 -1.25 1.7625409364700317
-4.0625 -1.0 0.0
-4.0625 -1.0 1.6614028215408325
-4.0625 -0.75 0.0
-4.0625 -0.75 1.5746794939041138
-4.0625 -0.5 0.0
-4.0625 -0.5 1.504686951637268
-4.0625 -0.25 0.0
-4.0625 -0.25 1.4531923532485962
-4.0625 0.0 0.0
-4.0625 0.0 1.4213645458221436
-4.0625 0.25 0.0
-4.0625 0.25 1.409741759300232
-4.0625 0.5 0.0
-4.0625 0.5 1.4182199239730835
-4.0625 0.75 0.0
-4.0625 0.75 1.446060061454773
-4.0625 1.0 0.0
-4.0625 1.0 1.4919159412384033
-4.0625 1.25 0.0
-4.0625 1.25 1.553880214691162
-4.0625 1.5 0.0
-4.0625 1.5 1.629547357559204
-4.0625 1.75 0.0
-4.0625 1.75 1.716092586517334
-4.0625 2.0 0.0
-4.0625 2.0 1.8103634119033813
-4.0625 2.25 0.0
-4.0625 2.25 1.9089804887771606
-4.0625 2.5 0.0
-4.0625 2.5 2.008446455001831
-4.0625 2.75 0.0
-4.0625 2.75 2.105257034301758
-4.0625 3.0 0.0
-4.0625 3.0 2.1960132122039795
-4.0625 3.25 0.0
-4.0625 3.25 2.277529239654541
-4.0625 3.5 0.0
-4.0625 3.5 2.3469340801239014
-4.0625 3.75 0.0
-4.0625 3.75 2.4017632007598877
-4.0625 4.0 0.0
-4.0625 4.0 2.4400365352630615
-3.75 -3.75 0.0
-3.75 -4.0 0.0
-3.75 -4.0 2.81595778465271
-3.75 -3.75 2.7768921852111816
-3.75 -3.5 0.0
-3.75 -3.5 2.719165802001953
-3.75 -3.25 0.0
-3.75 -3.25 2.6446001529693604
-3.75 -3.0 0.0
-3.75 -3.0 2.555478811264038
-3.75 -2.75 0.0
-3.75 -2.75 2.454479932785034
-3.75 -2.5 0.0
-3.75 -2.5 2.344592809677124
-3.75 -2.25 0.0
-3.75 -2.25 2.2290284633636475
-3.75 -2.0 0.0
-3.75 -2.0 2.1111230850219727
-3.75 -1.75 0.0
-3.75 -1.75 1.9942375421524048
-3.75 -1.5 0.0
-3.75 -1.5 1.8816580772399902
-3.75 -1.25 0.0
-3.75 -1.25 1.7764973640441895
-3.75 -1.0 0.0
-3.75 -1.0 1.6816039085388184
-3.75 -0.75 0.0
-3.75 -0.75 1.5994781255722046
-3.75 -0.5 0.0
-3.75 -0.5 1.5322000980377197
-3.75 -0.25 0.0
-3.75 -0.25 1.4813698530197144
-3.75 0.0 0.0
-3.75 0.0 1.4480640888214111
-3.75 0.25 0.0
-3.75 0.25 1.4328067302703857
-3.75 0.5 0.0
-3.75 0.5 1.4355589151382446
-3.75 0.75 0.0
-3.75 0.75 1.4557247161865234
-3.75 1.0 0.0
-3.75 1.0 1.492174506187439
-3.75 1.25 0.0
-3.75 1.25 1.5432846546173096
-3.75 1.5 0.0
-3.75 1.5 1.606992244720459
-3.75 1.75 0.0
-3.75 1.75 1.6808630228042603
-3.75 2.0 0.0
-3.75 2.0 1.7621709108352661
-3.75 2.25 0.0
-3.75 2.25 1.8479852676391602
-3.75 2.5 0.0
-3.75 2.5 1.9352658987045288
-3.75 2.75 0.0
-3.75 2.75 2.0209593772888184
-3.75 3.0 0.0
-3.75 3.0 2.10209584236145
-3.75 3.25 0.0
-3.75 3.25 2.175884962081909
-3.75 3.5 0.0
-3.75 3.5 2.2398018836975098
-3.75 3.75 0.0
-3.75 3.75 2.291668653488159
-3.75 4.0 0.0
-3.75 4.0 2.3297231197357178
-3.4375 -3.75 0.0
-3.4375 -4.0 0.0
-3.4375 -4.0 2.7142386436462402
-3.4375 -3.75 2.67669415473938
-3.4375 -3.5 0.0
-3.4375 -3.5 2.6235814094543457
-3.4375 -3.25 0.0
-3.4375 -3.25 2.556436777114868
-3.4375 -3.0 0.0
-3.4375 -3.0 2.477174758911133
-3.4375 -2.75 0.0
-3.4375 -2.75 2.388031482696533
-3.4375 -2.5 0.0
-3.4375 -2.5 2.2914981842041016
-3.4375 -2.25 0.0
-3.4375 -2.25 2.190247058868408
-3.4375 -2.0 0.0
-3.4375 -2.0 2.087052345275879
-3.4375 -1.75 0.0
-3.4375 -1.75 1.9847092628479004
-3.4375 -1.5 0.0
-3.4375 -1.5 1.885952115058899
-3.4375 -1.25 0.0
-3.4375 -1.25 1.7933743000030518
-3.4375 -1.0 0.0
-3.4375 -1.0 1.7093533277511597
-3.4375 -0.75 0.0
-3.4375 -0.75 1.6359832286834717
-3.4375 -0.5 0.0
-3.4375 -0.5 1.5750149488449097
-3.4375 -0.25 0.0
-3.4375 -0.25 1.5278074741363525
-3.4375 0.0 0.0
-3.4375 0.0 1.495291829109192
-3.4375 0.25 0.0
-3.4375 0.25 1.4779478311538696
-3.4375 0.5 0.0
-3.4375 0.5 1.4757939577102661
-3.4375 0.75 0.0
-3.4375 0.75 1.4883922338485718
-3.4375 1.0 0.0
-3.4375 1.0 1.5148669481277466
-3.4375 1.25 0.0
-3.4375 1.25 1.5539357662200928
-3.4375 1.5 0.0
-3.4375 1.5 1.6039539575576782
-3.4375 1.75 0.0
-3.4375 1.75 1.6629689931869507
-3.4375 2.0 0.0
-3.4375 2.0 1.7287846803665161
-3.4375 2.25 0.0
-3.4375 2.25 1.7990317344665527
-3.4375 2.5 0.0
-3.4375 2.5 1.871244192123413
-3.4375 2.75 0.0
-3.4375 2.75 1.9429377317428589
-3.4375 3.0 0.0
-3.4375 3.0 2.011688470840454
-3.4375 3.25 0.0
-3.4375 3.25 2.075208902359009
-3.4375 3.5 0.0
-3.4375 3.5 2.131420373916626
-3.4375 3.75 0.0
-3.4375 3.75 2.1785173416137695
-3.4375 4.0 0.0
-3.4375 4.0 2.2150235176086426
-3.125 -3.75 0.0
-3.125 -4.0 0.0
-3.125 -4.0 2.573786973953247
-3.125 -3.75 2.5393717288970947
-3.125 -3.5 0.0
-3.125 -3.5 2.493213653564453
-3.125 -3.25 0.0
-3.125 -3.25 2.4364993572235107
-3.125 -3.0 0.0
-3.125 -3.0 2.3706929683685303
-3.125 -2.75 0.0
-3.125 -2.75 2.2974936962127686
-3.125 -2.5 0.0
-3.125 -2.5 2.218787908554077
-3.125 -2.25 0.0
-3.125 -2.25 2.1365933418273926
-3.125 -2.0 0.0
-3.125 -2.0 2.0530033111572266
-3.125 -1.75 0.0
-3.125 -1.75 1.9701255559921265
-3.125 -1.5 0.0
-3.125 -1.5 1.890023112297058
-3.125 -1.25 0.0
-3.125 -1.25 1.8146551847457886
-3.125 -1.0 0.0
-3.125 -1.0 1.7458230257034302
-3.125 -0.75 0.0
-3.125 -0.75 1.685119390487671
-3.125 -0.5 0.0
-3.125 -0.5 1.6338847875595093
-3.125 -0.25 0.0
-3.125 -0.25 1.593172311782837
-3.125 0.0 0.0
-3.125 0.0 1.5637202262878418
-3.125 0.25 0.0
-3.125 0.25 1.5459343194961548
-3.125 0.5 0.0
-3.125 0.5 1.5398807525634766
-3.125 0.75 0.0
-3.125 0.75 1.5452886819839478
-3.125 1.0 0.0
-3.125 1.0 1.5615627765655518
-3.125 1.25 0.0
-3.125 1.25 1.5878064632415771
-3.125 1.5 0.0
-3.125 1.5 1.6228523254394531
-3.125 1.75 0.0
-3.125 1.75 1.6653023958206177
-3.125 2.0 0.0
-3.125 2.0 1.7135733366012573
-3.125 2.25 0.0
-3.125 2.25 1.7659480571746826
-3.125 2.5 0.0
-3.125 2.5 1.820630669593811
-3.125 2.75 0.0
-3.125 2.75 1.875802993774414
-3.125 3.0 0.0
-3.125 3.0 1.9296818971633911
-3.125 3.25 0.0
-3.125 3.25 1.9805744886398315
-3.125 3.5 0.0
-3.125 3.5 2.026930332183838
-3.125 3.75 0.0
-3.125 3.75 2.0673890113830566
-3.125 4.0 0.0
-3.125 4.0 2.100820779800415
-2.8125 -3.75 0.0
-2.8125 -4.0 0.0
-2.8125 -4.0 2.400794506072998
-2.8125 -3.75 2.371244430541992
-2.8125 -3.5 0.0
-2.8125 -3.5 2.334345817565918
-2.8125 -3.25 0.0
-2.8125 -3.25 2.2908833026885986
-2.8125 -3.0 0.0
-2.8125 -3.0 2.241805076599121
-2.8125 -2.75 0.0
-2.8125 -2.75 2.188197612762451
-2.8125 -2.5 0.0
-2.8125 -2.5 2.131258487701416
-2.8125 -2.25 0.0
-2.8125 -2.25 2.0722618103027344
-2.8125 -2.0 0.0
-2.8125 -2.0 2.0125255584716797
-2.8125 -1.75 0.0
-2.8125 -1.75 1.9533754587173462
-2.8125 -1.5 0.0
-2.8125 -1.5 1.896109700202942
-2.8125 -1.25 0.0
-2.8125 -1.25 1.8419642448425293
-2.8125 -1.0 0.0
-2.8125 -1.0 1.7920805215835571
-2.8125 -0.75 0.0
-2.8125 -0.75 1.7474751472473145
-2.8125 -0.5 0.0
-2.8125 -0.5 1.7090142965316772
-2.8125 -0.25 0.0
-2.8125 -0.25 1.6773921251296997
-2.8125 0.0 0.0
-2.8125 0.0 1.6531144380569458
-2.8125 0.25 0.0
-2.8125 0.25 1.6364877223968506
-2.8125 0.5 0.0
-2.8125 0.5 1.6276142597198486
-2.8125 0.75 0.0
-2.8125 0.75 1.6263928413391113
-2.8125 1.0 0.0
-2.8125 1.0 1.6325258016586304
-2.8125 1.25 0.0
-2.8125 1.25 1.6455312967300415
-2.8125 1.5 0.0
-2.8125 1.5 1.6647610664367676
-2.8125 1.75 0.0
-2.8125 1.75 1.689422845840454
-2.8125 2.0 0.0
-2.8125 2.0 1.7186062335968018
-2.8125 2.25 0.0
-2.8125 2.25 1.751312494277954
-2.8125 2.5 0.0
-2.8125 2.5 1.786486029624939
-2.8125 2.75 0.0
-2.8125 2.75 1.8230470418930054
-2.8125 3.0 0.0
-2.8125 3.0 1.8599244356155396
-2.8125 3.25 0.0
-2.8125 3.25 1.896088719367981
-2.8125 3.5 0.0
-2.8125 3.5 1.9305816888809204
-2.8125 3.75 0.0
-2.8125 3.75 1.9625449180603027
-2.8125 4.0 0.0
-2.8125 4.0 1.9912433624267578
-2.5 -3.75 0.0
-2.5 -4.0 0.0
-2.5 -4.0 2.20349383354187
-2.5 -3.75 2.1805763244628906
-2.5 -3.5 0.0
-2.5 -3.5 2.1550798416137695
-2.5 -3.25 0.0
-2.5 -3.25 2.127347707748413
-2.5 -3.0 0.0
-2.5 -3.0 2.097766160964966
-2.5 -2.75 0.0
-2.5 -2.75 2.066758394241333
-2.5 -2.5 0.0
-2.5 -2.5 2.0347743034362793
-2.5 -2.25 0.0
-2.5 -2.25 2.002284049987793
-2.5 -2.0 0.0
-2.5 -2.0 1.9697672128677368
-2.5 -1.75 0.0
-2.5 -1.75 1.9377038478851318
-2.5 -1.5 0.0
-2.5 -1.5 1.9065649509429932
-2.5 -1.25 0.0
-2.5 -1.25 1.8768028020858765
-2.5 -1.0 0.0
-2.5 -1.0 1.848842740058899
-2.5 -0.75 0.0
-2.5 -0.75 1.823074460029602
-2.5 -0.5 0.0
-2.5 -0.5 1.7998448610305786
-2.5 -0.25 0.0
-2.5 -0.25 1.7794519662857056
-2.5 0.0 0.0
-2.5 0.0 1.7621400356292725
-2.5 0.25 0.0
-2.5 0.25 1.7480956315994263
-2.5 0.5 0.0
-2.5 0.5 1.73744535446167
-2.5 0.75 0.0
-2.5 0.75 1.7302554845809937
-2.5 1.0 0.0
-2.5 1.0 1.7265316247940063
-2.5 1.25 0.0
-2.5 1.25 1.7262215614318848
-2.5 1.5 0.0
-2.5 1.5 1.7292181253433228
-2.5 1.75 0.0
-2.5 1.75 1.7353636026382446
-2.5 2.0 0.0
-2.5 2.0 1.744455099105835
-2.5 2.25 0.0
-2.5 2.25 1.756251335144043
-2.5 2.5 0.0
-2.5 2.5 1.7704793214797974
-2.5 2.75 0.0
-2.5 2.75 1.7868417501449585
-2.5 3.0 0.0
-2.5 3.0 1.8050251007080078
-2.5 3.25 0.0
-2.5 3.25 1.8247066736221313
-2.5 3.5 0.0
-2.5 3.5 1.8455630540847778
-2.5 3.75 0.0
-2.5 3.75 1.8672761917114258
-2.5 4.0 0.0
-2.5 4.0 1.8895409107208252
-2.1875 -3.75 0.0
-2.1875 -4.0 0.0
-2.1875 -4.0 1.991732120513916
-2.1875 -3.75 1.9771300554275513
-2.1875 -3.5 0.0
-2.1875 -3.5 1.964877963066101
-2.1875 -3.25 0.0
-2.1875 -3.25 1.9548559188842773
-2.1875 -3.0 0.0
-2.1875 -3.0 1.9468647241592407
-2.1875 -2.75 0.0
-2.1875 -2.75 1.9406360387802124
-2.1875 -2.5 0.0
-2.1875 -2.5 1.9358468055725098
-2.1875 -2.25 0.0
-2.1875 -2.25 1.9321335554122925
-2.1875 -2.0 0.0
-2.1875 -2.0 1.9291085004806519
-2.1875 -1.75 0.0
-2.1875 -1.75 1.9263771772384644
-2.1875 -1.5 0.0
-2.1875 -1.5 1.923554539680481
-2.1875 -1.25 0.0
-2.1875 -1.25 1.9202816486358643
-2.1875 -1.0 0.0
-2.1875 -1.0 1.9162412881851196
-2.1875 -0.75 0.0
-2.1875 -0.75 1.911171793937683
-2.1875 -0.5 0.0
-2.1875 -0.5 1.9048786163330078
-2.1875 -0.25 0.0
-2.1875 -0.25 1.897243857383728
-2.1875 0.0 0.0
-2.1875 0.0 1.8882331848144531
-2.1875 0.25 0.0
-2.1875 0.25 1.877899408340454
-2.1875 0.5 0.0
-2.1875 0.5 1.8663830757141113
-2.1875 0.75 0.0
-2.1875 0.75 1.853909969329834
-2.1875 1.0 0.0
-2.1875 1.0 1.8407851457595825
-2.1875 1.25 0.0
-2.1875 1.25 1.8273850679397583
-2.1875 1.5 0.0
-2.1875 1.5 1.814145803451538
-2.1875 1.75 0.0
-2.1875 1.75 1.8015495538711548
-2.1875 2.0 0.0
-2.1875 2.0 1.7901090383529663
-2.1875 2.25 0.0
-2.1875 2.25 1.780351161956787
-2.1875 2.5 0.0
-2.1875 2.5 1.7727980613708496
-2.1875 2.75 0.0
-2.1875 2.75 1.7679500579833984
-2.1875 3.0 0.0
-2.1875 3.0 1.7662668228149414
-2.1875 3.25 0.0
-2.1875 3.25 1.768150806427002
-2.1875 3.5 0.0
-2.1875 3.5 1.7739309072494507
-2.1875 3.75 0.0
-2.1875 3.75 1.7838491201400757
-2.1875 4.0 0.0
-2.1875 4.0 1.7980483770370483
-1.875 -3.75 0.0
-1.875 -4.0 0.0
-1.875 -4.0 1.776430368423462
-1.875 -3.75 1.7716144323349
-1.875 -3.5 0.0
-1.875 -3.5 1.7740108966827393
-1.875 -3.25 0.0
-1.875 -3.25 1.783032774925232
-1.875 -3.0 0.0
-1.875 -3.0 1.7978936433792114
-1.875 -2.75 0.0
-1.875 -2.75 1.817636489868164
-1.875 -2.5 0.0
-1.875 -2.5 1.8411680459976196
-1.875 -2.25 0.0
-1.875 -2.25 1.8672974109649658
-1.875 -2.0 0.0
-1.875 -2.0 1.894776463508606
-1.875 -1.75 0.0
-1.875 -1.75 1.9223432540893555
-1.875 -1.5 0.0
-1.875 -1.5 1.9487638473510742
-1.875 -1.25 0.0
-1.875 -1.25 1.9728751182556152
-1.875 -1.0 0.0
-1.875 -1.0 1.9936227798461914
-1.875 -0.75 0.0
-1.875 -0.75 2.0100972652435303
-1.875 -0.5 0.0
-1.875 -0.5 2.021564245223999
-1.875 -0.25 0.0
-1.875 -0.25 2.027489423751831
-1.875 0.0 0.0
-1.875 0.0 2.0275559425354004
-1.875 0.25 0.0
-1.875 0.25 2.021677017211914
-1.875 0.5 0.0
-1.875 0.5 2.009997844696045
-1.875 0.75 0.0
-1.875 0.75 1.9928922653198242
-1.875 1.0 0.0
-1.875 1.0 1.9709510803222656
-1.875 1.25 0.0
-1.875 1.25 1.9449632167816162
-1.875 1.5 0.0
-1.875 1.5 1.9158906936645508
-1.875 1.75 0.0
-1.875 1.75 1.8848371505737305
-1.875 2.0 0.0
-1.875 2.0 1.8530124425888062
-1.875 2.25 0.0
-1.875 2.25 1.8216925859451294
-1.875 2.5 0.0
-1.875 2.5 1.7921780347824097
-1.875 2.75 0.0
-1.875 2.75 1.765750765800476
-1.875 3.0 0.0
-1.875 3.0 1.7436307668685913
-1.875 3.25 0.0
-1.875 3.25 1.7269349098205566
-1.875 3.5 0.0
-1.875 3.5 1.7166385650634766
-1.875 3.75 0.0
-1.875 3.75 1.7135409116744995
-1.875 4.0 0.0
-1.875 4.0 1.718235731124878
-1.5625 -3.75 0.0
-1.5625 -4.0 0.0
-1.5625 -4.0 1.5689595937728882
-1.5625 -3.75 1.5750598907470703
-1.5625 -3.5 0.0
-1.5625 -3.5 1.592942476272583
-1.5625 -3.25 0.0
-1.5625 -3.25 1.6215684413909912
-1.5625 -3.0 0.0
-1.5625 -3.0 1.659587025642395
-1.5625 -2.75 0.0
-1.5625 -2.75 1.7053827047348022
-1.5625 -2.5 0.0
-1.5625 -2.5 1.7571284770965576
-1.5625 -2.25 0.0
-1.5625 -2.25 1.8128458261489868
-1.5625 -2.0 0.0
-1.5625 -2.0 1.870469570159912
-1.5625 -1.75 0.0
-1.5625 -1.75 1.9279143810272217
-1.5625 -1.5 0.0
-1.5625 -1.5 1.9831416606903076
-1.5625 -1.25 0.0
-1.5625 -1.25 2.034224510192871
-1.5625 -1.0 0.0
-1.5625 -1.0 2.079409599304199
-1.5625 -0.75 0.0
-1.5625 -0.75 2.1171720027923584
-1.5625 -0.5 0.0
-1.5625 -0.5 2.146263360977173
-1.5625 -0.25 0.0
-1.5625 -0.25 2.1657514572143555
-1.5625 0.0 0.0
-1.5625 0.0 2.1750478744506836
-1.5625 0.25 0.0
-1.5625 0.25 2.1739280223846436
-1.5625 0.5 0.0
-1.5625 0.5 2.1625349521636963
-1.5625 0.75 0.0
-1.5625 0.75 2.141375780105591
-1.5625 1.0 0.0
-1.5625 1.0 2.1113040447235107
-1.5625 1.25 0.0
-1.5625 1.25 2.073490619659424
-1.5625 1.5 0.0
-1.5625 1.5 2.0293872356414795
-1.5625 1.75 0.0
-1.5625 1.75 1.9806773662567139
-1.5625 2.0 0.0
-1.5625 2.0 1.929222822189331
-1.5625 2.25 0.0
-1.5625 2.25 1.877002239227295
-1.5625 2.5 0.0
-1.5625 2.5 1.8260469436645508
-1.5625 2.75 0.0
-1.5625 2.75 1.7783747911453247
-1.5625 3.0 0.0
-1.5625 3.0 1.7359232902526855
-1.5625 3.25 0.0
-1.5625 3.25 1.700486183166504
-1.5625 3.5 0.0
-1.5625 3.5 1.673653244972229
-1.5625 3.75 0.0
-1.5625 3.75 1.656757116317749
-1.5625 4.0 0.0
-1.5625 4.0 1.6508270502090454
-1.25 -3.75 0.0
-1.25 -4.0 0.0
-1.25 -4.0 1.3804761171340942
-1.25 -3.75 1.3981618881225586
-1.25 -3.5 0.0
-1.25 -3.5 1.4316937923431396
-1.25 -3.25 0.0
-1.25 -3.25 1.4796141386032104
-1.25 -3.0 0.0
-1.25 -3.0 1.5400553941726685
-1.25 -2.75 0.0
-1.25 -2.75 1.610801339149475
-1.25 -2.5 0.0
-1.25 -2.5 1.6893582344055176
-1.25 -2.25 0.0
-1.25 -2.25 1.773034691810608
-1.25 -2.0 0.0
-1.25 -2.0 1.8590264320373535
-1.25 -1.75 0.0
-1.25 -1.75 1.9445046186447144
-1.25 -1.5 0.0
-1.25 -1.5 2.0267043113708496
-1.25 -1.25 0.0
-1.25 -1.25 2.103010654449463
-1.25 -1.0 0.0
-1.25 -1.0 2.171038866043091
-1.25 -0.75 0.0
-1.25 -0.75 2.2287089824676514
-1.25 -0.5 0.0
-1.25 -0.5 2.274308443069458
-1.25 -0.25 0.0
-1.25 -0.25 2.306544303894043
-1.25 0.0 0.0
-1.25 0.0 2.3245816230773926
-1.25 0.25 0.0
-1.25 0.25 2.3280673027038574
-1.25 0.5 0.0
-1.25 0.5 2.317139148712158
-1.25 0.75 0.0
-1.25 0.75 2.292419672012329
-1.25 1.0 0.0
-1.25 1.0 2.254992961883545
-1.25 1.25 0.0
-1.25 1.25 2.206369161605835
-1.25 1.5 0.0
-1.25 1.5 2.148434638977051
-1.25 1.75 0.0
-1.25 1.75 2.083390474319458
-1.25 2.0 0.0
-1.25 2.0 2.0136799812316895
-1.25 2.25 0.0
-1.25 2.25 1.941910743713379
-1.25 2.5 0.0
-1.25 2.5 1.8707695007324219
-1.25 2.75 0.0
-1.25 2.75 1.802935242652893
-1.25 3.0 0.0
-1.25 3.0 1.7409920692443848
-1.25 3.25 0.0
-1.25 3.25 1.6873459815979004
-1.25 3.5 0.0
-1.25 3.5 1.6441452503204346
-1.25 3.75 0.0
-1.25 3.75 1.6132100820541382
-1.25 4.0 0.0
-1.25 4.0 1.5959724187850952
-0.9375 -3.75 0.0
-0.9375 -4.0 0.0
-0.9375 -4.0 1.221256136894226
-0.9375 -3.75 1.250636339187622
-0.9375 -3.5 0.0
-0.9375 -3.5 1.2992286682128906
-0.9375 -3.25 0.0
-0.9375 -3.25 1.3652088642120361
-0.9375 -3.0 0.0
-0.9375 -3.0 1.4462618827819824
-0.9375 -2.75 0.0
-0.9375 -2.75 1.5396552085876465
-0.9375 -2.5 0.0
-0.9375 -2.5 1.6423250436782837
-0.9375 -2.25 0.0
-0.9375 -2.25 1.7509721517562866
-0.9375 -2.0 0.0
-0.9375 -2.0 1.8621642589569092
-0.9375 -1.75 0.0
-0.9375 -1.75 1.972441554069519
-0.9375 -1.5 0.0
-0.9375 -1.5 2.0784237384796143
-0.9375 -1.25 0.0
-0.9375 -1.25 2.176913022994995
-0.9375 -1.0 0.0
-0.9375 -1.0 2.264991283416748
-0.9375 -0.75 0.0
-0.9375 -0.75 2.3401083946228027
-0.9375 -0.5 0.0
-0.9375 -0.5 2.4001588821411133
-0.9375 -0.25 0.0
-0.9375 -0.25 2.4435441493988037
-0.9375 0.0 0.0
-0.9375 0.0 2.469219446182251
-0.9375 0.25 0.0
-0.9375 0.25 2.476722240447998
-0.9375 0.5 0.0
-0.9375 0.5 2.4661831855773926
-0.9375 0.75 0.0
-0.9375 0.75 2.438319444656372
-0.9375 1.0 0.0
-0.9375 1.0 2.3944077491760254
-0.9375 1.25 0.0
-0.9375 1.25 2.3362419605255127
-0.9375 1.5 0.0
-0.9375 1.5 2.266072988510132
-0.9375 1.75 0.0
-0.9375 1.75 2.1865363121032715
-0.9375 2.0 0.0
-0.9375 2.0 2.100565195083618
-0.9375 2.25 0.0
-0.9375 2.25 2.0112974643707275
-0.9375 2.5 0.0
-0.9375 2.5 1.921973466873169
-0.9375 2.75 0.0
-0.9375 2.75 1.8358327150344849
-0.9375 3.0 0.0
-0.9375 3.0 1.7560091018676758
-0.9375 3.25 0.0
-0.9375 3.25 1.6854310035705566
-0.9375 3.5 0.0
-0.9375 3.5 1.6267260313034058
-0.9375 3.75 0.0
-0.9375 3.75 1.5821367502212524
-0.9375 4.0 0.0
-0.9375 4.0 1.5534473657608032
-0.625 -3.75 0.0
-0.625 -4.0 0.0
-0.625 -4.0 1.1000748872756958
-0.625 -3.75 1.1406277418136597
-0.625 -3.5 0.0
-0.625 -3.5 1.202901840209961
-0.625 -3.25 0.0
-0.625 -3.25 1.2847751379013062
-0.625 -3.0 0.0
-0.625 -3.0 1.3835747241973877
-0.625 -2.75 0.0
-0.625 -2.75 1.496159553527832
-0.625 -2.5 0.0
-0.625 -2.5 1.6190178394317627
-0.625 -2.25 0.0
-0.625 -2.25 1.748375415802002
-0.625 -2.0 0.0
-0.625 -2.0 1.8803105354309082
-0.625 -1.75 0.0
-0.625 -1.75 2.010874032974243
-0.625 -1.5 0.0
-0.625 -1.5 2.136209011077881
-0.625 -1.25 0.0
-0.625 -1.25 2.252666711807251
-0.625 -1.0 0.0
-0.625 -1.0 2.356917142868042
-0.625 -0.75 0.0
-0.625 -0.75 2.446047782897949
-0.625 -0.5 0.0
-0.625 -0.5 2.5176503658294678
-0.625 -0.25 0.0
-0.625 -0.25 2.5698904991149902
-0.625 0.0 0.0
-0.625 0.0 2.6015615463256836
-0.625 0.25 0.0
-0.625 0.25 2.6121163368225098
-0.625 0.5 0.0
-0.625 0.5 2.601679801940918
-0.625 0.75 0.0
-0.625 0.75 2.5710415840148926
-0.625 1.0 0.0
-0.625 1.0 2.5216264724731445
-0.625 1.25 0.0
-0.625 1.25 2.4554455280303955
-0.625 1.5 0.0
-0.625 1.5 2.3750314712524414
-0.625 1.75 0.0
-0.625 1.75 2.283353805541992
-0.625 2.0 0.0
-0.625 2.0 2.183725118637085
-0.625 2.25 0.0
-0.625 2.25 2.079693078994751
-0.625 2.5 0.0
-0.625 2.5 1.9749282598495483
-0.625 2.75 0.0
-0.625 2.75 1.873106598854065
-0.625 3.0 0.0
-0.625 3.0 1.7777920961380005
-0.625 3.25 0.0
-0.625 3.25 1.692323923110962
-0.625 3.5 0.0
-0.625 3.5 1.619709849357605
-0.625 3.75 0.0
-0.625 3.75 1.562530517578125
-0.625 4.0 0.0
-0.625 4.0 1.5228567123413086
-0.3125 -3.75 0.0
-0.3125 -4.0 0.0
-0.3125 -4.0 1.0236703157424927
-0.3125 -3.75 1.0742112398147583
-0.3125 -3.5 0.0
-0.3125 -3.5 1.1480066776275635
-0.3125 -3.25 0.0
-0.3125 -3.25 1.242720365524292
-0.3125 -3.0 0.0
-0.3125 -3.0 1.3554280996322632
-0.3125 -2.75 0.0
-0.3125 -2.75 1.4827072620391846
-0.3125 -2.5 0.0
-0.3125 -2.5 1.6207414865493774
-0.3125 -2.25 0.0
-0.3125 -2.25 1.765435814857483
-0.3125 -2.0 0.0
-0.3125 -2.0 1.9125416278839111
-0.3125 -1.75 0.0
-0.3125 -1.75 2.057783842086792
-0.3125 -1.5 0.0
-0.3125 -1.5 2.1969895362854004
-0.3125 -1.25 0.0
-0.3125 -1.25 2.3262128829956055
-0.3125 -1.0 0.0
-0.3125 -1.0 2.4418530464172363
-0.3125 -0.75 0.0
-0.3125 -0.75 2.540759801864624
-0.3125 -0.5 0.0
-0.3125 -0.5 2.620326280593872
-0.3125 -0.25 0.0
-0.3125 -0.25 2.67856502532959
-0.3125 0.0 0.0
-0.3125 0.0 2.7141635417938232
-0.3125 0.25 0.0
-0.3125 0.25 2.726520299911499
-0.3125 0.5 0.0
-0.3125 0.5 2.7157578468322754
-0.3125 0.75 0.0
-0.3125 0.75 2.6827142238616943
-0.3125 1.0 0.0
-0.3125 1.0 2.6289119720458984
-0.3125 1.25 0.0
-0.3125 1.25 2.5565073490142822
-0.3125 1.5 0.0
-0.3125 1.5 2.4682180881500244
-0.3125 1.75 0.0
-0.3125 1.75 2.367236852645874
-0.3125 2.0 0.0
-0.3125 2.0 2.257127046585083
-0.3125 2.25 0.0
-0.3125 2.25 2.1417105197906494
-0.3125 2.5 0.0
-0.3125 2.5 2.0249459743499756
-0.3125 2.75 0.0
-0.3125 2.75 1.9108028411865234
-0.3125 3.0 0.0
-0.3125 3.0 1.8031374216079712
-0.3125 3.25 0.0
-0.3125 3.25 1.7055699825286865
-0.3125 3.5 0.0
-0.3125 3.5 1.6213719844818115
-0.3125 3.75 0.0
-0.3125 3.75 1.553362488746643
-0.3125 4.0 0.0
-0.3125 4.0 1.5038200616836548
0.0 -3.75 0.0
0.0 -4.0 0.0
0.0 -4.0 0.9963287115097046
0.0 -3.75 1.0550204515457153
0.0 -3.5 0.0
0.0 -3.5 1.1374526023864746
0.0 -3.25 0.0
0.0 -3.25 1.241168737411499
0.0 -3.0 0.0
0.0 -3.0 1.3631134033203125
0.0 -2.75 0.0
0.0 -2.75 1.4997233152389526
0.0 -2.5 0.0
0.0 -2.5 1.6470353603363037
0.0 -2.25 0.0
0.0 -2.25 1.8008053302764893
0.0 -2.0 0.0
0.0 -2.0 1.9566346406936646
0.0 -1.75 0.0
0.0 -1.75 2.110102415084839
0.0 -1.5 0.0
0.0 -1.5 2.2568962574005127
0.0 -1.25 0.0
0.0 -1.25 2.3929409980773926
0.0 -1.0 0.0
0.0 -1.0 2.514519214630127
0.0 -0.75 0.0
0.0 -0.75 2.6183791160583496
0.0 -0.5 0.0
0.0 -0.5 2.7018308639526367
0.0 -0.25 0.0
0.0 -0.25 2.7628228664398193
0.0 0.0 0.0
0.0 0.0 2.799999952316284
0.0 0.25 0.0
0.0 0.25 2.812739610671997
0.0 0.5 0.0
0.0 0.5 2.8011655807495117
0.0 0.75 0.0
0.0 0.75 2.766139268875122
0.0 1.0 0.0
0.0 1.0 2.709228277206421
0.0 1.25 0.0
0.0 1.25 2.6326539516448975
0.0 1.5 0.0
0.0 1.5 2.539217472076416
0.0 1.75 0.0
0.0 1.75 2.43221116065979
0.0 2.0 0.0
0.0 2.0 2.315312623977661
0.0 2.25 0.0
0.0 2.25 2.1924688816070557
0.0 2.5 0.0
0.0 2.5 2.0677709579467773
0.0 2.75 0.0
0.0 2.75 1.9453269243240356
0.0 3.0 0.0
0.0 3.0 1.8291329145431519
0.0 3.25 0.0
0.0 3.25 1.7229478359222412
0.0 3.5 0.0
0.0 3.5 1.63017737865448
0.0 3.75 0.0
0.0 3.75 1.5537680387496948
0.0 4.0 0.0
0.0 4.0 1.4961155652999878
0.3125 -3.75 0.0
0.3125 -4.0 0.0
0.3125 -4.0 1.019618034362793
0.3125 -3.75 1.0840280055999756
0.3125 -3.5 0.0
0.3125 -3.5 1.1715943813323975
0.3125 -3.25 0.0
0.3125 -3.25 1.2798434495925903
0.3125 -3.0 0.0
0.3125 -3.0 1.4057154655456543
0.3125 -2.75 0.0
0.3125 -2.75 1.545656681060791
0.3125 -2.5 0.0
0.3125 -2.5 1.6957236528396606
0.3125 -2.25 0.0
0.3125 -2.25 1.8517018556594849
0.3125 -2.0 0.0
0.3125 -2.0 2.0092294216156006
0.3125 -1.75 0.0
0.3125 -1.75 2.1639273166656494
0.3125 -1.5 0.0
0.3125 -1.5 2.311528205871582
0.3125 -1.25 0.0
0.3125 -1.25 2.448002576828003
0.3125 -1.0 0.0
0.3125 -1.0 2.569676399230957
0.3125 -0.75 0.0
0.3125 -0.75 2.67333984375
0.3125 -0.5 0.0
0.3125 -0.5 2.756338357925415
0.3125 -0.25 0.0
0.3125 -0.25 2.816649913787842
0.3125 0.0 0.0
0.3125 0.0 2.8529419898986816
0.3125 0.25 0.0
0.3125 0.25 2.86460542678833
0.3125 0.5 0.0
0.3125 0.5 2.8517699241638184
0.3125 0.75 0.0
0.3125 0.75 2.8152942657470703
0.3125 1.0 0.0
0.3125 1.0 2.756735324859619
0.3125 1.25 0.0
0.3125 1.25 2.6782968044281006
0.3125 1.5 0.0
0.3125 1.5 2.582756757736206
0.3125 1.75 0.0
0.3125 1.75 2.4733803272247314
0.3125 2.0 0.0
0.3125 2.0 2.3538148403167725
0.3125 2.25 0.0
0.3125 2.25 2.2279765605926514
0.3125 2.5 0.0
0.3125 2.5 2.099928140640259
0.3125 2.75 0.0
0.3125 2.75 1.9737522602081299
0.3125 3.0 0.0
0.3125 3.0 1.8534247875213623
0.3125 3.25 0.0
0.3125 3.25 1.7426930665969849
0.3125 3.5 0.0
0.3125 3.5 1.6449596881866455
0.3125 3.75 0.0
0.3125 3.75 1.5631792545318604
0.3125 4.0 0.0
0.3125 4.0 1.4997678995132446
0.625 -3.75 0.0
0.625 -4.0 0.0
0.625 -4.0 1.0922887325286865
0.625 -3.75 1.1594898700714111
0.625 -3.5 0.0
0.625 -3.5 1.2482237815856934
0.625 -3.25 0.0
0.625 -3.25 1.3561041355133057
0.625 -3.0 0.0
0.625 -3.0 1.4801979064941406
0.625 -2.75 0.0
0.625 -2.75 1.6171115636825562
0.625 -2.5 0.0
0.625 -2.5 1.7630901336669922
0.625 -2.25 0.0
0.625 -2.25 1.9141285419464111
0.625 -2.0 0.0
0.625 -2.0 2.0660881996154785
0.625 -1.75 0.0
0.625 -1.75 2.214820384979248
0.625 -1.5 0.0
0.625 -1.5 2.356285810470581
0.625 -1.25 0.0
0.625 -1.25 2.486675262451172
0.625 -1.0 0.0
0.625 -1.0 2.6025192737579346
0.625 -0.75 0.0
0.625 -0.75 2.700789451599121
0.625 -0.5 0.0
0.625 -0.5 2.7789862155914307
0.625 -0.25 0.0
0.625 -0.25 2.835209846496582
0.625 0.0 0.0
0.625 0.0 2.868212938308716
0.625 0.25 0.0
0.625 0.25 2.8774354457855225
0.625 0.5 0.0
0.625 0.5 2.86301589012146
0.625 0.75 0.0
0.625 0.75 2.8257834911346436
0.625 1.0 0.0
0.625 1.0 2.767228603363037
0.625 1.25 0.0
0.625 1.25 2.6894543170928955
0.625 1.5 0.0
0.625 1.5 2.5951082706451416
0.625 1.75 0.0
0.625 1.75 2.487300157546997
0.625 2.0 0.0
0.625 2.0 2.3695027828216553
0.625 2.25 0.0
0.625 2.25 2.24544620513916
0.625 2.5 0.0
0.625 2.5 2.1190006732940674
0.625 2.75 0.0
0.625 2.75 1.994058609008789
0.625 3.0 0.0
0.625 3.0 1.8744152784347534
0.625 3.25 0.0
0.625 3.25 1.7636528015136719
0.625 3.5 0.0
0.625 3.5 1.6650317907333374
0.625 3.75 0.0
0.625 3.75 1.5813926458358765
0.625 4.0 0.0
0.625 4.0 1.5150706768035889
0.9375 -3.75 0.0
0.9375 -4.0 0.0
0.9375 -4.0 1.210348129272461
0.9375 -3.75 1.2770617008209229
0.9375 -3.5 0.0
0.9375 -3.5 1.3627233505249023
0.9375 -3.25 0.0
0.9375 -3.25 1.465138554573059
0.9375 -3.0 0.0
0.9375 -3.0 1.5816280841827393
0.9375 -2.75 0.0
0.9375 -2.75 1.7091052532196045
0.9375 -2.5 0.0
0.9375 -2.5 1.8441660404205322
0.9375 -2.25 0.0
0.9375 -2.25 1.9831873178482056
0.9375 -2.0 0.0
0.9375 -2.0 2.1224331855773926
0.9375 -1.75 0.0
0.9375 -1.75 2.2581639289855957
0.9375 -1.5 0.0
0.9375 -1.5 2.386744737625122
0.9375 -1.25 0.0
0.9375 -1.25 2.5047519207000732
0.9375 -1.0 0.0
0.9375 -1.0 2.60907244682312
0.9375 -0.75 0.0
0.9375 -0.75 2.696993827819824
0.9375 -0.5 0.0
0.9375 -0.5 2.766282796859741
0.9375 -0.25 0.0
0.9375 -0.25 2.8152482509613037
0.9375 0.0 0.0
0.9375 0.0 2.842789888381958
0.9375 0.25 0.0
0.9375 0.25 2.848426342010498
0.9375 0.5 0.0
0.9375 0.5 2.8323071002960205
0.9375 0.75 0.0
0.9375 0.75 2.7952048778533936
0.9375 1.0 0.0
0.9375 1.0 2.7384889125823975
0.9375 1.25 0.0
0.9375 1.25 2.664080858230591
0.9375 1.5 0.0
0.9375 1.5 2.5743939876556396
0.9375 1.75 0.0
0.9375 1.75 2.4722588062286377
0.9375 2.0 0.0
0.9375 2.0 2.3608343601226807
0.9375 2.25 0.0
0.9375 2.25 2.2435126304626465
0.9375 2.5 0.0
0.9375 2.5 2.123814344406128
0.9375 2.75 0.0
0.9375 2.75 2.0052828788757324
0.9375 3.0 0.0
0.9375 3.0 1.8913753032684326
0.9375 3.25 0.0
0.9375 3.25 1.78536057472229
0.9375 3.5 0.0
0.9375 3.5 1.6902207136154175
0.9375 3.75 0.0
0.9375 3.75 1.6085619926452637
0.9375 4.0 0.0
0.9375 4.0 1.5425392389297485
1.25 -3.75 0.0
1.25 -4.0 0.0
1.25 -4.0 1.3673032522201538
1.25 -3.75 1.430073857307434
1.25 -3.5 0.0
1.25 -3.5 1.5083717107772827
1.25 -3.25 0.0
1.25 -3.25 1.6002919673919678
1.25 -3.0 0.0
1.25 -3.0 1.7035272121429443
1.25 -2.75 0.0
1.25 -2.75 1.8154338598251343
1.25 -2.5 0.0
1.25 -2.5 1.9331068992614746
1.25 -2.25 0.0
1.25 -2.25 2.053463935852051
1.25 -2.0 0.0
1.25 -2.0 2.1733343601226807
1.25 -1.75 0.0
1.25 -1.75 2.28955078125
1.25 -1.5 0.0
1.25 -1.5 2.399041175842285
1.25 -1.25 0.0
1.25 -1.25 2.498917818069458
1.25 -1.0 0.0
1.25 -1.0 2.5865604877471924
1.25 -0.75 0.0
1.25 -0.75 2.659693479537964
1.25 -0.5 0.0
1.25 -0.5 2.716449737548828
1.25 -0.25 0.0
1.25 -0.25 2.7554242610931396
1.25 0.0 0.0
1.25 0.0 2.7757153511047363
1.25 0.25 0.0
1.25 0.25 2.776947259902954
1.25 0.5 0.0
1.25 0.5 2.7592804431915283
1.25 0.75 0.0
1.25 0.75 2.7234041690826416
1.25 1.0 0.0
1.25 1.0 2.6705145835876465
1.25 1.25 0.0
1.25 1.25 2.60227632522583
1.25 1.5 0.0
1.25 1.5 2.5207715034484863
1.25 1.75 0.0
1.25 1.75 2.428436517715454
1.25 2.0 0.0
1.25 2.0 2.3279879093170166
1.25 2.25 0.0
1.25 2.25 2.2223401069641113
1.25 2.5 0.0
1.25 2.5 2.114518165588379
1.25 2.75 0.0
1.25 2.75 2.0075676441192627
1.25 3.0 0.0
1.25 3.0 1.9044640064239502
1.25 3.25 0.0
1.25 3.25 1.8080238103866577
1.25 3.5 0.0
1.25 3.5 1.7208231687545776
1.25 3.75 0.0
1.25 3.75 1.6451220512390137
1.25 4.0 0.0
1.25 4.0 1.5827995538711548
1.5625 -3.75 0.0
1.5625 -4.0 0.0
1.5625 -4.0 1.5545570850372314
1.5625 -3.75 1.6099507808685303
1.5625 -3.5 0.0
1.5625 -3.5 1.6767781972885132
1.5625 -3.25 0.0
1.5625 -3.25 1.7535111904144287
1.5625 -3.0 0.0
1.5625 -3.0 1.8383187055587769
1.5625 -2.75 0.0
1.5625 -2.75 1.9291174411773682
1.5625 -2.5 0.0
1.5625 -2.5 2.0236306190490723
1.5625 -2.25 0.0
1.5625 -2.25 2.119452714920044
1.5625 -2.0 0.0
1.5625 -2.0 2.2141177654266357
1.5625 -1.75 0.0
1.5625 -1.75 2.3051700592041016
1.5625 -1.5 0.0
1.5625 -1.5 2.390235424041748
1.5625 -1.25 0.0
1.5625 -1.25 2.4670889377593994
1.5625 -1.0 0.0
1.5625 -1.0 2.533719778060913
1.5625 -0.75 0.0
1.5625 -0.75 2.588388442993164
1.5625 -0.5 0.0
1.5625 -0.5 2.6296777725219727
1.5625 -0.25 0.0
1.5625 -0.25 2.6565334796905518
1.5625 0.0 0.0
1.5625 0.0 2.6682944297790527
1.5625 0.25 0.0
1.5625 0.25 2.66471004486084
1.5625 0.5 0.0
1.5625 0.5 2.645949125289917
1.5625 0.75 0.0
1.5625 0.75 2.6125922203063965
1.5625 1.0 0.0
1.5625 1.0 2.5656139850616455
1.5625 1.25 0.0
1.5625 1.25 2.506355047225952
1.5625 1.5 0.0
1.5625 1.5 2.43648099899292
1.5625 1.75 0.0
1.5625 1.75 2.3579330444335938
1.5625 2.0 0.0
1.5625 2.0 2.2728707790374756
1.5625 2.25 0.0
1.5625 2.25 2.1836090087890625
1.5625 2.5 0.0
1.5625 2.5 2.0925490856170654
1.5625 2.75 0.0
1.5625 2.75 2.0021095275878906
1.5625 3.0 0.0
1.5625 3.0 1.9146549701690674
1.5625 3.25 0.0
1.5625 3.25 1.8324289321899414
1.5625 3.5 0.0
1.5625 3.5 1.7574889659881592
1.5625 3.75 0.0
1.5625 3.75 1.691648006439209
1.5625 4.0 0.0
1.5625 4.0 1.6364245414733887
1.875 -3.75 0.0
1.875 -4.0 0.0
1.875 -4.0 1.7619298696517944
1.875 -3.75 1.806742548942566
1.875 -3.5 0.0
1.875 -3.5 1.8584164381027222
1.875 -3.25 0.0
1.875 -3.25 1.9158724546432495
1.875 -3.0 0.0
1.875 -3.0 1.9778400659561157
1.875 -2.75 0.0
1.875 -2.75 2.04289174079895
1.875 -2.5 0.0
1.875 -2.5 2.1094815731048584
1.875 -2.25 0.0
1.875 -2.25 2.17598819732666
1.875 -2.0 0.0
1.875 -2.0 2.240760326385498
1.875 -1.75 0.0
1.875 -1.75 2.3021631240844727
1.875 -1.5 0.0
1.875 -1.5 2.3586246967315674
1.875 -1.25 0.0
1.875 -1.25 2.408681631088257
1.875 -1.0 0.0
1.875 -1.0 2.4510207176208496
1.875 -0.75 0.0
1.875 -0.75 2.4845163822174072
1.875 -0.5 0.0
1.875 -0.5 2.5082643032073975
1.875 -0.25 0.0
1.875 -0.25 2.5216073989868164
1.875 0.0 0.0
1.875 0.0 2.5241549015045166
1.875 0.25 0.0
1.875 0.25 2.5157949924468994
1.875 0.5 0.0
1.875 0.5 2.4966979026794434
1.875 0.75 0.0
1.875 0.75 2.467311382293701
1.875 1.0 0.0
1.875 1.0 2.428349018096924
1.875 1.25 0.0
1.875 1.25 2.380769729614258
1.875 1.5 0.0
1.875 1.5 2.325751543045044
1.875 1.75 0.0
1.875 1.75 2.2646570205688477
1.875 2.0 0.0
1.875 2.0 2.1989963054656982
1.875 2.25 0.0
1.875 2.25 2.1303834915161133
1.875 2.5 0.0
1.875 2.5 2.0604915618896484
1.875 2.75 0.0
1.875 2.75 1.9910061359405518
1.875 3.0 0.0
1.875 3.0 1.9235773086547852
1.875 3.25 0.0
1.875 3.25 1.8597745895385742
1.875 3.5 0.0
1.875 3.5 1.8010441064834595
1.875 3.75 0.0
1.875 3.75 1.748668909072876
1.875 4.0 0.0
1.875 4.0 1.7037352323532104
2.1875 -3.75 0.0
2.1875 -4.0 0.0
2.1875 -4.0 1.9782732725143433
2.1875 -3.75 2.009734869003296
2.1875 -3.5 0.0
2.1875 -3.5 2.0432205200195312
2.1875 -3.25 0.0
2.1875 -3.25 2.078153610229492
2.1875 -3.0 0.0
2.1875 -3.0 2.1138854026794434
2.1875 -2.75 0.0
2.1875 -2.75 2.1497111320495605
2.1875 -2.5 0.0
2.1875 -2.5 2.184887409210205
2.1875 -2.25 0.0
2.1875 -2.25 2.218651056289673
2.1875 -2.0 0.0
2.1875 -2.0 2.2502400875091553
2.1875 -1.75 0.0
2.1875 -1.75 2.278914451599121
2.1875 -1.5 0.0
2.1875 -1.5 2.3039748668670654
2.1875 -1.25 0.0
2.1875 -1.25 2.32478404045105
2.1875 -1.0 0.0
2.1875 -1.0 2.3407840728759766
2.1875 -0.75 0.0
2.1875 -0.75 2.351513147354126
2.1875 -0.5 0.0
2.1875 -0.5 2.356618642807007
2.1875 -0.25 0.0
2.1875 -0.25 2.3558690547943115
2.1875 0.0 0.0
2.1875 0.0 2.349161148071289
2.1875 0.25 0.0
2.1875 0.25 2.336524724960327
2.1875 0.5 0.0
2.1875 0.5 2.3181233406066895
2.1875 0.75 0.0
2.1875 0.75 2.2942512035369873
2.1875 1.0 0.0
2.1875 1.0 2.2653279304504395
2.1875 1.25 0.0
2.1875 1.25 2.2318873405456543
2.1875 1.5 0.0
2.1875 1.5 2.194566011428833
2.1875 1.75 0.0
2.1875 1.75 2.1540865898132324
2.1875 2.0 0.0
2.1875 2.0 2.1112406253814697
2.1875 2.25 0.0
2.1875 2.25 2.066868543624878
2.1875 2.5 0.0
2.1875 2.5 2.021838426589966
2.1875 2.75 0.0
2.1875 2.75 1.9770251512527466
2.1875 3.0 0.0
2.1875 3.0 1.9332877397537231
2.1875 3.25 0.0
2.1875 3.25 1.8914484977722168
2.1875 3.5 0.0
2.1875 3.5 1.8522734642028809
2.1875 3.75 0.0
2.1875 3.75 1.8164538145065308
2.1875 4.0 0.0
2.1875 4.0 1.7845895290374756
2.5 -3.75 0.0
2.5 -4.0 0.0
2.5 -4.0 2.192134141921997
2.5 -3.75 2.2080955505371094
2.5 -3.5 0.0
2.5 -3.5 2.221203327178955
2.5 -3.25 0.0
2.5 -3.25 2.231414556503296
2.5 -3.0 0.0
2.5 -3.0 2.238736629486084
2.5 -2.75 0.0
2.5 -2.75 2.2432236671447754
2.5 -2.5 0.0
2.5 -2.5 2.244971752166748
2.5 -2.25 0.0
2.5 -2.25 2.244112968444824
2.5 -2.0 0.0
2.5 -2.0 2.240811586380005
2.5 -1.75 0.0
2.5 -1.75 2.235255479812622
2.5 -1.5 0.0
2.5 -1.5 2.2276506423950195
2.5 -1.25 0.0
2.5 -1.25 2.218214511871338
2.5 -1.0 0.0
2.5 -1.0 2.2071692943573
2.5 -0.75 0.0
2.5 -0.75 2.194735288619995
2.5 -0.5 0.0
2.5 -0.5 2.181126594543457
2.5 -0.25 0.0
2.5 -0.25 2.1665449142456055
2.5 0.0 0.0
2.5 0.0 2.151176691055298
2.5 0.25 0.0
2.5 0.25 2.135188579559326
2.5 0.5 0.0
2.5 0.5 2.118727207183838
2.5 0.75 0.0
2.5 0.75 2.1019163131713867
2.5 1.0 0.0
2.5 1.0 2.0848581790924072
2.5 1.25 0.0
2.5 1.25 2.0676333904266357
2.5 1.5 0.0
2.5 1.5 2.0503039360046387
2.5 1.75 0.0
2.5 1.75 2.0329151153564453
2.5 2.0 0.0
2.5 2.0 2.0154995918273926
2.5 2.25 0.0
2.5 2.25 1.9980803728103638
2.5 2.5 0.0
2.5 2.5 1.9806766510009766
2.5 2.75 0.0
2.5 2.75 1.96330726146698
2.5 3.0 0.0
2.5 3.0 1.945995569229126
2.5 3.25 0.0
2.5 3.25 1.9287735223770142
2.5 3.5 0.0
2.5 3.5 1.9116864204406738
2.5 3.75 0.0
2.5 3.75 1.8947956562042236
2.5 4.0 0.0
2.5 4.0 1.8781812191009521
2.8125 -3.75 0.0
2.8125 -4.0 0.0
2.8125 -4.0 2.3924267292022705
2.8125 -3.75 2.3915157318115234
2.8125 -3.5 0.0
2.8125 -3.5 2.38305401802063
2.8125 -3.25 0.0
2.8125 -3.25 2.367541551589966
2.8125 -3.0 0.0
2.8125 -3.0 2.3456473350524902
2.8125 -2.75 0.0
2.8125 -2.75 2.3181865215301514
2.8125 -2.5 0.0
2.8125 -2.5 2.286095142364502
2.8125 -2.25 0.0
2.8125 -2.25 2.250399112701416
2.8125 -2.0 0.0
2.8125 -2.0 2.212183713912964
2.8125 -1.75 0.0
2.8125 -1.75 2.1725594997406006
2.8125 -1.5 0.0
2.8125 -1.5 2.132629632949829
2.8125 -1.25 0.0
2.8125 -1.25 2.093456745147705
2.8125 -1.0 0.0
2.8125 -1.0 2.05603289604187
2.8125 -0.75 0.0
2.8125 -0.75 2.021249771118164
2.8125 -0.5 0.0
2.8125 -0.5 1.9898760318756104
2.8125 -0.25 0.0
2.8125 -0.25 1.9625345468521118
2.8125 0.0 0.0
2.8125 0.0 1.9396885633468628
2.8125 0.25 0.0
2.8125 0.25 1.9216302633285522
2.8125 0.5 0.0
2.8125 0.5 1.9084759950637817
2.8125 0.75 0.0
2.8125 0.75 1.9001675844192505
2.8125 1.0 0.0
2.8125 1.0 1.8964780569076538
2.8125 1.25 0.0
2.8125 1.25 1.8970236778259277
2.8125 1.5 0.0
2.8125 1.5 1.9012808799743652
2.8125 1.75 0.0
2.8125 1.75 1.908606767654419
2.8125 2.0 0.0
2.8125 2.0 1.918264389038086
2.8125 2.25 0.0
2.8125 2.25 1.9294499158859253
2.8125 2.5 0.0
2.8125 2.5 1.9413228034973145
2.8125 2.75 0.0
2.8125 2.75 1.9530359506607056
2.8125 3.0 0.0
2.8125 3.0 1.9637668132781982
2.8125 3.25 0.0
2.8125 3.25 1.9727469682693481
2.8125 3.5 0.0
2.8125 3.5 1.9792898893356323
2.8125 3.75 0.0
2.8125 3.75 1.9828163385391235
2.8125 4.0 0.0
2.8125 4.0 1.9828755855560303
3.125 -3.75 0.0
3.125 -4.0 0.0
3.125 -4.0 2.569068670272827
3.125 -3.75 2.550802230834961
3.125 -3.5 0.0
3.125 -3.5 2.520678997039795
3.125 -3.25 0.0
3.125 -3.25 2.4797251224517822
3.125 -3.0 0.0
3.125 -3.0 2.4292471408843994
3.125 -2.75 0.0
3.125 -2.75 2.370791435241699
3.125 -2.5 0.0
3.125 -2.5 2.3060965538024902
3.125 -2.25 0.0
3.125 -2.25 2.2370405197143555
3.125 -2.0 0.0
3.125 -2.0 2.165585517883301
3.125 -1.75 0.0
3.125 -1.75 2.0937180519104004
3.125 -1.5 0.0
3.125 -1.5 2.023391008377075
3.125 -1.25 0.0
3.125 -1.25 1.956465721130371
3.125 -1.0 0.0
3.125 -1.0 1.894659399986267
3.125 -0.75 0.0
3.125 -0.75 1.8394943475723267
3.125 -0.5 0.0
3.125 -0.5 1.7922558784484863
3.125 -0.25 0.0
3.125 -0.25 1.7539572715759277
3.125 0.0 0.0
3.125 0.0 1.7253124713897705
3.125 0.25 0.0
3.125 0.25 1.7067192792892456
3.125 0.5 0.0
3.125 0.5 1.6982519626617432
3.125 0.75 0.0
3.125 0.75 1.6996636390686035
3.125 1.0 0.0
3.125 1.0 1.7103991508483887
3.125 1.25 0.0
3.125 1.25 1.7296169996261597
3.125 1.5 0.0
3.125 1.5 1.7562202215194702
3.125 1.75 0.0
3.125 1.75 1.7888948917388916
3.125 2.0 0.0
3.125 2.0 1.826155662536621
3.125 2.25 0.0
3.125 2.25 1.866395354270935
3.125 2.5 0.0
3.125 2.5 1.9079393148422241
3.125 2.75 0.0
3.125 2.75 1.9491006135940552
3.125 3.0 0.0
3.125 3.0 1.9882360696792603
3.125 3.25 0.0
3.125 3.25 2.0238001346588135
3.125 3.5 0.0
3.125 3.5 2.0543956756591797
3.125 3.75 0.0
3.125 3.75 2.078819513320923
3.125 4.0 0.0
3.125 4.0 2.096102237701416
3.4375 -3.75 0.0
3.4375 -4.0 0.0
3.4375 -4.0 2.7135403156280518
3.4375 -3.75 2.6783854961395264
3.4375 -3.5 0.0
3.4375 -3.5 2.62764573097229
3.4375 -3.25 0.0
3.4375 -3.25 2.562833309173584
3.4375 -3.0 0.0
3.4375 -3.0 2.485839366912842
3.4375 -2.75 0.0
3.4375 -2.75 2.3988780975341797
3.4375 -2.5 0.0
3.4375 -2.5 2.3044180870056152
3.4375 -2.25 0.0
3.4375 -2.25 2.205111026763916
3.4375 -2.0 0.0
3.4375 -2.0 2.1037120819091797
3.4375 -1.75 0.0
3.4375 -1.75 2.0029983520507812
3.4375 -1.5 0.0
3.4375 -1.5 1.905687689781189
3.4375 -1.25 0.0
3.4375 -1.25 1.814359188079834
3.4375 -1.0 0.0
3.4375 -1.0 1.7313779592514038
3.4375 -0.75 0.0
3.4375 -0.75 1.6588274240493774
3.4375 -0.5 0.0
3.4375 -0.5 1.5984504222869873
3.4375 -0.25 0.0
3.4375 -0.25 1.5516002178192139
3.4375 0.0 0.0
3.4375 0.0 1.519204020500183
3.4375 0.25 0.0
3.4375 0.25 1.501740574836731
3.4375 0.5 0.0
3.4375 0.5 1.4992294311523438
3.4375 0.75 0.0
3.4375 0.75 1.5112364292144775
3.4375 1.0 0.0
3.4375 1.0 1.5368915796279907
3.4375 1.25 0.0
3.4375 1.25 1.5749207735061646
3.4375 1.5 0.0
3.4375 1.5 1.6236895322799683
3.4375 1.75 0.0
3.4375 1.75 1.6812580823898315
3.4375 2.0 0.0
3.4375 2.0 1.745444416999817
3.4375 2.25 0.0
3.4375 2.25 1.8138957023620605
3.4375 2.5 0.0
3.4375 2.5 1.8841639757156372
3.4375 2.75 0.0
3.4375 2.75 1.9537842273712158
3.4375 3.0 0.0
3.4375 3.0 2.020353078842163
3.4375 3.25 0.0
3.4375 3.25 2.0816054344177246
3.4375 3.5 0.0
3.4375 3.5 2.1354846954345703
3.4375 3.75 0.0
3.4375 3.75 2.180208683013916
3.4375 4.0 0.0
3.4375 4.0 2.214325428009033
3.75 -3.75 0.0
3.75 -4.0 0.0
3.75 -4.0 2.8193345069885254
3.75 -3.75 2.768711566925049
3.75 -3.5 0.0
3.75 -3.5 2.699509620666504
3.75 -3.25 0.0
3.75 -3.25 2.6136646270751953
3.75 -3.0 0.0
3.75 -3.0 2.513573408126831
3.75 -2.75 0.0
3.75 -2.75 2.4020230770111084
3.75 -2.5 0.0
3.75 -2.5 2.2821085453033447
3.75 -2.25 0.0
3.75 -2.25 2.1571412086486816
3.75 -2.0 0.0
3.75 -2.0 2.030550956726074
3.75 -1.75 0.0
3.75 -1.75 1.9057859182357788
3.75 -1.5 0.0
3.75 -1.5 1.786210536956787
3.75 -1.25 0.0
3.75 -1.25 1.675007700920105
3.75 -1.0 0.0
3.75 -1.0 1.5750861167907715
3.75 -0.75 0.0
3.75 -0.75 1.4889965057373047
3.75 -0.5 0.0
3.75 -0.5 1.4188584089279175
3.75 -0.25 0.0
3.75 -0.25 1.3663007020950317
3.75 0.0 0.0
3.75 0.0 1.3324171304702759
3.75 0.25 0.0
3.75 0.25 1.3177375793457031
3.75 0.5 0.0
3.75 0.5 1.322217345237732
3.75 0.75 0.0
3.75 0.75 1.345242977142334
3.75 1.0 0.0
3.75 1.0 1.385656714439392
3.75 1.25 0.0
3.75 1.25 1.441794991493225
3.75 1.5 0.0
3.75 1.5 1.5115447044372559
3.75 1.75 0.0
3.75 1.75 1.5924113988876343
3.75 2.0 0.0
3.75 2.0 1.6815989017486572
3.75 2.25 0.0
3.75 2.25 1.7760980129241943
3.75 2.5 0.0
3.75 2.5 1.8727816343307495
3.75 2.75 0.0
3.75 2.75 1.9685022830963135
3.75 3.0 0.0
3.75 3.0 2.060190439224243
3.75 3.25 0.0
3.75 3.25 2.144949436187744
3.75 3.5 0.0
3.75 3.5 2.2201457023620605
3.75 3.75 0.0
3.75 3.75 2.2834882736206055
3.75 4.0 0.0
3.75 4.0 2.3331000804901123
4.0625 -3.75 0.0
4.0625 -4.0 0.0
4.0625 -4.0 2.882268190383911
4.0625 -3.75 2.8184938430786133
4.0625 -3.5 0.0
4.0625 -3.5 2.7339999675750732
4.0625 -3.25 0.0
4.0625 -3.25 2.6310629844665527
4.0625 -3.0 0.0
4.0625 -3.0 2.5124824047088623
4.0625 -2.75 0.0
4.0625 -2.75 2.3814995288848877
4.0625 -2.5 0.0
4.0625 -2.5 2.241702079772949
4.0625 -2.25 0.0
4.0625 -2.25 2.096918821334839
4.0625 -2.0 0.0
4.0625 -2.0 1.9511065483093262
4.0625 -1.75 0.0
4.0625 -1.75 1.8082343339920044
4.0625 -1.5 0.0
4.0625 -1.5 1.6721668243408203
4.0625 -1.25 0.0
4.0625 -1.25 1.5465518236160278
4.0625 -1.0 0.0
4.0625 -1.0 1.4347127676010132
4.0625 -0.75 0.0
4.0625 -0.75 1.339553713798523
4.0625 -0.5 0.0
4.0625 -0.5 1.2634745836257935
4.0625 -0.25 0.0
4.0625 -0.25 1.208303689956665
4.0625 0.0 0.0
4.0625 0.0 1.175246238708496
4.0625 0.25 0.0
4.0625 0.25 1.1648530960083008
4.0625 0.5 0.0
4.0625 0.5 1.1770075559616089
4.0625 0.75 0.0
4.0625 0.75 1.2109342813491821
4.0625 1.0 0.0
4.0625 1.0 1.2652260065078735
4.0625 1.25 0.0
4.0625 1.25 1.3378911018371582
4.0625 1.5 0.0
4.0625 1.5 1.4264171123504639
4.0625 1.75 0.0
4.0625 1.75 1.5278509855270386
4.0625 2.0 0.0
4.0625 2.0 1.6388911008834839
4.0625 2.25 0.0
4.0625 2.25 1.755990982055664
4.0625 2.5 0.0
4.0625 2.5 1.875468134880066
4.0625 2.75 0.0
4.0625 2.75 1.9936187267303467
4.0625 3.0 0.0
4.0625 3.0 2.106830358505249
4.0625 3.25 0.0
4.0625 3.25 2.2116928100585938
4.0625 3.5 0.0
4.0625 3.5 2.3051021099090576
4.0625 3.75 0.0
4.0625 3.75 2.3843533992767334
4.0625 4.0 0.0
4.0625 4.0 2.447222948074341
4.375 -3.75 0.0
4.375 -4.0 0.0
4.375 -4.0 2.9006407260894775
4.375 -3.75 2.826815128326416
4.375 -3.5 0.0
4.375 -3.5 2.7310593128204346
4.375 -3.25 0.0
4.375 -3.25 2.6158909797668457
4.375 -3.0 0.0
4.375 -3.0 2.4843909740448
4.375 -2.75 0.0
4.375 -2.75 2.3401150703430176
4.375 -2.5 0.0
4.375 -2.5 2.186988353729248
4.375 -2.25 0.0
4.375 -2.25 2.029191017150879
4.375 -2.0 0.0
4.375 -2.0 1.871036171913147
4.375 -1.75 0.0
4.375 -1.75 1.716841697692871
4.375 -1.5 0.0
4.375 -1.5 1.5708047151565552
4.375 -1.25 0.0
4.375 -1.25 1.4368780851364136
4.375 -1.0 0.0
4.375 -1.0 1.3186545372009277
4.375 -0.75 0.0
4.375 -0.75 1.2192622423171997
4.375 -0.5 0.0
4.375 -0.5 1.1412739753723145
4.375 -0.25 0.0
4.375 -0.25 1.0866328477859497
4.375 0.0 0.0
4.375 0.0 1.0565978288650513
4.375 0.25 0.0
4.375 0.25 1.0517092943191528
4.375 0.5 0.0
4.375 0.5 1.0717757940292358
4.375 0.75 0.0
4.375 0.75 1.1158839464187622
4.375 1.0 0.0
4.375 1.0 1.1824288368225098
4.375 1.25 0.0
4.375 1.25 1.2691662311553955
4.375 1.5 0.0
4.375 1.5 1.3732824325561523
4.375 1.75 0.0
4.375 1.75 1.4914824962615967
4.375 2.0 0.0
4.375 2.0 1.6200917959213257
4.375 2.25 0.0
4.375 2.25 1.7551689147949219
4.375 2.5 0.0
4.375 2.5 1.8926262855529785
4.375 2.75 0.0
4.375 2.75 2.0283544063568115
4.375 3.0 0.0
4.375 3.0 2.158346652984619
4.375 3.25 0.0
4.375 3.25 2.278820514678955
4.375 3.5 0.0
4.375 3.5 2.3863308429718018
4.375 3.75 0.0
4.375 3.75 2.4778730869293213
4.375 4.0 0.0
4.375 4.0 2.550971508026123
4.6875 -3.75 0.0
4.6875 -4.0 0.0
4.6875 -4.0 2.8752353191375732
4.6875 -3.75 2.795076370239258
4.6875 -3.5 0.0
4.6875 -3.5 2.6927390098571777
4.6875 -3.25 0.0
4.6875 -3.25 2.570870876312256
4.6875 -3.0 0.0
4.6875 -3.0 2.4327001571655273
4.6875 -2.75 0.0
4.6875 -2.75 2.2819411754608154
4.6875 -2.5 0.0
4.6875 -2.5 2.122687578201294
4.6875 -2.25 0.0
4.6875 -2.25 1.959289789199829
4.6875 -2.0 0.0
4.6875 -2.0 1.7962300777435303
4.6875 -1.75 0.0
4.6875 -1.75 1.6379889249801636
4.6875 -1.5 0.0
4.6875 -1.5 1.4889134168624878
4.6875 -1.25 0.0
4.6875 -1.25 1.3530900478363037
4.6875 -1.0 0.0
4.6875 -1.0 1.2342238426208496
4.6875 -0.75 0.0
4.6875 -0.75 1.13552987575531
4.6875 -0.5 0.0
4.6875 -0.5 1.0596392154693604
4.6875 -0.25 0.0
4.6875 -0.25 1.0085222721099854
4.6875 0.0 0.0
4.6875 0.0 0.9834322929382324
4.6875 0.25 0.0
4.6875 0.25 0.9848700165748596
4.6875 0.5 0.0
4.6875 0.5 1.012571096420288
4.6875 0.75 0.0
4.6875 0.75 1.0655162334442139
4.6875 1.0 0.0
4.6875 1.0 1.141964077949524
4.6875 1.25 0.0
4.6875 1.25 1.2395061254501343
4.6875 1.5 0.0
4.6875 1.5 1.3551400899887085
4.6875 1.75 0.0
4.6875 1.75 1.4853628873825073
4.6875 2.0 0.0
4.6875 2.0 1.6262763738632202
4.6875 2.25 0.0
4.6875 2.25 1.7737065553665161
4.6875 2.5 0.0
4.6875 2.5 1.9233288764953613
4.6875 2.75 0.0
4.6875 2.75 2.0707993507385254
4.6875 3.0 0.0
4.6875 3.0 2.2118842601776123
4.6875 3.25 0.0
4.6875 3.25 2.34258770942688
4.6875 3.5 0.0
4.6875 3.5 2.4592692852020264
4.6875 3.75 0.0
4.6875 3.75 2.55875301361084
4.6875 4.0 0.0
4.6875 4.0 2.6384196281433105
5.0 -3.75 0.0
5.0 -4.0 0.0
5.0 -4.0 2.8091652393341064
5.0 -3.75 2.726802349090576
5.0 -3.5 0.0
5.0 -3.5 2.6229629516601562
5.0 -3.25 0.0
5.0 -3.25 2.50030779838562
5.0 -3.0 0.0
5.0 -3.0 2.362069606781006
5.0 -2.75 0.0
5.0 -2.75 2.211960792541504
5.0 -2.5 0.0
5.0 -2.5 2.0540640354156494
5.0 -2.25 0.0
5.0 -2.25 1.8927130699157715
5.0 -2.0 0.0
5.0 -2.0 1.7323654890060425
5.0 -1.75 0.0
5.0 -1.75 1.5774705410003662
5.0 -1.5 0.0
5.0 -1.5 1.4323383569717407
5.0 -1.25 0.0
5.0 -1.25 1.3010121583938599
5.0 -1.0 0.0
5.0 -1.0 1.187148928642273
5.0 -0.75 0.0
5.0 -0.75 1.0939106941223145
5.0 -0.5 0.0
5.0 -0.5 1.023871898651123
5.0 -0.25 0.0
5.0 -0.25 0.9789427518844604
5.0 0.0 0.0
5.0 0.0 0.9603137373924255
5.0 0.25 0.0
5.0 0.25 0.9684205651283264
5.0 0.5 0.0
5.0 0.5 1.0029325485229492
5.0 0.75 0.0
5.0 0.75 1.0627634525299072
5.0 1.0 0.0
5.0 1.0 1.1461050510406494
5.0 1.25 0.0
5.0 1.25 1.2504817247390747
5.0 1.5 0.0
5.0 1.5 1.3728262186050415
5.0 1.75 0.0
5.0 1.75 1.5095713138580322
5.0 2.0 0.0
5.0 2.0 1.6567575931549072
5.0 2.25 0.0
5.0 2.25 1.8101520538330078
5.0 2.5 0.0
5.0 2.5 1.9653747081756592
5.0 2.75 0.0
5.0 2.75 2.1180293560028076
5.0 3.0 0.0
5.0 3.0 2.2638347148895264
5.0 3.25 0.0
5.0 3.25 2.3987507820129395
5.0 3.5 0.0
5.0 3.5 2.5190985202789307
5.0 3.75 0.0
5.0 3.75 2.6216683387756348
5.0 4.0 0.0
5.0 4.0 2.70381236076355
3 0 1 2 224 127 85 0
3 0 3 1 224 127 85 0
3 4 5 6 86 85 224 1
3 4 6 7 86 85 224 1
3 3 8 1 224 127 85 0
3 3 9 8 224 127 85 0
3 7 6 10 86 85 224 1
3 7 10 11 86 85 224 1
3 9 12 8 224 127 85 0
3 9 13 12 224 127 85 0
3 11 10 14 86 85 224 1
3 11 14 15 86 85 224 1
3 13 16 12 224 127 85 0
3 13 17 16 224 127 85 0
3 15 14 18 86 85 224 1
3 15 18 19 86 85 224 1
3 17 20 16 224 127 85 0
3 17 21 20 224 127 85 0
3 19 18 22 86 85 224 1
3 19 22 23 86 85 224 1
3 21 24 20 224 127 85 0
3 21 25 24 224 127 85 0
3 23 22 26 86 85 224 1
3 23 26 27 86 85 224 1
3 25 28 24 224 127 85 0
3 25 29 28 224 127 85 0
3 27 26 30 86 85 224 1
3 27 30 31 86 85 224 1
3 29 32 28 224 127 85 0
3 29 33 32 224 127 85 0
3 31 30 34 86 85 224 1
3 31 34 35 86 85 224 1
3 33 36 32 224 127 85 0
3 33 37 36 224 127 85 0
3 35 34 38 86 85 224 1
3 35 38 39 86 85 224 1
3 37 40 36 224 127 85 0
3 37 41 40 224 127 85 0
3 39 38 42 86 85 224 1
3 39 42 43 86 85 224 1
3 41 44 40 224 127 85 0
3 41 45 44 224 127 85 0
3 43 42 46 86 85 224 1
3 43 46 47 86 85 224 1
3 45 48 44 224 127 85 0
3 45 49 48 224 127 85 0
3 47 46 50 86 85 224 1
3 47 50 51 86 85 224 1
3 49 52 48 224 127 85 0
3 49 53 52 224 127 85 0
3 51 50 54 86 85 224 1
3 51 54 55 86 85 224 1
3 53 56 52 224 127 85 0
3 53 57 56 224 127 85 0
3 55 54 58 86 85 224 1
3 55 58 59 86 85 224 1
3 57 60 56 224 127 85 0
3 57 61 60 224 127 85 0
3 59 58 62 86 85 224 1
3 59 62 63 86 85 224 1
3 61 64 60 224 127 85 0
3 61 65 64 224 127 85 0
3 63 62 66 86 85 224 1
3 63 66 67 86 85 224 1
3 65 68 64 224 127 85 0
3 65 69 68 224 127 85 0
3 67 66 70 86 85 224 1
3 67 70 71 86 85 224 1
3 69 72 68 224 127 85 0
3 69 73 72 224 127 85 0
3 71 70 74 86 85 224 1
3 71 74 75 86 85 224 1
3 73 76 72 224 127 85 0
3 73 77 76 224 127 85 0
3 75 74 78 86 85 224 1
3 75 78 79 86 85 224 1
3 77 80 76 224 127 85 0
3 77 81 80 224 127 85 0
3 79 78 82 86 85 224 1
3 79 82 83 86 85 224 1
3 81 84 80 224 127 85 0
3 81 85 84 224 127 85 0
3 83 82 86 86 85 224 1
3 83 86 87 86 85 224 1
3 85 88 84 224 127 85 0
3 85 89 88 224 127 85 0
3 87 86 90 86 85 224 1
3 87 90 91 86 85 224 1
3 89 92 88 224 127 85 0
3 89 93 92 224 127 85 0
3 91 90 94 86 85 224 1
3 91 94 95 86 85 224 1
3 93 96 92 224 127 85 0
3 93 97 96 224 127 85 0
3 95 94 98 86 85 224 1
3 95 98 99 86 85 224 1
3 97 100 96 224 127 85 0
3 97 101 100 224 127 85 0
3 99 98 102 86 85 224 1
3 99 102 103 86 85 224 1
3 101 104 100 224 127 85 0
3 101 105 104 224 127 85 0
3 103 102 106 86 85 224 1
3 103 106 107 86 85 224 1
3 105 108 104 224 127 85 0
3 105 109 108 224 127 85 0
3 107 106 110 86 85 224 1
3 107 110 111 86 85 224 1
3 109 112 108 224 127 85 0
3 109 113 112 224 127 85 0
3 111 110 114 86 85 224 1
3 111 114 115 86 85 224 1
3 113 116 112 224 127 85 0
3 113 117 116 224 127 85 0
3 115 114 118 86 85 224 1
3 115 118 119 86 85 224 1
3 117 120 116 224 127 85 0
3 117 121 120 224 127 85 0
3 119 118 122 86 85 224 1
3 119 122 123 86 85 224 1
3 121 124 120 224 127 85 0
3 121 125 124 224 127 85 0
3 123 122 126 86 85 224 1
3 123 126 127 86 85 224 1
3 125 128 124 224 127 85 0
3 125 129 128 224 127 85 0
3 127 126 130 86 85 224 1
3 127 130 131 86 85 224 1
3 2 132 133 224 127 85 0
3 2 1 132 224 127 85 0
3 5 134 135 86 85 224 1
3 5 135 6 86 85 224 1
3 1 136 132 224 127 85 0
3 1 8 136 224 127 85 0
3 6 135 137 86 85 224 1
3 6 137 10 86 85 224 1
3 8 138 136 224 127 85 0
3 8 12 138 224 127 85 0
3 10 137 139 86 85 224 1
3 10 139 14 86 85 224 1
3 12 140 138 224 127 85 0
3 12 16 140 224 127 85 0
3 14 139 141 86 85 224 1
3 14 141 18 86 85 224 1
3 16 142 140 224 127 85 0
3 16 20 142 224 127 85 0
3 18 141 143 86 85 224 1
3 18 143 22 86 85 224 1
3 20 144 142 224 127 85 0
3 20 24 144 224 127 85 0
3 22 143 145 86 85 224 1
3 22 145 26 86 85 224 1
3 24 146 144 224 127 85 0
3 24 28 146 224 127 85 0
3 26 145 147 86 85 224 1
3 26 147 30 86 85 224 1
3 28 148 146 224 127 85 0
3 28 32 148 224 127 85 0
3 30 147 149 86 85 224 1
3 30 149 34 86 85 224 1
3 32 150 148 224 127 85 0
3 32 36 150 224 127 85 0
3 34 149 151 86 85 224 1
3 34 151 38 86 85 224 1
3 36 152 150 224 127 85 0
3 36 40 152 224 127 85 0
3 38 151 153 86 85 224 1
3 38 153 42 86 85 224 1
3 40 154 152 224 127 85 0
3 40 44 154 224 127 85 0
3 42 153 155 86 85 224 1
3 42 155 46 86 85 224 1
3 44 156 154 224 127 85 0
3 44 48 156 224 127 85 0
3 46 155 157 86 85 224 1
3 46 157 50 86 85 224 1
3 48 158 156 224 127 85 0
3 48 52 158 224 127 85 0
3 50 157 159 86 85 224 1
3 50 159 54 86 85 224 1
3 52 160 158 224 127 85 0
3 52 56 160 224 127 85 0
3 54 159 161 86 85 224 1
3 54 161 58 86 85 224 1
3 56 162 160 224 127 85 0
3 56 60 162 224 127 85 0
3 58 161 163 86 85 224 1
3 58 163 62 86 85 224 1
3 60 164 162 224 127 85 0
3 60 64 164 224 127 85 0
3 62 163 165 86 85 224 1
3 62 165 66 86 85 224 1
3 64 166 164 224 127 85 0
3 64 68 166 224 127 85 0
3 66 165 167 86 85 224 1
3 66 167 70 86 85 224 1
3 68 168 166 224 127 85 0
3 68 72 168 224 127 85 0
3 70 167 169 86 85 224 1
3 70 169 74 86 85 224 1
3 72 170 168 224 127 85 0
3 72 76 170 224 127 85 0
3 74 169 171 86 85 224 1
3 74 171 78 86 85 224 1
3 76 172 170 224 127 85 0
3 76 80 172 224 127 85 0
3 78 171 173 86 85 224 1
3 78 173 82 86 85 224 1
3 80 174 172 224 127 85 0
3 80 84 174 224 127 85 0
3 82 173 175 86 85 224 1
3 82 175 86 86 85 224 1
3 84 176 174 224 127 85 0
3 84 88 176 224 127 85 0
3 86 175 177 86 85 224 1
3 86 177 90 86 85 224 1
3 88 178 176 224 127 85 0
3 88 92 178 224 127 85 0
3 90 177 179 86 85 224 1
3 90 179 94 86 85 224 1
3 92 180 178 224 127 85 0
3 92 96 180 224 127 85 0
3 94 179 181 86 85 224 1
3 94 181 98 86 85 224 1
3 96 182 180 224 127 85 0
3 96 100 182 224 127 85 0
3 98 181 183 86 85 224 1
3 98 183 102 86 85 224 1
3 100 184 182 224 127 85 0
3 100 104 184 224 127 85 0
3 102 183 185 86 85 224 1
3 102 185 106 86 85 224 1
3 104 186 184 224 127 85 0
3 104 108 186 224 127 85 0
3 106 185 187 86 85 224 1
3 106 187 110 86 85 224 1
3 108 188 186 224 127 85 0
3 108 112 188 224 127 85 0
3 110 187 189 86 85 224 1
3 110 189 114 86 85 224 1
3 112 190 188 224 127 85 0
3 112 116 190 224 127 85 0
3 114 189 191 86 85 224 1
3 114 191 118 86 85 224 1
3 116 192 190 224 127 85 0
3 116 120 192 224 127 85 0
3 118 191 193 86 85 224 1
3 118 193 122 86 85 224 1
3 120 194 192 224 127 85 0
3 120 124 194 224 127 85 0
3 122 193 195 86 85 224 1
3 122 195 126 86 85 224 1
3 124 196 194 224 127 85 0
3 124 128 196 224 127 85 0
3 126 195 197 86 85 224 1
3 126 197 130 86 85 224 1
3 133 198 199 224 127 85 0
3 133 132 198 224 127 85 0
3 134 200 201 86 85 224 1
3 134 201 135 86 85 224 1
3 132 202 198 224 127 85 0
3 132 136 202 224 127 85 0
3 135 201 203 86 85 224 1
3 135 203 137 86 85 224 1
3 136 204 202 224 127 85 0
3 136 138 204 224 127 85 0
3 137 203 205 86 85 224 1
3 137 205 139 86 85 224 1
3 138 206 204 224 127 85 0
3 138 140 206 224 127 85 0
3 139 205 207 86 85 224 1
3 139 207 141 86 85 224 1
3 140 208 206 224 127 85 0
3 140 142 208 224 127 85 0
3 141 207 209 86 85 224 1
3 141 209 143 86 85 224 1
3 142 210 208 224 127 85 0
3 142 144 210 224 127 85 0
3 143 209 211 86 85 224 1
3 143 211 145 86 85 224 1
3 144 212 210 224 127 85 0
3 144 146 212 224 127 85 0
3 145 211 213 86 85 224 1
3 145 213 147 86 85 224 1
3 146 214 212 224 127 85 0
3 146 148 214 224 127 85 0
3 147 213 215 86 85 224 1
3 147 215 149 86 85 224 1
3 148 216 214 224 127 85 0
3 148 150 216 224 127 85 0
3 149 215 217 86 85 224 1
3 149 217 151 86 85 224 1
3 150 218 216 224 127 85 0
3 150 152 218 224 127 85 0
3 151 217 219 86 85 224 1
3 151 219 153 86 85 224 1
3 152 220 218 224 127 85 0
3 152 154 220 224 127 85 0
3 153 219 221 86 85 224 1
3 153 221 155 86 85 224 1
3 154 222 220 224 127 85 0
3 154 156 222 224 127 85 0
3 155 221 223 86 85 224 1
3 155 223 157 86 85 224 1
3 156 224 222 224 127 85 0
3 156 158 224 224 127 85 0
3 157 223 225 86 85 224 1
3 157 225 159 86 85 224 1
3 158 226 224 224 127 85 0
3 158 160 226 224 127 85 0
3 159 225 227 86 85 224 1
3 159 227 161 86 85 224 1
3 160 228 226 224 127 85 0
3 160 162 228 224 127 85 0
3 161 227 229 86 85 224 1
3 161 229 163 86 85 224 1
3 162 230 228 224 127 85 0
3 162 164 230 224 127 85 0
3 163 229 231 86 85 224 1
3 163 231 165 86 85 224 1
3 164 232 230 224 127 85 0
3 164 166 232 224 127 85 0
3 165 231 233 86 85 224 1
3 165 233 167 86 85 224 1
3 166 234 232 224 127 85 0
3 166 168 234 224 127 85 0
3 167 233 235 86 85 224 1
3 167 235 169 86 85 224 1
3 168 236 234 224 127 85 0
3 168 170 236 224 127 85 0
3 169 235 237 86 85 224 1
3 169 237 171 86 85 224 1
3 170 238 236 224 127 85 0
3 170 172 238 224 127 85 0
3 171 237 239 86 85 224 1
3 171 239 173 86 85 224 1
3 172 240 238 224 127 85 0
3 172 174 240 224 127 85 0
3 173 239 241 86 85 224 1
3 173 241 175 86 85 224 1
3 174 242 240 224 127 85 0
3 174 176 242 224 127 85 0
3 175 241 243 86 85 224 1
3 175 243 177 86 85 224 1
3 176 244 242 224 127 85 0
3 176 178 244 224 127 85 0
3 177 243 245 86 85 224 1
3 177 245 179 86 85 224 1
3 178 246 244 224 127 85 0
3 178 180 246 224 127 85 0
3 179 245 247 86 85 224 1
3 179 247 181 86 85 224 1
3 180 248 246 224 127 85 0
3 180 182 248 224 127 85 0
3 181 247 249 86 85 224 1
3 181 249 183 86 85 224 1
3 182 250 248 224 127 85 0
3 182 184 250 224 127 85 0
3 183 249 251 86 85 224 1
3 183 251 185 86 85 224 1
3 184 252 250 224 127 85 0
3 184 186 252 224 127 85 0
3 185 251 253 86 85 224 1
3 185 253 187 86 85 224 1
3 186 254 252 224 127 85 0
3 186 188 254 224 127 85 0
3 187 253 255 86 85 224 1
3 187 255 189 86 85 224 1
3 188 256 254 224 127 85 0
3 188 190 256 224 127 85 0
3 189 255 257 86 85 224 1
3 189 257 191 86 85 224 1
3 190 258 256 224 127 85 0
3 190 192 258 224 127 85 0
3 191 257 259 86 85 224 1
3 191 259 193 86 85 224 1
3 192 260 258 224 127 85 0
3 192 194 260 224 127 85 0
3 193 259 261 86 85 224 1
3 193 261 195 86 85 224 1
3 194 262 260 224 127 85 0
3 194 196 262 224 127 85 0
3 195 261 263 86 85 224 1
3 195 263 197 86 85 224 1
3 199 264 265 224 127 85 0
3 199 198 264 224 127 85 0
3 200 266 267 86 85 224 1
3 200 267 201 86 85 224 1
3 198 268 264 224 127 85 0
3 198 202 268 224 127 85 0
3 201 267 269 86 85 224 1
3 201 269 203 86 85 224 1
3 202 270 268 224 127 85 0
3 202 204 270 224 127 85 0
3 203 269 271 86 85 224 1
3 203 271 205 86 85 224 1
3 204 272 270 224 127 85 0
3 204 206 272 224 127 85 0
3 205 271 273 86 85 224 1
3 205 273 207 86 85 224 1
3 206 274 272 224 127 85 0
3 206 208 274 224 127 85 0
3 207 273 275 86 85 224 1
3 207 275 209 86 85 224 1
3 208 276 274 224 127 85 0
3 208 210 276 224 127 85 0
3 209 275 277 86 85 224 1
3 209 277 211 86 85 224 1
3 210 278 276 224 127 85 0
3 210 212 278 224 127 85 0
3 211 277 279 86 85 224 1
3 211 279 213 86 85 224 1
3 212 280 278 224 127 85 0
3 212 214 280 224 127 85 0
3 213 279 281 86 85 224 1
3 213 281 215 86 85 224 1
3 214 282 280 224 127 85 0
3 214 216 282 224 127 85 0
3 215 281 283 86 85 224 1
3 215 283 217 86 85 224 1
3 216 284 282 224 127 85 0
3 216 218 284 224 127 85 0
3 217 283 285 86 85 224 1
3 217 285 219 86 85 224 1
3 218 286 284 224 127 85 0
3 218 220 286 224 127 85 0
3 219 285 287 86 85 224 1
3 219 287 221 86 85 224 1
3 220 288 286 224 127 85 0
3 220 222 288 224 127 85 0
3 221 287 289 86 85 224 1
3 221 289 223 86 85 224 1
3 222 290 288 224 127 85 0
3 222 224 290 224 127 85 0
3 223 289 291 86 85 224 1
3 223 291 225 86 85 224 1
3 224 292 290 224 127 85 0
3 224 226 292 224 127 85 0
3 225 291 293 86 85 224 1
3 225 293 227 86 85 224 1
3 226 294 292 224 127 85 0
3 226 228 294 224 127 85 0
3 227 293 295 86 85 224 1
3 227 295 229 86 85 224 1
3 228 296 294 224 127 85 0
3 228 230 296 224 127 85 0
3 229 295 297 86 85 224 1
3 229 297 231 86 85 224 1
3 230 298 296 224 127 85 0
3 230 232 298 224 127 85 0
3 231 297 299 86 85 224 1
3 231 299 233 86 85 224 1
3 232 300 298 224 127 85 0
3 232 234 300 224 127 85 0
3 233 299 301 86 85 224 1
3 233 301 235 86 85 224 1
3 234 302 300 224 127 85 0
3 234 236 302 224 127 85 0
3 235 301 303 86 85 224 1
3 235 303 237 86 85 224 1
3 236 304 302 224 127 85 0
3 236 238 304 224 127 85 0
3 237 303 305 86 85 224 1
3 237 305 239 86 85 224 1
3 238 306 304 224 127 85 0
3 238 240 306 224 127 85 0
3 239 305 307 86 85 224 1
3 239 307 241 86 85 224 1
3 240 308 306 224 127 85 0
3 240 242 308 224 127 85 0
3 241 307 309 86 85 224 1
3 241 309 243 86 85 224 1
3 242 310 308 224 127 85 0
3 242 244 310 224 127 85 0
3 243 309 311 86 85 224 1
3 243 311 245 86 85 224 1
3 244 312 310 224 127 85 0
3 244 246 312 224 127 85 0
3 245 311 313 86 85 224 1
3 245 313 247 86 85 224 1
3 246 314 312 224 127 85 0
3 246 248 314 224 127 85 0
3 247 313 315 86 85 224 1
3 247 315 249 86 85 224 1
3 248 316 314 224 127 85 0
3 248 250 316 224 127 85 0
3 249 315 317 86 85 224 1
3 249 317 251 86 85 224 1
3 250 318 316 224 127 85 0
3 250 252 318 224 127 85 0
3 251 317 319 86 85 224 1
3 251 319 253 86 85 224 1
3 252 320 318 224 127 85 0
3 252 254 320 224 127 85 0
3 253 319 321 86 85 224 1
3 253 321 255 86 85 224 1
3 254 322 320 224 127 85 0
3 254 256 322 224 127 85 0
3 255 321 323 86 85 224 1
3 255 323 257 86 85 224 1
3 256 324 322 224 127 85 0
3 256 258 324 224 127 85 0
3 257 323 325 86 85 224 1
3 257 325 259 86 85 224 1
3 258 326 324 224 127 85 0
3 258 260 326 224 127 85 0
3 259 325 327 86 85 224 1
3 259 327 261 86 85 224 1
3 260 328 326 224 127 85 0
3 260 262 328 224 127 85 0
3 261 327 329 86 85 224 1
3 261 329 263 86 85 224 1
3 265 330 331 224 127 85 0
3 265 264 330 224 127 85 0
3 266 332 333 86 85 224 1
3 266 333 267 86 85 224 1
3 264 334 330 224 127 85 0
3 264 268 334 224 127 85 0
3 267 333 335 86 85 224 1
3 267 335 269 86 85 224 1
3 268 336 334 224 127 85 0
3 268 270 336 224 127 85 0
3 269 335 337 86 85 224 1
3 269 337 271 86 85 224 1
3 270 338 336 224 127 85 0
3 270 272 338 224 127 85 0
3 271 337 339 86 85 224 1
3 271 339 273 86 85 224 1
3 272 340 338 224 127 85 0
3 272 274 340 224 127 85 0
3 273 339 341 86 85 224 1
3 273 341 275 86 85 224 1
3 274 342 340 224 127 85 0
3 274 276 342 224 127 85 0
3 275 341 343 86 85 224 1
3 275 343 277 86 85 224 1
3 276 344 342 224 127 85 0
3 276 278 344 224 127 85 0
3 277 343 345 86 85 224 1
3 277 345 279 86 85 224 1
3 278 346 344 224 127 85 0
3 278 280 346 224 127 85 0
3 279 345 347 86 85 224 1
3 279 347 281 86 85 224 1
3 280 348 346 224 127 85 0
3 280 282 348 224 127 85 0
3 281 347 349 86 85 224 1
3 281 349 283 86 85 224 1
3 282 350 348 224 127 85 0
3 282 284 350 224 127 85 0
3 283 349 351 86 85 224 1
3 283 351 285 86 85 224 1
3 284 352 350 224 127 85 0
3 284 286 352 224 127 85 0
3 285 351 353 86 85 224 1
3 285 353 287 86 85 224 1
3 286 354 352 224 127 85 0
3 286 288 354 224 127 85 0
3 287 353 355 86 85 224 1
3 287 355 289 86 85 224 1
3 288 356 354 224 127 85 0
3 288 290 356 224 127 85 0
3 289 355 357 86 85 224 1
3 289 357 291 86 85 224 1
3 290 358 356 224 127 85 0
3 290 292 358 224 127 85 0
3 291 357 359 86 85 224 1
3 291 359 293 86 85 224 1
3 292 360 358 224 127 85 0
3 292 294 360 224 127 85 0
3 293 359 361 86 85 224 1
3 293 361 295 86 85 224 1
3 294 362 360 224 127 85 0
3 294 296 362 224 127 85 0
3 295 361 363 86 85 224 1
3 295 363 297 86 85 224 1
3 296 364 362 224 127 85 0
3 296 298 364 224 127 85 0
3 297 363 365 86 85 224 1
3 297 365 299 86 85 224 1
3 298 366 364 224 127 85 0
3 298 300 366 224 127 85 0
3 299 365 367 86 85 224 1
3 299 367 301 86 85 224 1
3 300 368 366 224 127 85 0
3 300 302 368 224 127 85 0
3 301 367 369 86 85 224 1
3 301 369 303 86 85 224 1
3 302 370 368 224 127 85 0
3 302 304 370 224 127 85 0
3 303 369 371 86 85 224 1
3 303 371 305 86 85 224 1
3 304 372 370 224 127 85 0
3 304 306 372 224 127 85 0
3 305 371 373 86 85 224 1
3 305 373 307 86 85 224 1
3 306 374 372 224 127 85 0
3 306 308 374 224 127 85 0
3 307 373 375 86 85 224 1
3 307 375 309 86 85 224 1
3 308 376 374 224 127 85 0
3 308 310 376 224 127 85 0
3 309 375 377 86 85 224 1
3 309 377 311 86 85 224 1
3 310 378 376 224 127 85 0
3 310 312 378 224 127 85 0
3 311 377 379 86 85 224 1
3 311 379 313 86 85 224 1
3 312 380 378 224 127 85 0
3 312 314 380 224 127 85 0
3 313 379 381 86 85 224 1
3 313 381 315 86 85 224 1
3 314 382 380 224 127 85 0
3 314 316 382 224 127 85 0
3 315 381 383 86 85 224 1
3 315 383 317 86 85 224 1
3 316 384 382 224 127 85 0
3 316 318 384 224 127 85 0
3 317 383 385 86 85 224 1
3 317 385 319 86 85 224 1
3 318 386 384 224 127 85 0
3 318 320 386 224 127 85 0
3 319 385 387 86 85 224 1
3 319 387 321 86 85 224 1
3 320 388 386 224 127 85 0
3 320 322 388 224 127 85 0
3 321 387 389 86 85 224 1
3 321 389 323 86 85 224 1
3 322 390 388 224 127 85 0
3 322 324 390 224 127 85 0
3 323 389 391 86 85 224 1
3 323 391 325 86 85 224 1
3 324 392 390 224 127 85 0
3 324 326 392 224 127 85 0
3 325 391 393 86 85 224 1
3 325 393 327 86 85 224 1
3 326 394 392 224 127 85 0
3 326 328 394 224 127 85 0
3 327 393 395 86 85 224 1
3 327 395 329 86 85 224 1
3 331 396 397 224 127 85 0
3 331 330 396 224 127 85 0
3 332 398 399 86 85 224 1
3 332 399 333 86 85 224 1
3 330 400 396 224 127 85 0
3 330 334 400 224 127 85 0
3 333 399 401 86 85 224 1
3 333 401 335 86 85 224 1
3 334 402 400 224 127 85 0
3 334 336 402 224 127 85 0
3 335 401 403 86 85 224 1
3 335 403 337 86 85 224 1
3 336 404 402 224 127 85 0
3 336 338 404 224 127 85 0
3 337 403 405 86 85 224 1
3 337 405 339 86 85 224 1
3 338 406 404 224 127 85 0
3 338 340 406 224 127 85 0
3 339 405 407 86 85 224 1
3 339 407 341 86 85 224 1
3 340 408 406 224 127 85 0
3 340 342 408 224 127 85 0
3 341 407 409 86 85 224 1
3 341 409 343 86 85 224 1
3 342 410 408 224 127 85 0
3 342 344 410 224 127 85 0
3 343 409 411 86 85 224 1
3 343 411 345 86 85 224 1
3 344 412 410 224 127 85 0
3 344 346 412 224 127 85 0
3 345 411 413 86 85 224 1
3 345 413 347 86 85 224 1
3 346 414 412 224 127 85 0
3 346 348 414 224 127 85 0
3 347 413 415 86 85 224 1
3 347 415 349 86 85 224 1
3 348 416 414 224 127 85 0
3 348 350 416 224 127 85 0
3 349 415 417 86 85 224 1
3 349 417 351 86 85 224 1
3 350 418 416 224 127 85 0
3 350 352 418 224 127 85 0
3 351 417 419 86 85 224 1
3 351 419 353 86 85 224 1
3 352 420 418 224 127 85 0
3 352 354 420 224 127 85 0
3 353 419 421 86 85 224 1
3 353 421 355 86 85 224 1
3 354 422 420 224 127 85 0
3 354 356 422 224 127 85 0
3 355 421 423 86 85 224 1
3 355 423 357 86 85 224 1
3 356 424 422 224 127 85 0
3 356 358 424 224 127 85 0
3 357 423 425 86 85 224 1
3 357 425 359 86 85 224 1
3 358 426 424 224 127 85 0
3 358 360 426 224 127 85 0
3 359 425 427 86 85 224 1
3 359 427 361 86 85 224 1
3 360 428 426 224 127 85 0
3 360 362 428 224 127 85 0
3 361 427 429 86 85 224 1
3 361 429 363 86 85 224 1
3 362 430 428 224 127 85 0
3 362 364 430 224 127 85 0
3 363 429 431 86 85 224 1
3 363 431 365 86 85 224 1
3 364 432 430 224 127 85 0
3 364 366 432 224 127 85 0
3 365 431 433 86 85 224 1
3 365 433 367 86 85 224 1
3 366 434 432 224 127 85 0
3 366 368 434 224 127 85 0
3 367 433 435 86 85 224 1
3 367 435 369 86 85 224 1
3 368 436 434 224 127 85 0
3 368 370 436 224 127 85 0
3 369 435 437 86 85 224 1
3 369 437 371 86 85 224 1
3 370 438 436 224 127 85 0
3 370 372 438 224 127 85 0
3 371 437 439 86 85 224 1
3 371 439 373 86 85 224 1
3 372 440 438 224 127 85 0
3 372 374 440 224 127 85 0
3 373 439 441 86 85 224 1
3 373 441 375 86 85 224 1
3 374 442 440 224 127 85 0
3 374 376 442 224 127 85 0
3 375 441 443 86 85 224 1
3 375 443 377 86 85 224 1
3 376 444 442 224 127 85 0
3 376 378 444 224 127 85 0
3 377 443 445 86 85 224 1
3 377 445 379 86 85 224 1
3 378 446 444 224 127 85 0
3 378 380 446 224 127 85 0
3 379 445 447 86 85 224 1
3 379 447 381 86 85 224 1
3 380 448 446 224 127 85 0
3 380 382 448 224 127 85 0
3 381 447 449 86 85 224 1
3 381 449 383 86 85 224 1
3 382 450 448 224 127 85 0
3 382 384 450 224 127 85 0
3 383 449 451 86 85 224 1
3 383 451 385 86 85 224 1
3 384 452 450 224 127 85 0
3 384 386 452 224 127 85 0
3 385 451 453 86 85 224 1
3 385 453 387 86 85 224 1
3 386 454 452 224 127 85 0
3 386 388 454 224 127 85 0
3 387 453 455 86 85 224 1
3 387 455 389 86 85 224 1
3 388 456 454 224 127 85 0
3 388 390 456 224 127 85 0
3 389 455 457 86 85 224 1
3 389 457 391 86 85 224 1
3 390 458 456 224 127 85 0
3 390 392 458 224 127 85 0
3 391 457 459 86 85 224 1
3 391 459 393 86 85 224 1
3 392 460 458 224 127 85 0
3 392 394 460 224 127 85 0
3 393 459 461 86 85 224 1
3 393 461 395 86 85 224 1
3 397 462 463 224 127 85 0
3 397 396 462 224 127 85 0
3 398 464 465 86 85 224 1
3 398 465 399 86 85 224 1
3 396 466 462 224 127 85 0
3 396 400 466 224 127 85 0
3 399 465 467 86 85 224 1
3 399 467 401 86 85 224 1
3 400 468 466 224 127 85 0
3 400 402 468 224 127 85 0
3 401 467 469 86 85 224 1
3 401 469 403 86 85 224 1
3 402 470 468 224 127 85 0
3 402 404 470 224 127 85 0
3 403 469 471 86 85 224 1
3 403 471 405 86 85 224 1
3 404 472 470 224 127 85 0
3 404 406 472 224 127 85 0
3 405 471 473 86 85 224 1
3 405 473 407 86 85 224 1
3 406 474 472 224 127 85 0
3 406 408 474 224 127 85 0
3 407 473 475 86 85 224 1
3 407 475 409 86 85 224 1
3 408 476 474 224 127 85 0
3 408 410 476 224 127 85 0
3 409 475 477 86 85 224 1
3 409 477 411 86 85 224 1
3 410 478 476 224 127 85 0
3 410 412 478 224 127 85 0
3 411 477 479 86 85 224 1
3 411 479 413 86 85 224 1
3 412 480 478 224 127 85 0
3 412 414 480 224 127 85 0
3 413 479 481 86 85 224 1
3 413 481 415 86 85 224 1
3 414 482 480 224 127 85 0
3 414 416 482 224 127 85 0
3 415 481 483 86 85 224 1
3 415 483 417 86 85 224 1
3 416 484 482 224 127 85 0
3 416 418 484 224 127 85 0
3 417 483 485 86 85 224 1
3 417 485 419 86 85 224 1
3 418 486 484 224 127 85 0
3 418 420 486 224 127 85 0
3 419 485 487 86 85 224 1
3 419 487 421 86 85 224 1
3 420 488 486 224 127 85 0
3 420 422 488 224 127 85 0
3 421 487 489 86 85 224 1
3 421 489 423 86 85 224 1
3 422 490 488 224 127 85 0
3 422 424 490 224 127 85 0
3 423 489 491 86 85 224 1
3 423 491 425 86 85 224 1
3 424 492 490 224 127 85 0
3 424 426 492 224 127 85 0
3 425 491 493 86 85 224 1
3 425 493 427 86 85 224 1
3 426 494 492 224 127 85 0
3 426 428 494 224 127 85 0
3 427 493 495 86 85 224 1
3 427 495 429 86 85 224 1
3 428 496 494 224 127 85 0
3 428 430 496 224 127 85 0
3 429 495 497 86 85 224 1
3 429 497 431 86 85 224 1
3 430 498 496 224 127 85 0
3 430 432 498 224 127 85 0
3 431 497 499 86 85 224 1
3 431 499 433 86 85 224 1
3 432 500 498 224 127 85 0
3 432 434 500 224 127 85 0
3 433 499 501 86 85 224 1
3 433 501 435 86 85 224 1
3 434 502 500 224 127 85 0
3 434 436 502 224 127 85 0
3 435 501 503 86 85 224 1
3 435 503 437 86 85 224 1
3 436 504 502 224 127 85 0
3 436 438 504 224 127 85 0
3 437 503 505 86 85 224 1
3 437 505 439 86 85 224 1
3 438 506 504 224 127 85 0
3 438 440 506 224 127 85 0
3 439 505 507 86 85 224 1
3 439 507 441 86 85 224 1
3 440 508 506 224 127 85 0
3 440 442 508 224 127 85 0
3 441 507 509 86 85 224 1
3 441 509 443 86 85 224 1
3 442 510 508 224 127 85 0
3 442 444 510 224 127 85 0
3 443 509 511 86 85 224 1
3 443 511 445 86 85 224 1
3 444 512 510 224 127 85 0
3 444 446 512 224 127 85 0
3 445 511 513 86 85 224 1
3 445 513 447 86 85 224 1
3 446 514 512 224 127 85 0
3 446 448 514 224 127 85 0
3 447 513 515 86 85 224 1
3 447 515 449 86 85 224 1
3 448 516 514 224 127 85 0
3 448 450 516 224 127 85 0
3 449 515 517 86 85 224 1
3 449 517 451 86 85 224 1
3 450 518 516 224 127 85 0
3 450 452 518 224 127 85 0
3 451 517 519 86 85 224 1
3 451 519 453 86 85 224 1
3 452 520 518 224 127 85 0
3 452 454 520 224 127 85 0
3 453 519 521 86 85 224 1
3 453 521 455 86 85 224 1
3 454 522 520 224 127 85 0
3 454 456 522 224 127 85 0
3 455 521 523 86 85 224 1
3 455 523 457 86 85 224 1
3 456 524 522 224 127 85 0
3 456 458 524 224 127 85 0
3 457 523 525 86 85 224 1
3 457 525 459 86 85 224 1
3 458 526 524 224 127 85 0
3 458 460 526 224 127 85 0
3 459 525 527 86 85 224 1
3 459 527 461 86 85 224 1
3 463 528 529 224 127 85 0
3 463 462 528 224 127 85 0
3 464 530 531 86 85 224 1
3 464 531 465 86 85 224 1
3 462 532 528 224 127 85 0
3 462 466 532 224 127 85 0
3 465 531 533 86 85 224 1
3 465 533 467 86 85 224 1
3 466 534 532 224 127 85 0
3 466 468 534 224 127 85 0
3 467 533 535 86 85 224 1
3 467 535 469 86 85 224 1
3 468 536 534 224 127 85 0
3 468 470 536 224 127 85 0
3 469 535 537 86 85 224 1
3 469 537 471 86 85 224 1
3 470 538 536 224 127 85 0
3 470 472 538 224 127 85 0
3 471 537 539 86 85 224 1
3 471 539 473 86 85 224 1
3 472 540 538 224 127 85 0
3 472 474 540 224 127 85 0
3 473 539 541 86 85 224 1
3 473 541 475 86 85 224 1
3 474 542 540 224 127 85 0
3 474 476 542 224 127 85 0
3 475 541 543 86 85 224 1
3 475 543 477 86 85 224 1
3 476 544 542 224 127 85 0
3 476 478 544 224 127 85 0
3 477 543 545 86 85 224 1
3 477 545 479 86 85 224 1
3 478 546 544 224 127 85 0
3 478 480 546 224 127 85 0
3 479 545 547 86 85 224 1
3 479 547 481 86 85 224 1
3 480 548 546 224 127 85 0
3 480 482 548 224 127 85 0
3 481 547 549 86 85 224 1
3 481 549 483 86 85 224 1
3 482 550 548 224 127 85 0
3 482 484 550 224 127 85 0
3 483 549 551 86 85 224 1
3 483 551 485 86 85 224 1
3 484 552 550 224 127 85 0
3 484 486 552 224 127 85 0
3 485 551 553 86 85 224 1
3 485 553 487 86 85 224 1
3 486 554 552 224 127 85 0
3 486 488 554 224 127 85 0
3 487 553 555 86 85 224 1
3 487 555 489 86 85 224 1
3 488 556 554 224 127 85 0
3 488 490 556 224 127 85 0
3 489 555 557 86 85 224 1
3 489 557 491 86 85 224 1
3 490 558 556 224 127 85 0
3 490 492 558 224 127 85 0
3 491 557 559 86 85 224 1
3 491 559 493 86 85 224 1
3 492 560 558 224 127 85 0
3 492 494 560 224 127 85 0
3 493 559 561 86 85 224 1
3 493 561 495 86 85 224 1
3 494 562 560 224 127 85 0
3 494 496 562 224 127 85 0
3 495 561 563 86 85 224 1
3 495 563 497 86 85 224 1
3 496 564 562 224 127 85 0
3 496 498 564 224 127 85 0
3 497 563 565 86 85 224 1
3 497 565 499 86 85 224 1
3 498 566 564 224 127 85 0
3 498 500 566 224 127 85 0
3 499 565 567 86 85 224 1
3 499 567 501 86 85 224 1
3 500 568 566 224 127 85 0
3 500 502 568 224 127 85 0
3 501 567 569 86 85 224 1
3 501 569 503 86 85 224 1
3 502 570 568 224 127 85 0
3 502 504 570 224 127 85 0
3 503 569 571 86 85 224 1
3 503 571 505 86 85 224 1
3 504 572 570 224 127 85 0
3 504 506 572 224 127 85 0
3 505 571 573 86 85 224 1
3 505 573 507 86 85 224 1
3 506 574 572 224 127 85 0
3 506 508 574 224 127 85 0
3 507 573 575 86 85 224 1
3 507 575 509 86 85 224 1
3 508 576 574 224 127 85 0
3 508 510 576 224 127 85 0
3 509 575 577 86 85 224 1
3 509 577 511 86 85 224 1
3 510 578 576 224 127 85 0
3 510 512 578 224 127 85 0
3 511 577 579 86 85 224 1
3 511 579 513 86 85 224 1
3 512 580 578 224 127 85 0
3 512 514 580 224 127 85 0
3 513 579 581 86 85 224 1
3 513 581 515 86 85 224 1
3 514 582 580 224 127 85 0
3 514 516 582 224 127 85 0
3 515 581 583 86 85 224 1
3 515 583 517 86 85 224 1
3 516 584 582 224 127 85 0
3 516 518 584 224 127 85 0
3 517 583 585 86 85 224 1
3 517 585 519 86 85 224 1
3 518 586 584 224 127 85 0
3 518 520 586 224 127 85 0
3 519 585 587 86 85 224 1
3 519 587 521 86 85 224 1
3 520 588 586 224 127 85 0
3 520 522 588 224 127 85 0
3 521 587 589 86 85 224 1
3 521 589 523 86 85 224 1
3 522 590 588 224 127 85 0
3 522 524 590 224 127 85 0
3 523 589 591 86 85 224 1
3 523 591 525 86 85 224 1
3 524 592 590 224 127 85 0
3 524 526 592 224 127 85 0
3 525 591 593 86 85 224 1
3 525 593 527 86 85 224 1
3 529 594 595 224 127 85 0
3 529 528 594 224 127 85 0
3 530 596 597 86 85 224 1
3 530 597 531 86 85 224 1
3 528 598 594 224 127 85 0
3 528 532 598 224 127 85 0
3 531 597 599 86 85 224 1
3 531 599 533 86 85 224 1
3 532 600 598 224 127 85 0
3 532 534 600 224 127 85 0
3 533 599 601 86 85 224 1
3 533 601 535 86 85 224 1
3 534 602 600 224 127 85 0
3 534 536 602 224 127 85 0
3 535 601 603 86 85 224 1
3 535 603 537 86 85 224 1
3 536 604 602 224 127 85 0
3 536 538 604 224 127 85 0
3 537 603 605 86 85 224 1
3 537 605 539 86 85 224 1
3 538 606 604 224 127 85 0
3 538 540 606 224 127 85 0
3 539 605 607 86 85 224 1
3 539 607 541 86 85 224 1
3 540 608 606 224 127 85 0
3 540 542 608 224 127 85 0
3 541 607 609 86 85 224 1
3 541 609 543 86 85 224 1
3 542 610 608 224 127 85 0
3 542 544 610 224 127 85 0
3 543 609 611 86 85 224 1
3 543 611 545 86 85 224 1
3 544 612 610 224 127 85 0
3 544 546 612 224 127 85 0
3 545 611 613 86 85 224 1
3 545 613 547 86 85 224 1
3 546 614 612 224 127 85 0
3 546 548 614 224 127 85 0
3 547 613 615 86 85 224 1
3 547 615 549 86 85 224 1
3 548 616 614 224 127 85 0
3 548 550 616 224 127 85 0
3 549 615 617 86 85 224 1
3 549 617 551 86 85 224 1
3 550 618 616 224 127 85 0
3 550 552 618 224 127 85 0
3 551 617 619 86 85 224 1
3 551 619 553 86 85 224 1
3 552 620 618 224 127 85 0
3 552 554 620 224 127 85 0
3 553 619 621 86 85 224 1
3 553 621 555 86 85 224 1
3 554 622 620 224 127 85 0
3 554 556 622 224 127 85 0
3 555 621 623 86 85 224 1
3 555 623 557 86 85 224 1
3 556 624 622 224 127 85 0
3 556 558 624 224 127 85 0
3 557 623 625 86 85 224 1
3 557 625 559 86 85 224 1
3 558 626 624 224 127 85 0
3 558 560 626 224 127 85 0
3 559 625 627 86 85 224 1
3 559 627 561 86 85 224 1
3 560 628 626 224 127 85 0
3 560 562 628 224 127 85 0
3 561 627 629 86 85 224 1
3 561 629 563 86 85 224 1
3 562 630 628 224 127 85 0
3 562 564 630 224 127 85 0
3 563 629 631 86 85 224 1
3 563 631 565 86 85 224 1
3 564 632 630 224 127 85 0
3 564 566 632 224 127 85 0
3 565 631 633 86 85 224 1
3 565 633 567 86 85 224 1
3 566 634 632 224 127 85 0
3 566 568 634 224 127 85 0
3 567 633 635 86 85 224 1
3 567 635 569 86 85 224 1
3 568 636 634 224 127 85 0
3 568 570 636 224 127 85 0
3 569 635 637 86 85 224 1
3 569 637 571 86 85 224 1
3 570 638 636 224 127 85 0
3 570 572 638 224 127 85 0
3 571 637 639 86 85 224 1
3 571 639 573 86 85 224 1
3 572 640 638 224 127 85 0
3 572 574 640 224 127 85 0
3 573 639 641 86 85 224 1
3 573 641 575 86 85 224 1
3 574 642 640 224 127 85 0
3 574 576 642 224 127 85 0
3 575 641 643 86 85 224 1
3 575 643 577 86 85 224 1
3 576 644 642 224 127 85 0
3 576 578 644 224 127 85 0
3 577 643 645 86 85 224 1
3 577 645 579 86 85 224 1
3 578 646 644 224 127 85 0
3 578 580 646 224 127 85 0
3 579 645 647 86 85 224 1
3 579 647 581 86 85 224 1
3 580 648 646 224 127 85 0
3 580 582 648 224 127 85 0
3 581 647 649 86 85 224 1
3 581 649 583 86 85 224 1
3 582 650 648 224 127 85 0
3 582 584 650 224 127 85 0
3 583 649 651 86 85 224 1
3 583 651 585 86 85 224 1
3 584 652 650 224 127 85 0
3 584 586 652 224 127 85 0
3 585 651 653 86 85 224 1
3 585 653 587 86 85 224 1
3 586 654 652 224 127 85 0
3 586 588 654 224 127 85 0
3 587 653 655 86 85 224 1
3 587 655 589 86 85 224 1
3 588 656 654 224 127 85 0
3 588 590 656 224 127 85 0
3 589 655 657 86 85 224 1
3 589 657 591 86 85 224 1
3 590 658 656 224 127 85 0
3 590 592 658 224 127 85 0
3 591 657 659 86 85 224 1
3 591 659 593 86 85 224 1
3 595 660 661 224 127 85 0
3 595 594 660 224 127 85 0
3 596 662 663 86 85 224 1
3 596 663 597 86 85 224 1
3 594 664 660 224 127 85 0
3 594 598 664 224 127 85 0
3 597 663 665 86 85 224 1
3 597 665 599 86 85 224 1
3 598 666 664 224 127 85 0
3 598 600 666 224 127 85 0
3 599 665 667 86 85 224 1
3 599 667 601 86 85 224 1
3 600 668 666 224 127 85 0
3 600 602 668 224 127 85 0
3 601 667 669 86 85 224 1
3 601 669 603 86 85 224 1
3 602 670 668 224 127 85 0
3 602 604 670 224 127 85 0
3 603 669 671 86 85 224 1
3 603 671 605 86 85 224 1
3 604 672 670 224 127 85 0
3 604 606 672 224 127 85 0
3 605 671 673 86 85 224 1
3 605 673 607 86 85 224 1
3 606 674 672 224 127 85 0
3 606 608 674 224 127 85 0
3 607 673 675 86 85 224 1
3 607 675 609 86 85 224 1
3 608 676 674 224 127 85 0
3 608 610 676 224 127 85 0
3 609 675 677 86 85 224 1
3 609 677 611 86 85 224 1
3 610 678 676 224 127 85 0
3 610 612 678 224 127 85 0
3 611 677 679 86 85 224 1
3 611 679 613 86 85 224 1
3 612 680 678 224 127 85 0
3 612 614 680 224 127 85 0
3 613 679 681 86 85 224 1
3 613 681 615 86 85 224 1
3 614 682 680 224 127 85 0
3 614 616 682 224 127 85 0
3 615 681 683 86 85 224 1
3 615 683 617 86 85 224 1
3 616 684 682 224 127 85 0
3 616 618 684 224 127 85 0
3 617 683 685 86 85 224 1
3 617 685 619 86 85 224 1
3 618 686 684 224 127 85 0
3 618 620 686 224 127 85 0
3 619 685 687 86 85 224 1
3 619 687 621 86 85 224 1
3 620 688 686 224 127 85 0
3 620 622 688 224 127 85 0
3 621 687 689 86 85 224 1
3 621 689 623 86 85 224 1
3 622 690 688 224 127 85 0
3 622 624 690 224 127 85 0
3 623 689 691 86 85 224 1
3 623 691 625 86 85 224 1
3 624 692 690 224 127 85 0
3 624 626 692 224 127 85 0
3 625 691 693 86 85 224 1
3 625 693 627 86 85 224 1
3 626 694 692 224 127 85 0
3 626 628 694 224 127 85 0
3 627 693 695 86 85 224 1
3 627 695 629 86 85 224 1
3 628 696 694 224 127 85 0
3 628 630 696 224 127 85 0
3 629 695 697 86 85 224 1
3 629 697 631 86 85 224 1
3 630 698 696 224 127 85 0
3 630 632 698 224 127 85 0
3 631 697 699 86 85 224 1
3 631 699 633 86 85 224 1
3 632 700 698 224 127 85 0
3 632 634 700 224 127 85 0
3 633 699 701 86 85 224 1
3 633 701 635 86 85 224 1
3 634 702 700 224 127 85 0
3 634 636 702 224 127 85 0
3 635 701 703 86 85 224 1
3 635 703 637 86 85 224 1
3 636 704 702 224 127 85 0
3 636 638 704 224 127 85 0
3 637 703 705 86 85 224 1
3 637 705 639 86 85 224 1
3 638 706 704 224 127 85 0
3 638 640 706 224 127 85 0
3 639 705 707 86 85 224 1
3 639 707 641 86 85 224 1
3 640 708 706 224 127 85 0
3 640 642 708 224 127 85 0
3 641 707 709 86 85 224 1
3 641 709 643 86 85 224 1
3 642 710 708 224 127 85 0
3 642 644 710 224 127 85 0
3 643 709 711 86 85 224 1
3 643 711 645 86 85 224 1
3 644 712 710 224 127 85 0
3 644 646 712 224 127 85 0
3 645 711 713 86 85 224 1
3 645 713 647 86 85 224 1
3 646 714 712 224 127 85 0
3 646 648 714 224 127 85 0
3 647 713 715 86 85 224 1
3 647 715 649 86 85 224 1
3 648 716 714 224 127 85 0
3 648 650 716 224 127 85 0
3 649 715 717 86 85 224 1
3 649 717 651 86 85 224 1
3 650 718 716 224 127 85 0
3 650 652 718 224 127 85 0
3 651 717 719 86 85 224 1
3 651 719 653 86 85 224 1
3 652 720 718 224 127 85 0
3 652 654 720 224 127 85 0
3 653 719 721 86 85 224 1
3 653 721 655 86 85 224 1
3 654 722 720 224 127 85 0
3 654 656 722 224 127 85 0
3 655 721 723 86 85 224 1
3 655 723 657 86 85 224 1
3 656 724 722 224 127 85 0
3 656 658 724 224 127 85 0
3 657 723 725 86 85 224 1
3 657 725 659 86 85 224 1
3 661 726 727 224 127 85 0
3 661 660 726 224 127 85 0
3 662 728 729 86 85 224 1
3 662 729 663 86 85 224 1
3 660 730 726 224 127 85 0
3 660 664 730 224 127 85 0
3 663 729 731 86 85 224 1
3 663 731 665 86 85 224 1
3 664 732 730 224 127 85 0
3 664 666 732 224 127 85 0
3 665 731 733 86 85 224 1
3 665 733 667 86 85 224 1
3 666 734 732 224 127 85 0
3 666 668 734 224 127 85 0
3 667 733 735 86 85 224 1
3 667 735 669 86 85 224 1
3 668 736 734 224 127 85 0
3 668 670 736 224 127 85 0
3 669 735 737 86 85 224 1
3 669 737 671 86 85 224 1
3 670 738 736 224 127 85 0
3 670 672 738 224 127 85 0
3 671 737 739 86 85 224 1
3 671 739 673 86 85 224 1
3 672 740 738 224 127 85 0
3 672 674 740 224 127 85 0
3 673 739 741 86 85 224 1
3 673 741 675 86 85 224 1
3 674 742 740 224 127 85 0
3 674 676 742 224 127 85 0
3 675 741 743 86 85 224 1
3 675 743 677 86 85 224 1
3 676 744 742 224 127 85 0
3 676 678 744 224 127 85 0
3 677 743 745 86 85 224 1
3 677 745 679 86 85 224 1
3 678 746 744 224 127 85 0
3 678 680 746 224 127 85 0
3 679 745 747 86 85 224 1
3 679 747 681 86 85 224 1
3 680 748 746 224 127 85 0
3 680 682 748 224 127 85 0
3 681 747 749 86 85 224 1
3 681 749 683 86 85 224 1
3 682 750 748 224 127 85 0
3 682 684 750 224 127 85 0
3 683 749 751 86 85 224 1
3 683 751 685 86 85 224 1
3 684 752 750 224 127 85 0
3 684 686 752 224 127 85 0
3 685 751 753 86 85 224 1
3 685 753 687 86 85 224 1
3 686 754 752 224 127 85 0
3 686 688 754 224 127 85 0
3 687 753 755 86 85 224 1
3 687 755 689 86 85 224 1
3 688 756 754 224 127 85 0
3 688 690 756 224 127 85 0
3 689 755 757 86 85 224 1
3 689 757 691 86 85 224 1
3 690 758 756 224 127 85 0
3 690 692 758 224 127 85 0
3 691 757 759 86 85 224 1
3 691 759 693 86 85 224 1
3 692 760 758 224 127 85 0
3 692 694 760 224 127 85 0
3 693 759 761 86 85 224 1
3 693 761 695 86 85 224 1
3 694 762 760 224 127 85 0
3 694 696 762 224 127 85 0
3 695 761 763 86 85 224 1
3 695 763 697 86 85 224 1
3 696 764 762 224 127 85 0
3 696 698 764 224 127 85 0
3 697 763 765 86 85 224 1
3 697 765 699 86 85 224 1
3 698 766 764 224 127 85 0
3 698 700 766 224 127 85 0
3 699 765 767 86 85 224 1
3 699 767 701 86 85 224 1
3 700 768 766 224 127 85 0
3 700 702 768 224 127 85 0
3 701 767 769 86 85 224 1
3 701 769 703 86 85 224 1
3 702 770 768 224 127 85 0
3 702 704 770 224 127 85 0
3 703 769 771 86 85 224 1
3 703 771 705 86 85 224 1
3 704 772 770 224 127 85 0
3 704 706 772 224 127 85 0
3 705 771 773 86 85 224 1
3 705 773 707 86 85 224 1
3 706 774 772 224 127 85 0
3 706 708 774 224 127 85 0
3 707 773 775 86 85 224 1
3 707 775 709 86 85 224 1
3 708 776 774 224 127 85 0
3 708 710 776 224 127 85 0
3 709 775 777 86 85 224 1
3 709 777 711 86 85 224 1
3 710 778 776 224 127 85 0
3 710 712 778 224 127 85 0
3 711 777 779 86 85 224 1
3 711 779 713 86 85 224 1
3 712 780 778 224 127 85 0
3 712 714 780 224 127 85 0
3 713 779 781 86 85 224 1
3 713 781 715 86 85 224 1
3 714 782 780 224 127 85 0
3 714 716 782 224 127 85 0
3 715 781 783 86 85 224 1
3 715 783 717 86 85 224 1
3 716 784 782 224 127 85 0
3 716 718 784 224 127 85 0
3 717 783 785 86 85 224 1
3 717 785 719 86 85 224 1
3 718 786 784 224 127 85 0
3 718 720 786 224 127 85 0
3 719 785 787 86 85 224 1
3 719 787 721 86 85 224 1
3 720 788 786 224 127 85 0
3 720 722 788 224 127 85 0
3 721 787 789 86 85 224 1
3 721 789 723 86 85 224 1
3 722 790 788 224 127 85 0
3 722 724 790 224 127 85 0
3 723 789 791 86 85 224 1
3 723 791 725 86 85 224 1
3 727 792 793 224 127 85 0
3 727 726 792 224 127 85 0
3 728 794 795 86 85 224 1
3 728 795 729 86 85 224 1
3 726 796 792 224 127 85 0
3 726 730 796 224 127 85 0
3 729 795 797 86 85 224 1
3 729 797 731 86 85 224 1
3 730 798 796 224 127 85 0
3 730 732 798 224 127 85 0
3 731 797 799 86 85 224 1
3 731 799 733 86 85 224 1
3 732 800 798 224 127 85 0
3 732 734 800 224 127 85 0
3 733 799 801 86 85 224 1
3 733 801 735 86 85 224 1
3 734 802 800 224 127 85 0
3 734 736 802 224 127 85 0
3 735 801 803 86 85 224 1
3 735 803 737 86 85 224 1
3 736 804 802 224 127 85 0
3 736 738 804 224 127 85 0
3 737 803 805 86 85 224 1
3 737 805 739 86 85 224 1
3 738 806 804 224 127 85 0
3 738 740 806 224 127 85 0
3 739 805 807 86 85 224 1
3 739 807 741 86 85 224 1
3 740 808 806 224 127 85 0
3 740 742 808 224 127 85 0
3 741 807 809 86 85 224 1
3 741 809 743 86 85 224 1
3 742 810 808 224 127 85 0
3 742 744 810 224 127 85 0
3 743 809 811 86 85 224 1
3 743 811 745 86 85 224 1
3 744 812 810 224 127 85 0
3 744 746 812 224 127 85 0
3 745 811 813 86 85 224 1
3 745 813 747 86 85 224 1
3 746 814 812 224 127 85 0
3 746 748 814 224 127 85 0
3 747 813 815 86 85 224 1
3 747 815 749 86 85 224 1
3 748 816 814 224 127 85 0
3 748 750 816 224 127 85 0
3 749 815 817 86 85 224 1
3 749 817 751 86 85 224 1
3 750 818 816 224 127 85 0
3 750 752 818 224 127 85 0
3 751 817 819 86 85 224 1
3 751 819 753 86 85 224 1
3 752 820 818 224 127 85 0
3 752 754 820 224 127 85 0
3 753 819 821 86 85 224 1
3 753 821 755 86 85 224 1
3 754 822 820 224 127 85 0
3 754 756 822 224 127 85 0
3 755 821 823 86 85 224 1
3 755 823 757 86 85 224 1
3 756 824 822 224 127 85 0
3 756 758 824 224 127 85 0
3 757 823 825 86 85 224 1
3 757 825 759 86 85 224 1
3 758 826 824 224 127 85 0
3 758 760 826 224 127 85 0
3 759 825 827 86 85 224 1
3 759 827 761 86 85 224 1
3 760 828 826 224 127 85 0
3 760 762 828 224 127 85 0
3 761 827 829 86 85 224 1
3 761 829 763 86 85 224 1
3 762 830 828 224 127 85 0
3 762 764 830 224 127 85 0
3 763 829 831 86 85 224 1
3 763 831 765 86 85 224 1
3 764 832 830 224 127 85 0
3 764 766 832 224 127 85 0
3 765 831 833 86 85 224 1
3 765 833 767 86 85 224 1
3 766 834 832 224 127 85 0
3 766 768 834 224 127 85 0
3 767 833 835 86 85 224 1
3 767 835 769 86 85 224 1
3 768 836 834 224 127 85 0
3 768 770 836 224 127 85 0
3 769 835 837 86 85 224 1
3 769 837 771 86 85 224 1
3 770 838 836 224 127 85 0
3 770 772 838 224 127 85 0
3 771 837 839 86 85 224 1
3 771 839 773 86 85 224 1
3 772 840 838 224 127 85 0
3 772 774 840 224 127 85 0
3 773 839 841 86 85 224 1
3 773 841 775 86 85 224 1
3 774 842 840 224 127 85 0
3 774 776 842 224 127 85 0
3 775 841 843 86 85 224 1
3 775 843 777 86 85 224 1
3 776 844 842 224 127 85 0
3 776 778 844 224 127 85 0
3 777 843 845 86 85 224 1
3 777 845 779 86 85 224 1
3 778 846 844 224 127 85 0
3 778 780 846 224 127 85 0
3 779 845 847 86 85 224 1
3 779 847 781 86 85 224 1
3 780 848 846 224 127 85 0
3 780 782 848 224 127 85 0
3 781 847 849 86 85 224 1
3 781 849 783 86 85 224 1
3 782 850 848 224 127 85 0
3 782 784 850 224 127 85 0
3 783 849 851 86 85 224 1
3 783 851 785 86 85 224 1
3 784 852 850 224 127 85 0
3 784 786 852 224 127 85 0
3 785 851 853 86 85 224 1
3 785 853 787 86 85 224 1
3 786 854 852 224 127 85 0
3 786 788 854 224 127 85 0
3 787 853 855 86 85 224 1
3 787 855 789 86 85 224 1
3 788 856 854 224 127 85 0
3 788 790 856 224 127 85 0
3 789 855 857 86 85 224 1
3 789 857 791 86 85 224 1
3 793 858 859 224 127 85 0
3 793 792 858 224 127 85 0
3 794 860 861 86 85 224 1
3 794 861 795 86 85 224 1
3 792 862 858 224 127 85 0
3 792 796 862 224 127 85 0
3 795 861 863 86 85 224 1
3 795 863 797 86 85 224 1
3 796 864 862 224 127 85 0
3 796 798 864 224 127 85 0
3 797 863 865 86 85 224 1
3 797 865 799 86 85 224 1
3 798 866 864 224 127 85 0
3 798 800 866 224 127 85 0
3 799 865 867 86 85 224 1
3 799 867 801 86 85 224 1
3 800 868 866 224 127 85 0
3 800 802 868 224 127 85 0
3 801 867 869 86 85 224 1
3 801 869 803 86 85 224 1
3 802 870 868 224 127 85 0
3 802 804 870 224 127 85 0
3 803 869 871 86 85 224 1
3 803 871 805 86 85 224 1
3 804 872 870 224 127 85 0
3 804 806 872 224 127 85 0
3 805 871 873 86 85 224 1
3 805 873 807 86 85 224 1
3 806 874 872 224 127 85 0
3 806 808 874 224 127 85 0
3 807 873 875 86 85 224 1
3 807 875 809 86 85 224 1
3 808 876 874 224 127 85 0
3 808 810 876 224 127 85 0
3 809 875 877 86 85 224 1
3 809 877 811 86 85 224 1
3 810 878 876 224 127 85 0
3 810 812 878 224 127 85 0
3 811 877 879 86 85 224 1
3 811 879 813 86 85 224 1
3 812 880 878 224 127 85 0
3 812 814 880 224 127 85 0
3 813 879 881 86 85 224 1
3 813 881 815 86 85 224 1
3 814 882 880 224 127 85 0
3 814 816 882 224 127 85 0
3 815 881 883 86 85 224 1
3 815 883 817 86 85 224 1
3 816 884 882 224 127 85 0
3 816 818 884 224 127 85 0
3 817 883 885 86 85 224 1
3 817 885 819 86 85 224 1
3 818 886 884 224 127 85 0
3 818 820 886 224 127 85 0
3 819 885 887 86 85 224 1
3 819 887 821 86 85 224 1
3 820 888 886 224 127 85 0
3 820 822 888 224 127 85 0
3 821 887 889 86 85 224 1
3 821 889 823 86 85 224 1
3 822 890 888 224 127 85 0
3 822 824 890 224 127 85 0
3 823 889 891 86 85 224 1
3 823 891 825 86 85 224 1
3 824 892 890 224 127 85 0
3 824 826 892 224 127 85 0
3 825 891 893 86 85 224 1
3 825 893 827 86 85 224 1
3 826 894 892 224 127 85 0
3 826 828 894 224 127 85 0
3 827 893 895 86 85 224 1
3 827 895 829 86 85 224 1
3 828 896 894 224 127 85 0
3 828 830 896 224 127 85 0
3 829 895 897 86 85 224 1
3 829 897 831 86 85 224 1
3 830 898 896 224 127 85 0
3 830 832 898 224 127 85 0
3 831 897 899 86 85 224 1
3 831 899 833 86 85 224 1
3 832 900 898 224 127 85 0
3 832 834 900 224 127 85 0
3 833 899 901 86 85 224 1
3 833 901 835 86 85 224 1
3 834 902 900 224 127 85 0
3 834 836 902 224 127 85 0
3 835 901 903 86 85 224 1
3 835 903 837 86 85 224 1
3 836 904 902 224 127 85 0
3 836 838 904 224 127 85 0
3 837 903 905 86 85 224 1
3 837 905 839 86 85 224 1
3 838 906 904 224 127 85 0
3 838 840 906 224 127 85 0
3 839 905 907 86 85 224 1
3 839 907 841 86 85 224 1
3 840 908 906 224 127 85 0
3 840 842 908 224 127 85 0
3 841 907 909 86 85 224 1
3 841 909 843 86 85 224 1
3 842 910 908 224 127 85 0
3 842 844 910 224 127 85 0
3 843 909 911 86 85 224 1
3 843 911 845 86 85 224 1
3 844 912 910 224 127 85 0
3 844 846 912 224 127 85 0
3 845 911 913 86 85 224 1
3 845 913 847 86 85 224 1
3 846 914 912 224 127 85 0
3 846 848 914 224 127 85 0
3 847 913 915 86 85 224 1
3 847 915 849 86 85 224 1
3 848 916 914 224 127 85 0
3 848 850 916 224 127 85 0
3 849 915 917 86 85 224 1
3 849 917 851 86 85 224 1
3 850 918 916 224 127 85 0
3 850 852 918 224 127 85 0
3 851 917 919 86 85 224 1
3 851 919 853 86 85 224 1
3 852 920 918 224 127 85 0
3 852 854 920 224 127 85 0
3 853 919 921 86 85 224 1
3 853 921 855 86 85 224 1
3 854 922 920 224 127 85 0
3 854 856 922 224 127 85 0
3 855 921 923 86 85 224 1
3 855 923 857 86 85 224 1
3 859 924 925 224 127 85 0
3 859 858 924 224 127 85 0
3 860 926 927 86 85 224 1
3 860 927 861 86 85 224 1
3 858 928 924 224 127 85 0
3 858 862 928 224 127 85 0
3 861 927 929 86 85 224 1
3 861 929 863 86 85 224 1
3 862 930 928 224 127 85 0
3 862 864 930 224 127 85 0
3 863 929 931 86 85 224 1
3 863 931 865 86 85 224 1
3 864 932 930 224 127 85 0
3 864 866 932 224 127 85 0
3 865 931 933 86 85 224 1
3 865 933 867 86 85 224 1
3 866 934 932 224 127 85 0
3 866 868 934 224 127 85 0
3 867 933 935 86 85 224 1
3 867 935 869 86 85 224 1
3 868 936 934 224 127 85 0
3 868 870 936 224 127 85 0
3 869 935 937 86 85 224 1
3 869 937 871 86 85 224 1
3 870 938 936 224 127 85 0
3 870 872 938 224 127 85 0
3 871 937 939 86 85 224 1
3 871 939 873 86 85 224 1
3 872 940 938 224 127 85 0
3 872 874 940 224 127 85 0
3 873 939 941 86 85 224 1
3 873 941 875 86 85 224 1
3 874 942 940 224 127 85 0
3 874 876 942 224 127 85 0
3 875 941 943 86 85 224 1
3 875 943 877 86 85 224 1
3 876 944 942 224 127 85 0
3 876 878 944 224 127 85 0
3 877 943 945 86 85 224 1
3 877 945 879 86 85 224 1
3 878 946 944 224 127 85 0
3 878 880 946 224 127 85 0
3 879 945 947 86 85 224 1
3 879 947 881 86 85 224 1
3 880 948 946 224 127 85 0
3 880 882 948 224 127 85 0
3 881 947 949 86 85 224 1
3 881 949 883 86 85 224 1
3 882 950 948 224 127 85 0
3 882 884 950 224 127 85 0
3 883 949 951 86 85 224 1
3 883 951 885 86 85 224 1
3 884 952 950 224 127 85 0
3 884 886 952 224 127 85 0
3 885 951 953 86 85 224 1
3 885 953 887 86 85 224 1
3 886 954 952 224 127 85 0
3 886 888 954 224 127 85 0
3 887 953 955 86 85 224 1
3 887 955 889 86 85 224 1
3 888 956 954 224 127 85 0
3 888 890 956 224 127 85 0
3 889 955 957 86 85 224 1
3 889 957 891 86 85 224 1
3 890 958 956 224 127 85 0
3 890 892 958 224 127 85 0
3 891 957 959 86 85 224 1
3 891 959 893 86 85 224 1
3 892 960 958 224 127 85 0
3 892 894 960 224 127 85 0
3 893 959 961 86 85 224 1
3 893 961 895 86 85 224 1
3 894 962 960 224 127 85 0
3 894 896 962 224 127 85 0
3 895 961 963 86 85 224 1
3 895 963 897 86 85 224 1
3 896 964 962 224 127 85 0
3 896 898 964 224 127 85 0
3 897 963 965 86 85 224 1
3 897 965 899 86 85 224 1
3 898 966 964 224 127 85 0
3 898 900 966 224 127 85 0
3 899 965 967 86 85 224 1
3 899 967 901 86 85 224 1
3 900 968 966 224 127 85 0
3 900 902 968 224 127 85 0
3 901 967 969 86 85 224 1
3 901 969 903 86 85 224 1
3 902 970 968 224 127 85 0
3 902 904 970 224 127 85 0
3 903 969 971 86 85 224 1
3 903 971 905 86 85 224 1
3 904 972 970 224 127 85 0
3 904 906 972 224 127 85 0
3 905 971 973 86 85 224 1
3 905 973 907 86 85 224 1
3 906 974 972 224 127 85 0
3 906 908 974 224 127 85 0
3 907 973 975 86 85 224 1
3 907 975 909 86 85 224 1
3 908 976 974 224 127 85 0
3 908 910 976 224 127 85 0
3 909 975 977 86 85 224 1
3 909 977 911 86 85 224 1
3 910 978 976 224 127 85 0
3 910 912 978 224 127 85 0
3 911 977 979 86 85 224 1
3 911 979 913 86 85 224 1
3 912 980 978 224 127 85 0
3 912 914 980 224 127 85 0
3 913 979 981 86 85 224 1
3 913 981 915 86 85 224 1
3 914 982 980 224 127 85 0
3 914 916 982 224 127 85 0
3 915 981 983 86 85 224 1
3 915 983 917 86 85 224 1
3 916 984 982 224 127 85 0
3 916 918 984 224 127 85 0
3 917 983 985 86 85 224 1
3 917 985 919 86 85 224 1
3 918 986 984 224 127 85 0
3 918 920 986 224 127 85 0
3 919 985 987 86 85 224 1
3 919 987 921 86 85 224 1
3 920 988 986 224 127 85 0
3 920 922 988 224 127 85 0
3 921 987 989 86 85 224 1
3 921 989 923 86 85 224 1
3 925 990 991 224 127 85 0
3 925 924 990 224 127 85 0
3 926 992 993 86 85 224 1
3 926 993 927 86 85 224 1
3 924 994 990 224 127 85 0
3 924 928 994 224 127 85 0
3 927 993 995 86 85 224 1
3 927 995 929 86 85 224 1
3 928 996 994 224 127 85 0
3 928 930 996 224 127 85 0
3 929 995 997 86 85 224 1
3 929 997 931 86 85 224 1
3 930 998 996 224 127 85 0
3 930 932 998 224 127 85 0
3 931 997 999 86 85 224 1
3 931 999 933 86 85 224 1
3 932 1000 998 224 127 85 0
3 932 934 1000 224 127 85 0
3 933 999 1001 86 85 224 1
3 933 1001 935 86 85 224 1
3 934 1002 1000 224 127 85 0
3 934 936 1002 224 127 85 0
3 935 1001 1003 86 85 224 1
3 935 1003 937 86 85 224 1
3 936 1004 1002 224 127 85 0
3 936 938 1004 224 127 85 0
3 937 1003 1005 86 85 224 1
3 937 1005 939 86 85 224 1
3 938 1006 1004 224 127 85 0
3 938 940 1006 224 127 85 0
3 939 1005 1007 86 85 224 1
3 939 1007 941 86 85 224 1
3 940 1008 1006 224 127 85 0
3 940 942 1008 224 127 85 0
3 941 1007 1009 86 85 224 1
3 941 1009 943 86 85 224 1
3 942 1010 1008 224 127 85 0
3 942 944 1010 224 127 85 0
3 943 1009 1011 86 85 224 1
3 943 1011 945 86 85 224 1
3 944 1012 1010 224 127 85 0
3 944 946 1012 224 127 85 0
3 945 1011 1013 86 85 224 1
3 945 1013 947 86 85 224 1
3 946 1014 1012 224 127 85 0
3 946 948 1014 224 127 85 0
3 947 1013 1015 86 85 224 1
3 947 1015 949 86 85 224 1
3 948 1016 1014 224 127 85 0
3 948 950 1016 224 127 85 0
3 949 1015 1017 86 85 224 1
3 949 1017 951 86 85 224 1
3 950 1018 1016 224 127 85 0
3 950 952 1018 224 127 85 0
3 951 1017 1019 86 85 224 1
3 951 1019 953 86 85 224 1
3 952 1020 1018 224 127 85 0
3 952 954 1020 224 127 85 0
3 953 1019 1021 86 85 224 1
3 953 1021 955 86 85 224 1
3 954 1022 1020 224 127 85 0
3 954 956 1022 224 127 85 0
3 955 1021 1023 86 85 224 1
3 955 1023 957 86 85 224 1
3 956 1024 1022 224 127 85 0
3 956 958 1024 224 127 85 0
3 957 1023 1025 86 85 224 1
3 957 1025 959 86 85 224 1
3 958 1026 1024 224 127 85 0
3 958 960 1026 224 127 85 0
3 959 1025 1027 86 85 224 1
3 959 1027 961 86 85 224 1
3 960 1028 1026 224 127 85 0
3 960 962 1028 224 127 85 0
3 961 1027 1029 86 85 224 1
3 961 1029 963 86 85 224 1
3 962 1030 1028 224 127 85 0
3 962 964 1030 224 127 85 0
3 963 1029 1031 86 85 224 1
3 963 1031 965 86 85 224 1
3 964 1032 1030 224 127 85 0
3 964 966 1032 224 127 85 0
3 965 1031 1033 86 85 224 1
3 965 1033 967 86 85 224 1
3 966 1034 1032 224 127 85 0
3 966 968 1034 224 127 85 0
3 967 1033 1035 86 85 224 1
3 967 1035 969 86 85 224 1
3 968 1036 1034 224 127 85 0
3 968 970 1036 224 127 85 0
3 969 1035 1037 86 85 224 1
3 969 1037 971 86 85 224 1
3 970 1038 1036 224 127 85 0
3 970 972 1038 224 127 85 0
3 971 1037 1039 86 85 224 1
3 971 1039 973 86 85 224 1
3 972 1040 1038 224 127 85 0
3 972 974 1040 224 127 85 0
3 973 1039 1041 86 85 224 1
3 973 1041 975 86 85 224 1
3 974 1042 1040 224 127 85 0
3 974 976 1042 224 127 85 0
3 975 1041 1043 86 85 224 1
3 975 1043 977 86 85 224 1
3 976 1044 1042 224 127 85 0
3 976 978 1044 224 127 85 0
3 977 1043 1045 86 85 224 1
3 977 1045 979 86 85 224 1
3 978 1046 1044 224 127 85 0
3 978 980 1046 224 127 85 0
3 979 1045 1047 86 85 224 1
3 979 1047 981 86 85 224 1
3 980 1048 1046 224 127 85 0
3 980 982 1048 224 127 85 0
3 981 1047 1049 86 85 224 1
3 981 1049 983 86 85 224 1
3 982 1050 1048 224 127 85 0
3 982 984 1050 224 127 85 0
3 983 1049 1051 86 85 224 1
3 983 1051 985 86 85 224 1
3 984 1052 1050 224 127 85 0
3 984 986 1052 224 127 85 0
3 985 1051 1053 86 85 224 1
3 985 1053 987 86 85 224 1
3 986 1054 1052 224 127 85 0
3 986 988 1054 224 127 85 0
3 987 1053 1055 86 85 224 1
3 987 1055 989 86 85 224 1
3 991 1056 1057 224 127 85 0
3 991 990 1056 224 127 85 0
3 992 1058 1059 86 85 224 1
3 992 1059 993 86 85 224 1
3 990 1060 1056 224 127 85 0
3 990 994 1060 224 127 85 0
3 993 1059 1061 86 85 224 1
3 993 1061 995 86 85 224 1
3 994 1062 1060 224 127 85 0
3 994 996 1062 224 127 85 0
3 995 1061 1063 86 85 224 1
3 995 1063 997 86 85 224 1
3 996 1064 1062 224 127 85 0
3 996 998 1064 224 127 85 0
3 997 1063 1065 86 85 224 1
3 997 1065 999 86 85 224 1
3 998 1066 1064 224 127 85 0
3 998 1000 1066 224 127 85 0
3 999 1065 1067 86 85 224 1
3 999 1067 1001 86 85 224 1
3 1000 1068 1066 224 127 85 0
3 1000 1002 1068 224 127 85 0
3 1001 1067 1069 86 85 224 1
3 1001 1069 1003 86 85 224 1
3 1002 1070 1068 224 127 85 0
3 1002 1004 1070 224 127 85 0
3 1003 1069 1071 86 85 224 1
3 1003 1071 1005 86 85 224 1
3 1004 1072 1070 224 127 85 0
3 1004 1006 1072 224 127 85 0
3 1005 1071 1073 86 85 224 1
3 1005 1073 1007 86 85 224 1
3 1006 1074 1072 224 127 85 0
3 1006 1008 1074 224 127 85 0
3 1007 1073 1075 86 85 224 1
3 1007 1075 1009 86 85 224 1
3 1008 1076 1074 224 127 85 0
3 1008 1010 1076 224 127 85 0
3 1009 1075 1077 86 85 224 1
3 1009 1077 1011 86 85 224 1
3 1010 1078 1076 224 127 85 0
3 1010 1012 1078 224 127 85 0
3 1011 1077 1079 86 85 224 1
3 1011 1079 1013 86 85 224 1
3 1012 1080 1078 224 127 85 0
3 1012 1014 1080 224 127 85 0
3 1013 1079 1081 86 85 224 1
3 1013 1081 1015 86 85 224 1
3 1014 1082 1080 224 127 85 0
3 1014 1016 1082 224 127 85 0
3 1015 1081 1083 86 85 224 1
3 1015 1083 1017 86 85 224 1
3 1016 1084 1082 224 127 85 0
3 1016 1018 1084 224 127 85 0
3 1017 1083 1085 86 85 224 1
3 1017 1085 1019 86 85 224 1
3 1018 1086 1084 224 127 85 0
3 1018 1020 1086 224 127 85 0
3 1019 1085 1087 86 85 224 1
3 1019 1087 1021 86 85 224 1
3 1020 1088 1086 224 127 85 0
3 1020 1022 1088 224 127 85 0
3 1021 1087 1089 86 85 224 1
3 1021 1089 1023 86 85 224 1
3 1022 1090 1088 224 127 85 0
3 1022 1024 1090 224 127 85 0
3 1023 1089 1091 86 85 224 1
3 1023 1091 1025 86 85 224 1
3 1024 1092 1090 224 127 85 0
3 1024 1026 1092 224 127 85 0
3 1025 1091 1093 86 85 224 1
3 1025 1093 1027 86 85 224 1
3 1026 1094 1092 224 127 85 0
3 1026 1028 1094 224 127 85 0
3 1027 1093 1095 86 85 224 1
3 1027 1095 1029 86 85 224 1
3 1028 1096 1094 224 127 85 0
3 1028 1030 1096 224 127 85 0
3 1029 1095 1097 86 85 224 1
3 1029 1097 1031 86 85 224 1
3 1030 1098 1096 224 127 85 0
3 1030 1032 1098 224 127 85 0
3 1031 1097 1099 86 85 224 1
3 1031 1099 1033 86 85 224 1
3 1032 1100 1098 224 127 85 0
3 1032 1034 1100 224 127 85 0
3 1033 1099 1101 86 85 224 1
3 1033 1101 1035 86 85 224 1
3 1034 1102 1100 224 127 85 0
3 1034 1036 1102 224 127 85 0
3 1035 1101 1103 86 85 224 1
3 1035 1103 1037 86 85 224 1
3 1036 1104 1102 224 127 85 0
3 1036 1038 1104 224 127 85 0
3 1037 1103 1105 86 85 224 1
3 1037 1105 1039 86 85 224 1
3 1038 1106 1104 224 127 85 0
3 1038 1040 1106 224 127 85 0
3 1039 1105 1107 86 85 224 1
3 1039 1107 1041 86 85 224 1
3 1040 1108 1106 224 127 85 0
3 1040 1042 1108 224 127 85 0
3 1041 1107 1109 86 85 224 1
3 1041 1109 1043 86 85 224 1
3 1042 1110 1108 224 127 85 0
3 1042 1044 1110 224 127 85 0
3 1043 1109 1111 86 85 224 1
3 1043 1111 1045 86 85 224 1
3 1044 1112 1110 224 127 85 0
3 1044 1046 1112 224 127 85 0
3 1045 1111 1113 86 85 224 1
3 1045 1113 1047 86 85 224 1
3 1046 1114 1112 224 127 85 0
3 1046 1048 1114 224 127 85 0
3 1047 1113 1115 86 85 224 1
3 1047 1115 1049 86 85 224 1
3 1048 1116 1114 224 127 85 0
3 1048 1050 1116 224 127 85 0
3 1049 1115 1117 86 85 224 1
3 1049 1117 1051 86 85 224 1
3 1050 1118 1116 224 127 85 0
3 1050 1052 1118 224 127 85 0
3 1051 1117 1119 86 85 224 1
3 1051 1119 1053 86 85 224 1
3 1052 1120 1118 224 127 85 0
3 1052 1054 1120 224 127 85 0
3 1053 1119 1121 86 85 224 1
3 1053 1121 1055 86 85 224 1
3 1057 1122 1123 224 127 85 0
3 1057 1056 1122 224 127 85 0
3 1058 1124 1125 86 85 224 1
3 1058 1125 1059 86 85 224 1
3 1056 1126 1122 224 127 85 0
3 1056 1060 1126 224 127 85 0
3 1059 1125 1127 86 85 224 1
3 1059 1127 1061 86 85 224 1
3 1060 1128 1126 224 127 85 0
3 1060 1062 1128 224 127 85 0
3 1061 1127 1129 86 85 224 1
3 1061 1129 1063 86 85 224 1
3 1062 1130 1128 224 127 85 0
3 1062 1064 1130 224 127 85 0
3 1063 1129 1131 86 85 224 1
3 1063 1131 1065 86 85 224 1
3 1064 1132 1130 224 127 85 0
3 1064 1066 1132 224 127 85 0
3 1065 1131 1133 86 85 224 1
3 1065 1133 1067 86 85 224 1
3 1066 1134 1132 224 127 85 0
3 1066 1068 1134 224 127 85 0
3 1067 1133 1135 86 85 224 1
3 1067 1135 1069 86 85 224 1
3 1068 1136 1134 224 127 85 0
3 1068 1070 1136 224 127 85 0
3 1069 1135 1137 86 85 224 1
3 1069 1137 1071 86 85 224 1
3 1070 1138 1136 224 127 85 0
3 1070 1072 1138 224 127 85 0
3 1071 1137 1139 86 85 224 1
3 1071 1139 1073 86 85 224 1
3 1072 1140 1138 224 127 85 0
3 1072 1074 1140 224 127 85 0
3 1073 1139 1141 86 85 224 1
3 1073 1141 1075 86 85 224 1
3 1074 1142 1140 224 127 85 0
3 1074 1076 1142 224 127 85 0
3 1075 1141 1143 86 85 224 1
3 1075 1143 1077 86 85 224 1
3 1076 1144 1142 224 127 85 0
3 1076 1078 1144 224 127 85 0
3 1077 1143 1145 86 85 224 1
3 1077 1145 1079 86 85 224 1
3 1078 1146 1144 224 127 85 0
3 1078 1080 1146 224 127 85 0
3 1079 1145 1147 86 85 224 1
3 1079 1147 1081 86 85 224 1
3 1080 1148 1146 224 127 85 0
3 1080 1082 1148 224 127 85 0
3 1081 1147 1149 86 85 224 1
3 1081 1149 1083 86 85 224 1
3 1082 1150 1148 224 127 85 0
3 1082 1084 1150 224 127 85 0
3 1083 1149 1151 86 85 224 1
3 1083 1151 1085 86 85 224 1
3 1084 1152 1150 224 127 85 0
3 1084 1086 1152 224 127 85 0
3 1085 1151 1153 86 85 224 1
3 1085 1153 1087 86 85 224 1
3 1086 1154 1152 224 127 85 0
3 1086 1088 1154 224 127 85 0
3 1087 1153 1155 86 85 224 1
3 1087 1155 1089 86 85 224 1
3 1088 1156 1154 224 127 85 0
3 1088 1090 1156 224 127 85 0
3 1089 1155 1157 86 85 224 1
3 1089 1157 1091 86 85 224 1
3 1090 1158 1156 224 127 85 0
3 1090 1092 1158 224 127 85 0
3 1091 1157 1159 86 85 224 1
3 1091 1159 1093 86 85 224 1
3 1092 1160 1158 224 127 85 0
3 1092 1094 1160 224 127 85 0
3 1093 1159 1161 86 85 224 1
3 1093 1161 1095 86 85 224 1
3 1094 1162 1160 224 127 85 0
3 1094 1096 1162 224 127 85 0
3 1095 1161 1163 86 85 224 1
3 1095 1163 1097 86 85 224 1
3 1096 1164 1162 224 127 85 0
3 1096 1098 1164 224 127 85 0
3 1097 1163 1165 86 85 224 1
3 1097 1165 1099 86 85 224 1
3 1098 1166 1164 224 127 85 0
3 1098 1100 1166 224 127 85 0
3 1099 1165 1167 86 85 224 1
3 1099 1167 1101 86 85 224 1
3 1100 1168 1166 224 127 85 0
3 1100 1102 1168 224 127 85 0
3 1101 1167 1169 86 85 224 1
3 1101 1169 1103 86 85 224 1
3 1102 1170 1168 224 127 85 0
3 1102 1104 1170 224 127 85 0
3 1103 1169 1171 86 85 224 1
3 1103 1171 1105 86 85 224 1
3 1104 1172 1170 224 127 85 0
3 1104 1106 1172 224 127 85 0
3 1105 1171 1173 86 85 224 1
3 1105 1173 1107 86 85 224 1
3 1106 1174 1172 224 127 85 0
3 1106 1108 1174 224 127 85 0
3 1107 1173 1175 86 85 224 1
3 1107 1175 1109 86 85 224 1
3 1108 1176 1174 224 127 85 0
3 1108 1110 1176 224 127 85 0
3 1109 1175 1177 86 85 224 1
3 1109 1177 1111 86 85 224 1
3 1110 1178 1176 224 127 85 0
3 1110 1112 1178 224 127 85 0
3 1111 1177 1179 86 85 224 1
3 1111 1179 1113 86 85 224 1
3 1112 1180 1178 224 127 85 0
3 1112 1114 1180 224 127 85 0
3 1113 1179 1181 86 85 224 1
3 1113 1181 1115 86 85 224 1
3 1114 1182 1180 224 127 85 0
3 1114 1116 1182 224 127 85 0
3 1115 1181 1183 86 85 224 1
3 1115 1183 1117 86 85 224 1
3 1116 1184 1182 224 127 85 0
3 1116 1118 1184 224 127 85 0
3 1117 1183 1185 86 85 224 1
3 1117 1185 1119 86 85 224 1
3 1118 1186 1184 224 127 85 0
3 1118 1120 1186 224 127 85 0
3 1119 1185 1187 86 85 224 1
3 1119 1187 1121 86 85 224 1
3 1123 1188 1189 224 127 85 0
3 1123 1122 1188 224 127 85 0
3 1124 1190 1191 86 85 224 1
3 1124 1191 1125 86 85 224 1
3 1122 1192 1188 224 127 85 0
3 1122 1126 1192 224 127 85 0
3 1125 1191 1193 86 85 224 1
3 1125 1193 1127 86 85 224 1
3 1126 1194 1192 224 127 85 0
3 1126 1128 1194 224 127 85 0
3 1127 1193 1195 86 85 224 1
3 1127 1195 1129 86 85 224 1
3 1128 1196 1194 224 127 85 0
3 1128 1130 1196 224 127 85 0
3 1129 1195 1197 86 85 224 1
3 1129 1197 1131 86 85 224 1
3 1130 1198 1196 224 127 85 0
3 1130 1132 1198 224 127 85 0
3 1131 1197 1199 86 85 224 1
3 1131 1199 1133 86 85 224 1
3 1132 1200 1198 224 127 85 0
3 1132 1134 1200 224 127 85 0
3 1133 1199 1201 86 85 224 1
3 1133 1201 1135 86 85 224 1
3 1134 1202 1200 224 127 85 0
3 1134 1136 1202 224 127 85 0
3 1135 1201 1203 86 85 224 1
3 1135 1203 1137 86 85 224 1
3 1136 1204 1202 224 127 85 0
3 1136 1138 1204 224 127 85 0
3 1137 1203 1205 86 85 224 1
3 1137 1205 1139 86 85 224 1
3 1138 1206 1204 224 127 85 0
3 1138 1140 1206 224 127 85 0
3 1139 1205 1207 86 85 224 1
3 1139 1207 1141 86 85 224 1
3 1140 1208 1206 224 127 85 0
3 1140 1142 1208 224 127 85 0
3 1141 1207 1209 86 85 224 1
3 1141 1209 1143 86 85 224 1
3 1142 1210 1208 224 127 85 0
3 1142 1144 1210 224 127 85 0
3 1143 1209 1211 86 85 224 1
3 1143 1211 1145 86 85 224 1
3 1144 1212 1210 224 127 85 0
3 1144 1146 1212 224 127 85 0
3 1145 1211 1213 86 85 224 1
3 1145 1213 1147 86 85 224 1
3 1146 1214 1212 224 127 85 0
3 1146 1148 1214 224 127 85 0
3 1147 1213 1215 86 85 224 1
3 1147 1215 1149 86 85 224 1
3 1148 1216 1214 224 127 85 0
3 1148 1150 1216 224 127 85 0
3 1149 1215 1217 86 85 224 1
3 1149 1217 1151 86 85 224 1
3 1150 1218 1216 224 127 85 0
3 1150 1152 1218 224 127 85 0
3 1151 1217 1219 86 85 224 1
3 1151 1219 1153 86 85 224 1
3 1152 1220 1218 224 127 85 0
3 1152 1154 1220 224 127 85 0
3 1153 1219 1221 86 85 224 1
3 1153 1221 1155 86 85 224 1
3 1154 1222 1220 224 127 85 0
3 1154 1156 1222 224 127 85 0
3 1155 1221 1223 86 85 224 1
3 1155 1223 1157 86 85 224 1
3 1156 1224 1222 224 127 85 0
3 1156 1158 1224 224 127 85 0
3 1157 1223 1225 86 85 224 1
3 1157 1225 1159 86 85 224 1
3 1158 1226 1224 224 127 85 0
3 1158 1160 1226 224 127 85 0
3 1159 1225 1227 86 85 224 1
3 1159 1227 1161 86 85 224 1
3 1160 1228 1226 224 127 85 0
3 1160 1162 1228 224 127 85 0
3 1161 1227 1229 86 85 224 1
3 1161 1229 1163 86 85 224 1
3 1162 1230 1228 224 127 85 0
3 1162 1164 1230 224 127 85 0
3 1163 1229 1231 86 85 224 1
3 1163 1231 1165 86 85 224 1
3 1164 1232 1230 224 127 85 0
3 1164 1166 1232 224 127 85 0
3 1165 1231 1233 86 85 224 1
3 1165 1233 1167 86 85 224 1
3 1166 1234 1232 224 127 85 0
3 1166 1168 1234 224 127 85 0
3 1167 1233 1235 86 85 224 1
3 1167 1235 1169 86 85 224 1
3 1168 1236 1234 224 127 85 0
3 1168 1170 1236 224 127 85 0
3 1169 1235 1237 86 85 224 1
3 1169 1237 1171 86 85 224 1
3 1170 1238 1236 224 127 85 0
3 1170 1172 1238 224 127 85 0
3 1171 1237 1239 86 85 224 1
3 1171 1239 1173 86 85 224 1
3 1172 1240 1238 224 127 85 0
3 1172 1174 1240 224 127 85 0
3 1173 1239 1241 86 85 224 1
3 1173 1241 1175 86 85 224 1
3 1174 1242 1240 224 127 85 0
3 1174 1176 1242 224 127 85 0
3 1175 1241 1243 86 85 224 1
3 1175 1243 1177 86 85 224 1
3 1176 1244 1242 224 127 85 0
3 1176 1178 1244 224 127 85 0
3 1177 1243 1245 86 85 224 1
3 1177 1245 1179 86 85 224 1
3 1178 1246 1244 224 127 85 0
3 1178 1180 1246 224 127 85 0
3 1179 1245 1247 86 85 224 1
3 1179 1247 1181 86 85 224 1
3 1180 1248 1246 224 127 85 0
3 1180 1182 1248 224 127 85 0
3 1181 1247 1249 86 85 224 1
3 1181 1249 1183 86 85 224 1
3 1182 1250 1248 224 127 85 0
3 1182 1184 1250 224 127 85 0
3 1183 1249 1251 86 85 224 1
3 1183 1251 1185 86 85 224 1
3 1184 1252 1250 224 127 85 0
3 1184 1186 1252 224 127 85 0
3 1185 1251 1253 86 85 224 1
3 1185 1253 1187 86 85 224 1
3 1189 1254 1255 224 127 85 0
3 1189 1188 1254 224 127 85 0
3 1190 1256 1257 86 85 224 1
3 1190 1257 1191 86 85 224 1
3 1188 1258 1254 224 127 85 0
3 1188 1192 1258 224 127 85 0
3 1191 1257 1259 86 85 224 1
3 1191 1259 1193 86 85 224 1
3 1192 1260 1258 224 127 85 0
3 1192 1194 1260 224 127 85 0
3 1193 1259 1261 86 85 224 1
3 1193 1261 1195 86 85 224 1
3 1194 1262 1260 224 127 85 0
3 1194 1196 1262 224 127 85 0
3 1195 1261 1263 86 85 224 1
3 1195 1263 1197 86 85 224 1
3 1196 1264 1262 224 127 85 0
3 1196 1198 1264 224 127 85 0
3 1197 1263 1265 86 85 224 1
3 1197 1265 1199 86 85 224 1
3 1198 1266 1264 224 127 85 0
3 1198 1200 1266 224 127 85 0
3 1199 1265 1267 86 85 224 1
3 1199 1267 1201 86 85 224 1
3 1200 1268 1266 224 127 85 0
3 1200 1202 1268 224 127 85 0
3 1201 1267 1269 86 85 224 1
3 1201 1269 1203 86 85 224 1
3 1202 1270 1268 224 127 85 0
3 1202 1204 1270 224 127 85 0
3 1203 1269 1271 86 85 224 1
3 1203 1271 1205 86 85 224 1
3 1204 1272 1270 224 127 85 0
3 1204 1206 1272 224 127 85 0
3 1205 1271 1273 86 85 224 1
3 1205 1273 1207 86 85 224 1
3 1206 1274 1272 224 127 85 0
3 1206 1208 1274 224 127 85 0
3 1207 1273 1275 86 85 224 1
3 1207 1275 1209 86 85 224 1
3 1208 1276 1274 224 127 85 0
3 1208 1210 1276 224 127 85 0
3 1209 1275 1277 86 85 224 1
3 1209 1277 1211 86 85 224 1
3 1210 1278 1276 224 127 85 0
3 1210 1212 1278 224 127 85 0
3 1211 1277 1279 86 85 224 1
3 1211 1279 1213 86 85 224 1
3 1212 1280 1278 224 127 85 0
3 1212 1214 1280 224 127 85 0
3 1213 1279 1281 86 85 224 1
3 1213 1281 1215 86 85 224 1
3 1214 1282 1280 224 127 85 0
3 1214 1216 1282 224 127 85 0
3 1215 1281 1283 86 85 224 1
3 1215 1283 1217 86 85 224 1
3 1216 1284 1282 224 127 85 0
3 1216 1218 1284 224 127 85 0
3 1217 1283 1285 86 85 224 1
3 1217 1285 1219 86 85 224 1
3 1218 1286 1284 224 127 85 0
3 1218 1220 1286 224 127 85 0
3 1219 1285 1287 86 85 224 1
3 1219 1287 1221 86 85 224 1
3 1220 1288 1286 224 127 85 0
3 1220 1222 1288 224 127 85 0
3 1221 1287 1289 86 85 224 1
3 1221 1289 1223 86 85 224 1
3 1222 1290 1288 224 127 85 0
3 1222 1224 1290 224 127 85 0
3 1223 1289 1291 86 85 224 1
3 1223 1291 1225 86 85 224 1
3 1224 1292 1290 224 127 85 0
3 1224 1226 1292 224 127 85 0
3 1225 1291 1293 86 85 224 1
3 1225 1293 1227 86 85 224 1
3 1226 1294 1292 224 127 85 0
3 1226 1228 1294 224 127 85 0
3 1227 1293 1295 86 85 224 1
3 1227 1295 1229 86 85 224 1
3 1228 1296 1294 224 127 85 0
3 1228 1230 1296 224 127 85 0
3 1229 1295 1297 86 85 224 1
3 1229 1297 1231 86 85 224 1
3 1230 1298 1296 224 127 85 0
3 1230 1232 1298 224 127 85 0
3 1231 1297 1299 86 85 224 1
3 1231 1299 1233 86 85 224 1
3 1232 1300 1298 224 127 85 0
3 1232 1234 1300 224 127 85 0
3 1233 1299 1301 86 85 224 1
3 1233 1301 1235 86 85 224 1
3 1234 1302 1300 224 127 85 0
3 1234 1236 1302 224 127 85 0
3 1235 1301 1303 86 85 224 1
3 1235 1303 1237 86 85 224 1
3 1236 1304 1302 224 127 85 0
3 1236 1238 1304 224 127 85 0
3 1237 1303 1305 86 85 224 1
3 1237 1305 1239 86 85 224 1
3 1238 1306 1304 224 127 85 0
3 1238 1240 1306 224 127 85 0
3 1239 1305 1307 86 85 224 1
3 1239 1307 1241 86 85 224 1
3 1240 1308 1306 224 127 85 0
3 1240 1242 1308 224 127 85 0
3 1241 1307 1309 86 85 224 1
3 1241 1309 1243 86 85 224 1
3 1242 1310 1308 224 127 85 0
3 1242 1244 1310 224 127 85 0
3 1243 1309 1311 86 85 224 1
3 1243 1311 1245 86 85 224 1
3 1244 1312 1310 224 127 85 0
3 1244 1246 1312 224 127 85 0
3 1245 1311 1313 86 85 224 1
3 1245 1313 1247 86 85 224 1
3 1246 1314 1312 224 127 85 0
3 1246 1248 1314 224 127 85 0
3 1247 1313 1315 86 85 224 1
3 1247 1315 1249 86 85 224 1
3 1248 1316 1314 224 127 85 0
3 1248 1250 1316 224 127 85 0
3 1249 1315 1317 86 85 224 1
3 1249 1317 1251 86 85 224 1
3 1250 1318 1316 224 127 85 0
3 1250 1252 1318 224 127 85 0
3 1251 1317 1319 86 85 224 1
3 1251 1319 1253 86 85 224 1
3 1255 1320 1321 224 127 85 0
3 1255 1254 1320 224 127 85 0
3 1256 1322 1323 86 85 224 1
3 1256 1323 1257 86 85 224 1
3 1254 1324 1320 224 127 85 0
3 1254 1258 1324 224 127 85 0
3 1257 1323 1325 86 85 224 1
3 1257 1325 1259 86 85 224 1
3 1258 1326 1324 224 127 85 0
3 1258 1260 1326 224 127 85 0
3 1259 1325 1327 86 85 224 1
3 1259 1327 1261 86 85 224 1
3 1260 1328 1326 224 127 85 0
3 1260 1262 1328 224 127 85 0
3 1261 1327 1329 86 85 224 1
3 1261 1329 1263 86 85 224 1
3 1262 1330 1328 224 127 85 0
3 1262 1264 1330 224 127 85 0
3 1263 1329 1331 86 85 224 1
3 1263 1331 1265 86 85 224 1
3 1264 1332 1330 224 127 85 0
3 1264 1266 1332 224 127 85 0
3 1265 1331 1333 86 85 224 1
3 1265 1333 1267 86 85 224 1
3 1266 1334 1332 224 127 85 0
3 1266 1268 1334 224 127 85 0
3 1267 1333 1335 86 85 224 1
3 1267 1335 1269 86 85 224 1
3 1268 1336 1334 224 127 85 0
3 1268 1270 1336 224 127 85 0
3 1269 1335 1337 86 85 224 1
3 1269 1337 1271 86 85 224 1
3 1270 1338 1336 224 127 85 0
3 1270 1272 1338 224 127 85 0
3 1271 1337 1339 86 85 224 1
3 1271 1339 1273 86 85 224 1
3 1272 1340 1338 224 127 85 0
3 1272 1274 1340 224 127 85 0
3 1273 1339 1341 86 85 224 1
3 1273 1341 1275 86 85 224 1
3 1274 1342 1340 224 127 85 0
3 1274 1276 1342 224 127 85 0
3 1275 1341 1343 86 85 224 1
3 1275 1343 1277 86 85 224 1
3 1276 1344 1342 224 127 85 0
3 1276 1278 1344 224 127 85 0
3 1277 1343 1345 86 85 224 1
3 1277 1345 1279 86 85 224 1
3 1278 1346 1344 224 127 85 0
3 1278 1280 1346 224 127 85 0
3 1279 1345 1347 86 85 224 1
3 1279 1347 1281 86 85 224 1
3 1280 1348 1346 224 127 85 0
3 1280 1282 1348 224 127 85 0
3 1281 1347 1349 86 85 224 1
3 1281 1349 1283 86 85 224 1
3 1282 1350 1348 224 127 85 0
3 1282 1284 1350 224 127 85 0
3 1283 1349 1351 86 85 224 1
3 1283 1351 1285 86 85 224 1
3 1284 1352 1350 224 127 85 0
3 1284 1286 1352 224 127 85 0
3 1285 1351 1353 86 85 224 1
3 1285 1353 1287 86 85 224 1
3 1286 1354 1352 224 127 85 0
3 1286 1288 1354 224 127 85 0
3 1287 1353 1355 86 85 224 1
3 1287 1355 1289 86 85 224 1
3 1288 1356 1354 224 127 85 0
3 1288 1290 1356 224 127 85 0
3 1289 1355 1357 86 85 224 1
3 1289 1357 1291 86 85 224 1
3 1290 1358 1356 224 127 85 0
3 1290 1292 1358 224 127 85 0
3 1291 1357 1359 86 85 224 1
3 1291 1359 1293 86 85 224 1
3 1292 1360 1358 224 127 85 0
3 1292 1294 1360 224 127 85 0
3 1293 1359 1361 86 85 224 1
3 1293 1361 1295 86 85 224 1
3 1294 1362 1360 224 127 85 0
3 1294 1296 1362 224 127 85 0
3 1295 1361 1363 86 85 224 1
3 1295 1363 1297 86 85 224 1
3 1296 1364 1362 224 127 85 0
3 1296 1298 1364 224 127 85 0
3 1297 1363 1365 86 85 224 1
3 1297 1365 1299 86 85 224 1
3 1298 1366 1364 224 127 85 0
3 1298 1300 1366 224 127 85 0
3 1299 1365 1367 86 85 224 1
3 1299 1367 1301 86 85 224 1
3 1300 1368 1366 224 127 85 0
3 1300 1302 1368 224 127 85 0
3 1301 1367 1369 86 85 224 1
3 1301 1369 1303 86 85 224 1
3 1302 1370 1368 224 127 85 0
3 1302 1304 1370 224 127 85 0
3 1303 1369 1371 86 85 224 1
3 1303 1371 1305 86 85 224 1
3 1304 1372 1370 224 127 85 0
3 1304 1306 1372 224 127 85 0
3 1305 1371 1373 86 85 224 1
3 1305 1373 1307 86 85 224 1
3 1306 1374 1372 224 127 85 0
3 1306 1308 1374 224 127 85 0
3 1307 1373 1375 86 85 224 1
3 1307 1375 1309 86 85 224 1
3 1308 1376 1374 224 127 85 0
3 1308 1310 1376 224 127 85 0
3 1309 1375 1377 86 85 224 1
3 1309 1377 1311 86 85 224 1
3 1310 1378 1376 224 127 85 0
3 1310 1312 1378 224 127 85 0
3 1311 1377 1379 86 85 224 1
3 1311 1379 1313 86 85 224 1
3 1312 1380 1378 224 127 85 0
3 1312 1314 1380 224 127 85 0
3 1313 1379 1381 86 85 224 1
3 1313 1381 1315 86 85 224 1
3 1314 1382 1380 224 127 85 0
3 1314 1316 1382 224 127 85 0
3 1315 1381 1383 86 85 224 1
3 1315 1383 1317 86 85 224 1
3 1316 1384 1382 224 127 85 0
3 1316 1318 1384 224 127 85 0
3 1317 1383 1385 86 85 224 1
3 1317 1385 1319 86 85 224 1
3 1321 1386 1387 224 127 85 0
3 1321 1320 1386 224 127 85 0
3 1322 1388 1389 86 85 224 1
3 1322 1389 1323 86 85 224 1
3 1320 1390 1386 224 127 85 0
3 1320 1324 1390 224 127 85 0
3 1323 1389 1391 86 85 224 1
3 1323 1391 1325 86 85 224 1
3 1324 1392 1390 224 127 85 0
3 1324 1326 1392 224 127 85 0
3 1325 1391 1393 86 85 224 1
3 1325 1393 1327 86 85 224 1
3 1326 1394 1392 224 127 85 0
3 1326 1328 1394 224 127 85 0
3 1327 1393 1395 86 85 224 1
3 1327 1395 1329 86 85 224 1
3 1328 1396 1394 224 127 85 0
3 1328 1330 1396 224 127 85 0
3 1329 1395 1397 86 85 224 1
3 1329 1397 1331 86 85 224 1
3 1330 1398 1396 224 127 85 0
3 1330 1332 1398 224 127 85 0
3 1331 1397 1399 86 85 224 1
3 1331 1399 1333 86 85 224 1
3 1332 1400 1398 224 127 85 0
3 1332 1334 1400 224 127 85 0
3 1333 1399 1401 86 85 224 1
3 1333 1401 1335 86 85 224 1
3 1334 1402 1400 224 127 85 0
3 1334 1336 1402 224 127 85 0
3 1335 1401 1403 86 85 224 1
3 1335 1403 1337 86 85 224 1
3 1336 1404 1402 224 127 85 0
3 1336 1338 1404 224 127 85 0
3 1337 1403 1405 86 85 224 1
3 1337 1405 1339 86 85 224 1
3 1338 1406 1404 224 127 85 0
3 1338 1340 1406 224 127 85 0
3 1339 1405 1407 86 85 224 1
3 1339 1407 1341 86 85 224 1
3 1340 1408 1406 224 127 85 0
3 1340 1342 1408 224 127 85 0
3 1341 1407 1409 86 85 224 1
3 1341 1409 1343 86 85 224 1
3 1342 1410 1408 224 127 85 0
3 1342 1344 1410 224 127 85 0
3 1343 1409 1411 86 85 224 1
3 1343 1411 1345 86 85 224 1
3 1344 1412 1410 224 127 85 0
3 1344 1346 1412 224 127 85 0
3 1345 1411 1413 86 85 224 1
3 1345 1413 1347 86 85 224 1
3 1346 1414 1412 224 127 85 0
3 1346 1348 1414 224 127 85 0
3 1347 1413 1415 86 85 224 1
3 1347 1415 1349 86 85 224 1
3 1348 1416 1414 224 127 85 0
3 1348 1350 1416 224 127 85 0
3 1349 1415 1417 86 85 224 1
3 1349 1417 1351 86 85 224 1
3 1350 1418 1416 224 127 85 0
3 1350 1352 1418 224 127 85 0
3 1351 1417 1419 86 85 224 1
3 1351 1419 1353 86 85 224 1
3 1352 1420 1418 224 127 85 0
3 1352 1354 1420 224 127 85 0
3 1353 1419 1421 86 85 224 1
3 1353 1421 1355 86 85 224 1
3 1354 1422 1420 224 127 85 0
3 1354 1356 1422 224 127 85 0
3 1355 1421 1423 86 85 224 1
3 1355 1423 1357 86 85 224 1
3 1356 1424 1422 224 127 85 0
3 1356 1358 1424 224 127 85 0
3 1357 1423 1425 86 85 224 1
3 1357 1425 1359 86 85 224 1
3 1358 1426 1424 224 127 85 0
3 1358 1360 1426 224 127 85 0
3 1359 1425 1427 86 85 224 1
3 1359 1427 1361 86 85 224 1
3 1360 1428 1426 224 127 85 0
3 1360 1362 1428 224 127 85 0
3 1361 1427 1429 86 85 224 1
3 1361 1429 1363 86 85 224 1
3 1362 1430 1428 224 127 85 0
3 1362 1364 1430 224 127 85 0
3 1363 1429 1431 86 85 224 1
3 1363 1431 1365 86 85 224 1
3 1364 1432 1430 224 127 85 0
3 1364 1366 1432 224 127 85 0
3 1365 1431 1433 86 85 224 1
3 1365 1433 1367 86 85 224 1
3 1366 1434 1432 224 127 85 0
3 1366 1368 1434 224 127 85 0
3 1367 1433 1435 86 85 224 1
3 1367 1435 1369 86 85 224 1
3 1368 1436 1434 224 127 85 0
3 1368 1370 1436 224 127 85 0
3 1369 1435 1437 86 85 224 1
3 1369 1437 1371 86 85 224 1
3 1370 1438 1436 224 127 85 0
3 1370 1372 1438 224 127 85 0
3 1371 1437 1439 86 85 224 1
3 1371 1439 1373 86 85 224 1
3 1372 1440 1438 224 127 85 0
3 1372 1374 1440 224 127 85 0
3 1373 1439 1441 86 85 224 1
3 1373 1441 1375 86 85 224 1
3 1374 1442 1440 224 127 85 0
3 1374 1376 1442 224 127 85 0
3 1375 1441 1443 86 85 224 1
3 1375 1443 1377 86 85 224 1
3 1376 1444 1442 224 127 85 0
3 1376 1378 1444 224 127 85 0
3 1377 1443 1445 86 85 224 1
3 1377 1445 1379 86 85 224 1
3 1378 1446 1444 224 127 85 0
3 1378 1380 1446 224 127 85 0
3 1379 1445 1447 86 85 224 1
3 1379 1447 1381 86 85 224 1
3 1380 1448 1446 224 127 85 0
3 1380 1382 1448 224 127 85 0
3 1381 1447 1449 86 85 224 1
3 1381 1449 1383 86 85 224 1
3 1382 1450 1448 224 127 85 0
3 1382 1384 1450 224 127 85 0
3 1383 1449 1451 86 85 224 1
3 1383 1451 1385 86 85 224 1
3 1387 1452 1453 224 127 85 0
3 1387 1386 1452 224 127 85 0
3 1388 1454 1455 86 85 224 1
3 1388 1455 1389 86 85 224 1
3 1386 1456 1452 224 127 85 0
3 1386 1390 1456 224 127 85 0
3 1389 1455 1457 86 85 224 1
3 1389 1457 1391 86 85 224 1
3 1390 1458 1456 224 127 85 0
3 1390 1392 1458 224 127 85 0
3 1391 1457 1459 86 85 224 1
3 1391 1459 1393 86 85 224 1
3 1392 1460 1458 224 127 85 0
3 1392 1394 1460 224 127 85 0
3 1393 1459 1461 86 85 224 1
3 1393 1461 1395 86 85 224 1
3 1394 1462 1460 224 127 85 0
3 1394 1396 1462 224 127 85 0
3 1395 1461 1463 86 85 224 1
3 1395 1463 1397 86 85 224 1
3 1396 1464 1462 224 127 85 0
3 1396 1398 1464 224 127 85 0
3 1397 1463 1465 86 85 224 1
3 1397 1465 1399 86 85 224 1
3 1398 1466 1464 224 127 85 0
3 1398 1400 1466 224 127 85 0
3 1399 1465 1467 86 85 224 1
3 1399 1467 1401 86 85 224 1
3 1400 1468 1466 224 127 85 0
3 1400 1402 1468 224 127 85 0
3 1401 1467 1469 86 85 224 1
3 1401 1469 1403 86 85 224 1
3 1402 1470 1468 224 127 85 0
3 1402 1404 1470 224 127 85 0
3 1403 1469 1471 86 85 224 1
3 1403 1471 1405 86 85 224 1
3 1404 1472 1470 224 127 85 0
3 1404 1406 1472 224 127 85 0
3 1405 1471 1473 86 85 224 1
3 1405 1473 1407 86 85 224 1
3 1406 1474 1472 224 127 85 0
3 1406 1408 1474 224 127 85 0
3 1407 1473 1475 86 85 224 1
3 1407 1475 1409 86 85 224 1
3 1408 1476 1474 224 127 85 0
3 1408 1410 1476 224 127 85 0
3 1409 1475 1477 86 85 224 1
3 1409 1477 1411 86 85 224 1
3 1410 1478 1476 224 127 85 0
3 1410 1412 1478 224 127 85 0
3 1411 1477 1479 86 85 224 1
3 1411 1479 1413 86 85 224 1
3 1412 1480 1478 224 127 85 0
3 1412 1414 1480 224 127 85 0
3 1413 1479 1481 86 85 224 1
3 1413 1481 1415 86 85 224 1
3 1414 1482 1480 224 127 85 0
3 1414 1416 1482 224 127 85 0
3 1415 1481 1483 86 85 224 1
3 1415 1483 1417 86 85 224 1
3 1416 1484 1482 224 127 85 0
3 1416 1418 1484 224 127 85 0
3 1417 1483 1485 86 85 224 1
3 1417 1485 1419 86 85 224 1
3 1418 1486 1484 224 127 85 0
3 1418 1420 1486 224 127 85 0
3 1419 1485 1487 86 85 224 1
3 1419 1487 1421 86 85 224 1
3 1420 1488 1486 224 127 85 0
3 1420 1422 1488 224 127 85 0
3 1421 1487 1489 86 85 224 1
3 1421 1489 1423 86 85 224 1
3 1422 1490 1488 224 127 85 0
3 1422 1424 1490 224 127 85 0
3 1423 1489 1491 86 85 224 1
3 1423 1491 1425 86 85 224 1
3 1424 1492 1490 224 127 85 0
3 1424 1426 1492 224 127 85 0
3 1425 1491 1493 86 85 224 1
3 1425 1493 1427 86 85 224 1
3 1426 1494 1492 224 127 85 0
3 1426 1428 1494 224 127 85 0
3 1427 1493 1495 86 85 224 1
3 1427 1495 1429 86 85 224 1
3 1428 1496 1494 224 127 85 0
3 1428 1430 1496 224 127 85 0
3 1429 1495 1497 86 85 224 1
3 1429 1497 1431 86 85 224 1
3 1430 1498 1496 224 127 85 0
3 1430 1432 1498 224 127 85 0
3 1431 1497 1499 86 85 224 1
3 1431 1499 1433 86 85 224 1
3 1432 1500 1498 224 127 85 0
3 1432 1434 1500 224 127 85 0
3 1433 1499 1501 86 85 224 1
3 1433 1501 1435 86 85 224 1
3 1434 1502 1500 224 127 85 0
3 1434 1436 1502 224 127 85 0
3 1435 1501 1503 86 85 224 1
3 1435 1503 1437 86 85 224 1
3 1436 1504 1502 224 127 85 0
3 1436 1438 1504 224 127 85 0
3 1437 1503 1505 86 85 224 1
3 1437 1505 1439 86 85 224 1
3 1438 1506 1504 224 127 85 0
3 1438 1440 1506 224 127 85 0
3 1439 1505 1507 86 85 224 1
3 1439 1507 1441 86 85 224 1
3 1440 1508 1506 224 127 85 0
3 1440 1442 1508 224 127 85 0
3 1441 1507 1509 86 85 224 1
3 1441 1509 1443 86 85 224 1
3 1442 1510 1508 224 127 85 0
3 1442 1444 1510 224 127 85 0
3 1443 1509 1511 86 85 224 1
3 1443 1511 1445 86 85 224 1
3 1444 1512 1510 224 127 85 0
3 1444 1446 1512 224 127 85 0
3 1445 1511 1513 86 85 224 1
3 1445 1513 1447 86 85 224 1
3 1446 1514 1512 224 127 85 0
3 1446 1448 1514 224 127 85 0
3 1447 1513 1515 86 85 224 1
3 1447 1515 1449 86 85 224 1
3 1448 1516 1514 224 127 85 0
3 1448 1450 1516 224 127 85 0
3 1449 1515 1517 86 85 224 1
3 1449 1517 1451 86 85 224 1
3 1453 1518 1519 224 127 85 0
3 1453 1452 1518 224 127 85 0
3 1454 1520 1521 86 85 224 1
3 1454 1521 1455 86 85 224 1
3 1452 1522 1518 224 127 85 0
3 1452 1456 1522 224 127 85 0
3 1455 1521 1523 86 85 224 1
3 1455 1523 1457 86 85 224 1
3 1456 1524 1522 224 127 85 0
3 1456 1458 1524 224 127 85 0
3 1457 1523 1525 86 85 224 1
3 1457 1525 1459 86 85 224 1
3 1458 1526 1524 224 127 85 0
3 1458 1460 1526 224 127 85 0
3 1459 1525 1527 86 85 224 1
3 1459 1527 1461 86 85 224 1
3 1460 1528 1526 224 127 85 0
3 1460 1462 1528 224 127 85 0
3 1461 1527 1529 86 85 224 1
3 1461 1529 1463 86 85 224 1
3 1462 1530 1528 224 127 85 0
3 1462 1464 1530 224 127 85 0
3 1463 1529 1531 86 85 224 1
3 1463 1531 1465 86 85 224 1
3 1464 1532 1530 224 127 85 0
3 1464 1466 1532 224 127 85 0
3 1465 1531 1533 86 85 224 1
3 1465 1533 1467 86 85 224 1
3 1466 1534 1532 224 127 85 0
3 1466 1468 1534 224 127 85 0
3 1467 1533 1535 86 85 224 1
3 1467 1535 1469 86 85 224 1
3 1468 1536 1534 224 127 85 0
3 1468 1470 1536 224 127 85 0
3 1469 1535 1537 86 85 224 1
3 1469 1537 1471 86 85 224 1
3 1470 1538 1536 224 127 85 0
3 1470 1472 1538 224 127 85 0
3 1471 1537 1539 86 85 224 1
3 1471 1539 1473 86 85 224 1
3 1472 1540 1538 224 127 85 0
3 1472 1474 1540 224 127 85 0
3 1473 1539 1541 86 85 224 1
3 1473 1541 1475 86 85 224 1
3 1474 1542 1540 224 127 85 0
3 1474 1476 1542 224 127 85 0
3 1475 1541 1543 86 85 224 1
3 1475 1543 1477 86 85 224 1
3 1476 1544 1542 224 127 85 0
3 1476 1478 1544 224 127 85 0
3 1477 1543 1545 86 85 224 1
3 1477 1545 1479 86 85 224 1
3 1478 1546 1544 224 127 85 0
3 1478 1480 1546 224 127 85 0
3 1479 1545 1547 86 85 224 1
3 1479 1547 1481 86 85 224 1
3 1480 1548 1546 224 127 85 0
3 1480 1482 1548 224 127 85 0
3 1481 1547 1549 86 85 224 1
3 1481 1549 1483 86 85 224 1
3 1482 1550 1548 224 127 85 0
3 1482 1484 1550 224 127 85 0
3 1483 1549 1551 86 85 224 1
3 1483 1551 1485 86 85 224 1
3 1484 1552 1550 224 127 85 0
3 1484 1486 1552 224 127 85 0
3 1485 1551 1553 86 85 224 1
3 1485 1553 1487 86 85 224 1
3 1486 1554 1552 224 127 85 0
3 1486 1488 1554 224 127 85 0
3 1487 1553 1555 86 85 224 1
3 1487 1555 1489 86 85 224 1
3 1488 1556 1554 224 127 85 0
3 1488 1490 1556 224 127 85 0
3 1489 1555 1557 86 85 224 1
3 1489 1557 1491 86 85 224 1
3 1490 1558 1556 224 127 85 0
3 1490 1492 1558 224 127 85 0
3 1491 1557 1559 86 85 224 1
3 1491 1559 1493 86 85 224 1
3 1492 1560 1558 224 127 85 0
3 1492 1494 1560 224 127 85 0
3 1493 1559 1561 86 85 224 1
3 1493 1561 1495 86 85 224 1
3 1494 1562 1560 224 127 85 0
3 1494 1496 1562 224 127 85 0
3 1495 1561 1563 86 85 224 1
3 1495 1563 1497 86 85 224 1
3 1496 1564 1562 224 127 85 0
3 1496 1498 1564 224 127 85 0
3 1497 1563 1565 86 85 224 1
3 1497 1565 1499 86 85 224 1
3 1498 1566 1564 224 127 85 0
3 1498 1500 1566 224 127 85 0
3 1499 1565 1567 86 85 224 1
3 1499 1567 1501 86 85 224 1
3 1500 1568 1566 224 127 85 0
3 1500 1502 1568 224 127 85 0
3 1501 1567 1569 86 85 224 1
3 1501 1569 1503 86 85 224 1
3 1502 1570 1568 224 127 85 0
3 1502 1504 1570 224 127 85 0
3 1503 1569 1571 86 85 224 1
3 1503 1571 1505 86 85 224 1
3 1504 1572 1570 224 127 85 0
3 1504 1506 1572 224 127 85 0
3 1505 1571 1573 86 85 224 1
3 1505 1573 1507 86 85 224 1
3 1506 1574 1572 224 127 85 0
3 1506 1508 1574 224 127 85 0
3 1507 1573 1575 86 85 224 1
3 1507 1575 1509 86 85 224 1
3 1508 1576 1574 224 127 85 0
3 1508 1510 1576 224 127 85 0
3 1509 1575 1577 86 85 224 1
3 1509 1577 1511 86 85 224 1
3 1510 1578 1576 224 127 85 0
3 1510 1512 1578 224 127 85 0
3 1511 1577 1579 86 85 224 1
3 1511 1579 1513 86 85 224 1
3 1512 1580 1578 224 127 85 0
3 1512 1514 1580 224 127 85 0
3 1513 1579 1581 86 85 224 1
3 1513 1581 1515 86 85 224 1
3 1514 1582 1580 224 127 85 0
3 1514 1516 1582 224 127 85 0
3 1515 1581 1583 86 85 224 1
3 1515 1583 1517 86 85 224 1
3 1519 1584 1585 224 127 85 0
3 1519 1518 1584 224 127 85 0
3 1520 1586 1587 86 85 224 1
3 1520 1587 1521 86 85 224 1
3 1518 1588 1584 224 127 85 0
3 1518 1522 1588 224 127 85 0
3 1521 1587 1589 86 85 224 1
3 1521 1589 1523 86 85 224 1
3 1522 1590 1588 224 127 85 0
3 1522 1524 1590 224 127 85 0
3 1523 1589 1591 86 85 224 1
3 1523 1591 1525 86 85 224 1
3 1524 1592 1590 224 127 85 0
3 1524 1526 1592 224 127 85 0
3 1525 1591 1593 86 85 224 1
3 1525 1593 1527 86 85 224 1
3 1526 1594 1592 224 127 85 0
3 1526 1528 1594 224 127 85 0
3 1527 1593 1595 86 85 224 1
3 1527 1595 1529 86 85 224 1
3 1528 1596 1594 224 127 85 0
3 1528 1530 1596 224 127 85 0
3 1529 1595 1597 86 85 224 1
3 1529 1597 1531 86 85 224 1
3 1530 1598 1596 224 127 85 0
3 1530 1532 1598 224 127 85 0
3 1531 1597 1599 86 85 224 1
3 1531 1599 1533 86 85 224 1
3 1532 1600 1598 224 127 85 0
3 1532 1534 1600 224 127 85 0
3 1533 1599 1601 86 85 224 1
3 1533 1601 1535 86 85 224 1
3 1534 1602 1600 224 127 85 0
3 1534 1536 1602 224 127 85 0
3 1535 1601 1603 86 85 224 1
3 1535 1603 1537 86 85 224 1
3 1536 1604 1602 224 127 85 0
3 1536 1538 1604 224 127 85 0
3 1537 1603 1605 86 85 224 1
3 1537 1605 1539 86 85 224 1
3 1538 1606 1604 224 127 85 0
3 1538 1540 1606 224 127 85 0
3 1539 1605 1607 86 85 224 1
3 1539 1607 1541 86 85 224 1
3 1540 1608 1606 224 127 85 0
3 1540 1542 1608 224 127 85 0
3 1541 1607 1609 86 85 224 1
3 1541 1609 1543 86 85 224 1
3 1542 1610 1608 224 127 85 0
3 1542 1544 1610 224 127 85 0
3 1543 1609 1611 86 85 224 1
3 1543 1611 1545 86 85 224 1
3 1544 1612 1610 224 127 85 0
3 1544 1546 1612 224 127 85 0
3 1545 1611 1613 86 85 224 1
3 1545 1613 1547 86 85 224 1
3 1546 1614 1612 224 127 85 0
3 1546 1548 1614 224 127 85 0
3 1547 1613 1615 86 85 224 1
3 1547 1615 1549 86 85 224 1
3 1548 1616 1614 224 127 85 0
3 1548 1550 1616 224 127 85 0
3 1549 1615 1617 86 85 224 1
3 1549 1617 1551 86 85 224 1
3 1550 1618 1616 224 127 85 0
3 1550 1552 1618 224 127 85 0
3 1551 1617 1619 86 85 224 1
3 1551 1619 1553 86 85 224 1
3 1552 1620 1618 224 127 85 0
3 1552 1554 1620 224 127 85 0
3 1553 1619 1621 86 85 224 1
3 1553 1621 1555 86 85 224 1
3 1554 1622 1620 224 127 85 0
3 1554 1556 1622 224 127 85 0
3 1555 1621 1623 86 85 224 1
3 1555 1623 1557 86 85 224 1
3 1556 1624 1622 224 127 85 0
3 1556 1558 1624 224 127 85 0
3 1557 1623 1625 86 85 224 1
3 1557 1625 1559 86 85 224 1
3 1558 1626 1624 224 127 85 0
3 1558 1560 1626 224 127 85 0
3 1559 1625 1627 86 85 224 1
3 1559 1627 1561 86 85 224 1
3 1560 1628 1626 224 127 85 0
3 1560 1562 1628 224 127 85 0
3 1561 1627 1629 86 85 224 1
3 1561 1629 1563 86 85 224 1
3 1562 1630 1628 224 127 85 0
3 1562 1564 1630 224 127 85 0
3 1563 1629 1631 86 85 224 1
3 1563 1631 1565 86 85 224 1
3 1564 1632 1630 224 127 85 0
3 1564 1566 1632 224 127 85 0
3 1565 1631 1633 86 85 224 1
3 1565 1633 1567 86 85 224 1
3 1566 1634 1632 224 127 85 0
3 1566 1568 1634 224 127 85 0
3 1567 1633 1635 86 85 224 1
3 1567 1635 1569 86 85 224 1
3 1568 1636 1634 224 127 85 0
3 1568 1570 1636 224 127 85 0
3 1569 1635 1637 86 85 224 1
3 1569 1637 1571 86 85 224 1
3 1570 1638 1636 224 127 85 0
3 1570 1572 1638 224 127 85 0
3 1571 1637 1639 86 85 224 1
3 1571 1639 1573 86 85 224 1
3 1572 1640 1638 224 127 85 0
3 1572 1574 1640 224 127 85 0
3 1573 1639 1641 86 85 224 1
3 1573 1641 1575 86 85 224 1
3 1574 1642 1640 224 127 85 0
3 1574 1576 1642 224 127 85 0
3 1575 1641 1643 86 85 224 1
3 1575 1643 1577 86 85 224 1
3 1576 1644 1642 224 127 85 0
3 1576 1578 1644 224 127 85 0
3 1577 1643 1645 86 85 224 1
3 1577 1645 1579 86 85 224 1
3 1578 1646 1644 224 127 85 0
3 1578 1580 1646 224 127 85 0
3 1579 1645 1647 86 85 224 1
3 1579 1647 1581 86 85 224 1
3 1580 1648 1646 224 127 85 0
3 1580 1582 1648 224 127 85 0
3 1581 1647 1649 86 85 224 1
3 1581 1649 1583 86 85 224 1
3 1585 1650 1651 224 127 85 0
3 1585 1584 1650 224 127 85 0
3 1586 1652 1653 86 85 224 1
3 1586 1653 1587 86 85 224 1
3 1584 1654 1650 224 127 85 0
3 1584 1588 1654 224 127 85 0
3 1587 1653 1655 86 85 224 1
3 1587 1655 1589 86 85 224 1
3 1588 1656 1654 224 127 85 0
3 1588 1590 1656 224 127 85 0
3 1589 1655 1657 86 85 224 1
3 1589 1657 1591 86 85 224 1
3 1590 1658 1656 224 127 85 0
3 1590 1592 1658 224 127 85 0
3 1591 1657 1659 86 85 224 1
3 1591 1659 1593 86 85 224 1
3 1592 1660 1658 224 127 85 0
3 1592 1594 1660 224 127 85 0
3 1593 1659 1661 86 85 224 1
3 1593 1661 1595 86 85 224 1
3 1594 1662 1660 224 127 85 0
3 1594 1596 1662 224 127 85 0
3 1595 1661 1663 86 85 224 1
3 1595 1663 1597 86 85 224 1
3 1596 1664 1662 224 127 85 0
3 1596 1598 1664 224 127 85 0
3 1597 1663 1665 86 85 224 1
3 1597 1665 1599 86 85 224 1
3 1598 1666 1664 224 127 85 0
3 1598 1600 1666 224 127 85 0
3 1599 1665 1667 86 85 224 1
3 1599 1667 1601 86 85 224 1
3 1600 1668 1666 224 127 85 0
3 1600 1602 1668 224 127 85 0
3 1601 1667 1669 86 85 224 1
3 1601 1669 1603 86 85 224 1
3 1602 1670 1668 224 127 85 0
3 1602 1604 1670 224 127 85 0
3 1603 1669 1671 86 85 224 1
3 1603 1671 1605 86 85 224 1
3 1604 1672 1670 224 127 85 0
3 1604 1606 1672 224 127 85 0
3 1605 1671 1673 86 85 224 1
3 1605 1673 1607 86 85 224 1
3 1606 1674 1672 224 127 85 0
3 1606 1608 1674 224 127 85 0
3 1607 1673 1675 86 85 224 1
3 1607 1675 1609 86 85 224 1
3 1608 1676 1674 224 127 85 0
3 1608 1610 1676 224 127 85 0
3 1609 1675 1677 86 85 224 1
3 1609 1677 1611 86 85 224 1
3 1610 1678 1676 224 127 85 0
3 1610 1612 1678 224 127 85 0
3 1611 1677 1679 86 85 224 1
3 1611 1679 1613 86 85 224 1
3 1612 1680 1678 224 127 85 0
3 1612 1614 1680 224 127 85 0
3 1613 1679 1681 86 85 224 1
3 1613 1681 1615 86 85 224 1
3 1614 1682 1680 224 127 85 0
3 1614 1616 1682 224 127 85 0
3 1615 1681 1683 86 85 224 1
3 1615 1683 1617 86 85 224 1
3 1616 1684 1682 224 127 85 0
3 1616 1618 1684 224 127 85 0
3 1617 1683 1685 86 85 224 1
3 1617 1685 1619 86 85 224 1
3 1618 1686 1684 224 127 85 0
3 1618 1620 1686 224 127 85 0
3 1619 1685 1687 86 85 224 1
3 1619 1687 1621 86 85 224 1
3 1620 1688 1686 224 127 85 0
3 1620 1622 1688 224 127 85 0
3 1621 1687 1689 86 85 224 1
3 1621 1689 1623 86 85 224 1
3 1622 1690 1688 224 127 85 0
3 1622 1624 1690 224 127 85 0
3 1623 1689 1691 86 85 224 1
3 1623 1691 1625 86 85 224 1
3 1624 1692 1690 224 127 85 0
3 1624 1626 1692 224 127 85 0
3 1625 1691 1693 86 85 224 1
3 1625 1693 1627 86 85 224 1
3 1626 1694 1692 224 127 85 0
3 1626 1628 1694 224 127 85 0
3 1627 1693 1695 86 85 224 1
3 1627 1695 1629 86 85 224 1
3 1628 1696 1694 224 127 85 0
3 1628 1630 1696 224 127 85 0
3 1629 1695 1697 86 85 224 1
3 1629 1697 1631 86 85 224 1
3 1630 1698 1696 224 127 85 0
3 1630 1632 1698 224 127 85 0
3 1631 1697 1699 86 85 224 1
3 1631 1699 1633 86 85 224 1
3 1632 1700 1698 224 127 85 0
3 1632 1634 1700 224 127 85 0
3 1633 1699 1701 86 85 224 1
3 1633 1701 1635 86 85 224 1
3 1634 1702 1700 224 127 85 0
3 1634 1636 1702 224 127 85 0
3 1635 1701 1703 86 85 224 1
3 1635 1703 1637 86 85 224 1
3 1636 1704 1702 224 127 85 0
3 1636 1638 1704 224 127 85 0
3 1637 1703 1705 86 85 224 1
3 1637 1705 1639 86 85 224 1
3 1638 1706 1704 224 127 85 0
3 1638 1640 1706 224 127 85 0
3 1639 1705 1707 86 85 224 1
3 1639 1707 1641 86 85 224 1
3 1640 1708 1706 224 127 85 0
3 1640 1642 1708 224 127 85 0
3 1641 1707 1709 86 85 224 1
3 1641 1709 1643 86 85 224 1
3 1642 1710 1708 224 127 85 0
3 1642 1644 1710 224 127 85 0
3 1643 1709 1711 86 85 224 1
3 1643 1711 1645 86 85 224 1
3 1644 1712 1710 224 127 85 0
3 1644 1646 1712 224 127 85 0
3 1645 1711 1713 86 85 224 1
3 1645 1713 1647 86 85 224 1
3 1646 1714 1712 224 127 85 0
3 1646 1648 1714 224 127 85 0
3 1647 1713 1715 86 85 224 1
3 1647 1715 1649 86 85 224 1
3 1651 1716 1717 224 127 85 0
3 1651 1650 1716 224 127 85 0
3 1652 1718 1719 86 85 224 1
3 1652 1719 1653 86 85 224 1
3 1650 1720 1716 224 127 85 0
3 1650 1654 1720 224 127 85 0
3 1653 1719 1721 86 85 224 1
3 1653 1721 1655 86 85 224 1
3 1654 1722 1720 224 127 85 0
3 1654 1656 1722 224 127 85 0
3 1655 1721 1723 86 85 224 1
3 1655 1723 1657 86 85 224 1
3 1656 1724 1722 224 127 85 0
3 1656 1658 1724 224 127 85 0
3 1657 1723 1725 86 85 224 1
3 1657 1725 1659 86 85 224 1
3 1658 1726 1724 224 127 85 0
3 1658 1660 1726 224 127 85 0
3 1659 1725 1727 86 85 224 1
3 1659 1727 1661 86 85 224 1
3 1660 1728 1726 224 127 85 0
3 1660 1662 1728 224 127 85 0
3 1661 1727 1729 86 85 224 1
3 1661 1729 1663 86 85 224 1
3 1662 1730 1728 224 127 85 0
3 1662 1664 1730 224 127 85 0
3 1663 1729 1731 86 85 224 1
3 1663 1731 1665 86 85 224 1
3 1664 1732 1730 224 127 85 0
3 1664 1666 1732 224 127 85 0
3 1665 1731 1733 86 85 224 1
3 1665 1733 1667 86 85 224 1
3 1666 1734 1732 224 127 85 0
3 1666 1668 1734 224 127 85 0
3 1667 1733 1735 86 85 224 1
3 1667 1735 1669 86 85 224 1
3 1668 1736 1734 224 127 85 0
3 1668 1670 1736 224 127 85 0
3 1669 1735 1737 86 85 224 1
3 1669 1737 1671 86 85 224 1
3 1670 1738 1736 224 127 85 0
3 1670 1672 1738 224 127 85 0
3 1671 1737 1739 86 85 224 1
3 1671 1739 1673 86 85 224 1
3 1672 1740 1738 224 127 85 0
3 1672 1674 1740 224 127 85 0
3 1673 1739 1741 86 85 224 1
3 1673 1741 1675 86 85 224 1
3 1674 1742 1740 224 127 85 0
3 1674 1676 1742 224 127 85 0
3 1675 1741 1743 86 85 224 1
3 1675 1743 1677 86 85 224 1
3 1676 1744 1742 224 127 85 0
3 1676 1678 1744 224 127 85 0
3 1677 1743 1745 86 85 224 1
3 1677 1745 1679 86 85 224 1
3 1678 1746 1744 224 127 85 0
3 1678 1680 1746 224 127 85 0
3 1679 1745 1747 86 85 224 1
3 1679 1747 1681 86 85 224 1
3 1680 1748 1746 224 127 85 0
3 1680 1682 1748 224 127 85 0
3 1681 1747 1749 86 85 224 1
3 1681 1749 1683 86 85 224 1
3 1682 1750 1748 224 127 85 0
3 1682 1684 1750 224 127 85 0
3 1683 1749 1751 86 85 224 1
3 1683 1751 1685 86 85 224 1
3 1684 1752 1750 224 127 85 0
3 1684 1686 1752 224 127 85 0
3 1685 1751 1753 86 85 224 1
3 1685 1753 1687 86 85 224 1
3 1686 1754 1752 224 127 85 0
3 1686 1688 1754 224 127 85 0
3 1687 1753 1755 86 85 224 1
3 1687 1755 1689 86 85 224 1
3 1688 1756 1754 224 127 85 0
3 1688 1690 1756 224 127 85 0
3 1689 1755 1757 86 85 224 1
3 1689 1757 1691 86 85 224 1
3 1690 1758 1756 224 127 85 0
3 1690 1692 1758 224 127 85 0
3 1691 1757 1759 86 85 224 1
3 1691 1759 1693 86 85 224 1
3 1692 1760 1758 224 127 85 0
3 1692 1694 1760 224 127 85 0
3 1693 1759 1761 86 85 224 1
3 1693 1761 1695 86 85 224 1
3 1694 1762 1760 224 127 85 0
3 1694 1696 1762 224 127 85 0
3 1695 1761 1763 86 85 224 1
3 1695 1763 1697 86 85 224 1
3 1696 1764 1762 224 127 85 0
3 1696 1698 1764 224 127 85 0
3 1697 1763 1765 86 85 224 1
3 1697 1765 1699 86 85 224 1
3 1698 1766 1764 224 127 85 0
3 1698 1700 1766 224 127 85 0
3 1699 1765 1767 86 85 224 1
3 1699 1767 1701 86 85 224 1
3 1700 1768 1766 224 127 85 0
3 1700 1702 1768 224 127 85 0
3 1701 1767 1769 86 85 224 1
3 1701 1769 1703 86 85 224 1
3 1702 1770 1768 224 127 85 0
3 1702 1704 1770 224 127 85 0
3 1703 1769 1771 86 85 224 1
3 1703 1771 1705 86 85 224 1
3 1704 1772 1770 224 127 85 0
3 1704 1706 1772 224 127 85 0
3 1705 1771 1773 86 85 224 1
3 1705 1773 1707 86 85 224 1
3 1706 1774 1772 224 127 85 0
3 1706 1708 1774 224 127 85 0
3 1707 1773 1775 86 85 224 1
3 1707 1775 1709 86 85 224 1
3 1708 1776 1774 224 127 85 0
3 1708 1710 1776 224 127 85 0
3 1709 1775 1777 86 85 224 1
3 1709 1777 1711 86 85 224 1
3 1710 1778 1776 224 127 85 0
3 1710 1712 1778 224 127 85 0
3 1711 1777 1779 86 85 224 1
3 1711 1779 1713 86 85 224 1
3 1712 1780 1778 224 127 85 0
3 1712 1714 1780 224 127 85 0
3 1713 1779 1781 86 85 224 1
3 1713 1781 1715 86 85 224 1
3 1717 1782 1783 224 127 85 0
3 1717 1716 1782 224 127 85 0
3 1718 1784 1785 86 85 224 1
3 1718 1785 1719 86 85 224 1
3 1716 1786 1782 224 127 85 0
3 1716 1720 1786 224 127 85 0
3 1719 1785 1787 86 85 224 1
3 1719 1787 1721 86 85 224 1
3 1720 1788 1786 224 127 85 0
3 1720 1722 1788 224 127 85 0
3 1721 1787 1789 86 85 224 1
3 1721 1789 1723 86 85 224 1
3 1722 1790 1788 224 127 85 0
3 1722 1724 1790 224 127 85 0
3 1723 1789 1791 86 85 224 1
3 1723 1791 1725 86 85 224 1
3 1724 1792 1790 224 127 85 0
3 1724 1726 1792 224 127 85 0
3 1725 1791 1793 86 85 224 1
3 1725 1793 1727 86 85 224 1
3 1726 1794 1792 224 127 85 0
3 1726 1728 1794 224 127 85 0
3 1727 1793 1795 86 85 224 1
3 1727 1795 1729 86 85 224 1
3 1728 1796 1794 224 127 85 0
3 1728 1730 1796 224 127 85 0
3 1729 1795 1797 86 85 224 1
3 1729 1797 1731 86 85 224 1
3 1730 1798 1796 224 127 85 0
3 1730 1732 1798 224 127 85 0
3 1731 1797 1799 86 85 224 1
3 1731 1799 1733 86 85 224 1
3 1732 1800 1798 224 127 85 0
3 1732 1734 1800 224 127 85 0
3 1733 1799 1801 86 85 224 1
3 1733 1801 1735 86 85 224 1
3 1734 1802 1800 224 127 85 0
3 1734 1736 1802 224 127 85 0
3 1735 1801 1803 86 85 224 1
3 1735 1803 1737 86 85 224 1
3 1736 1804 1802 224 127 85 0
3 1736 1738 1804 224 127 85 0
3 1737 1803 1805 86 85 224 1
3 1737 1805 1739 86 85 224 1
3 1738 1806 1804 224 127 85 0
3 1738 1740 1806 224 127 85 0
3 1739 1805 1807 86 85 224 1
3 1739 1807 1741 86 85 224 1
3 1740 1808 1806 224 127 85 0
3 1740 1742 1808 224 127 85 0
3 1741 1807 1809 86 85 224 1
3 1741 1809 1743 86 85 224 1
3 1742 1810 1808 224 127 85 0
3 1742 1744 1810 224 127 85 0
3 1743 1809 1811 86 85 224 1
3 1743 1811 1745 86 85 224 1
3 1744 1812 1810 224 127 85 0
3 1744 1746 1812 224 127 85 0
3 1745 1811 1813 86 85 224 1
3 1745 1813 1747 86 85 224 1
3 1746 1814 1812 224 127 85 0
3 1746 1748 1814 224 127 85 0
3 1747 1813 1815 86 85 224 1
3 1747 1815 1749 86 85 224 1
3 1748 1816 1814 224 127 85 0
3 1748 1750 1816 224 127 85 0
3 1749 1815 1817 86 85 224 1
3 1749 1817 1751 86 85 224 1
3 1750 1818 1816 224 127 85 0
3 1750 1752 1818 224 127 85 0
3 1751 1817 1819 86 85 224 1
3 1751 1819 1753 86 85 224 1
3 1752 1820 1818 224 127 85 0
3 1752 1754 1820 224 127 85 0
3 1753 1819 1821 86 85 224 1
3 1753 1821 1755 86 85 224 1
3 1754 1822 1820 224 127 85 0
3 1754 1756 1822 224 127 85 0
3 1755 1821 1823 86 85 224 1
3 1755 1823 1757 86 85 224 1
3 1756 1824 1822 224 127 85 0
3 1756 1758 1824 224 127 85 0
3 1757 1823 1825 86 85 224 1
3 1757 1825 1759 86 85 224 1
3 1758 1826 1824 224 127 85 0
3 1758 1760 1826 224 127 85 0
3 1759 1825 1827 86 85 224 1
3 1759 1827 1761 86 85 224 1
3 1760 1828 1826 224 127 85 0
3 1760 1762 1828 224 127 85 0
3 1761 1827 1829 86 85 224 1
3 1761 1829 1763 86 85 224 1
3 1762 1830 1828 224 127 85 0
3 1762 1764 1830 224 127 85 0
3 1763 1829 1831 86 85 224 1
3 1763 1831 1765 86 85 224 1
3 1764 1832 1830 224 127 85 0
3 1764 1766 1832 224 127 85 0
3 1765 1831 1833 86 85 224 1
3 1765 1833 1767 86 85 224 1
3 1766 1834 1832 224 127 85 0
3 1766 1768 1834 224 127 85 0
3 1767 1833 1835 86 85 224 1
3 1767 1835 1769 86 85 224 1
3 1768 1836 1834 224 127 85 0
3 1768 1770 1836 224 127 85 0
3 1769 1835 1837 86 85 224 1
3 1769 1837 1771 86 85 224 1
3 1770 1838 1836 224 127 85 0
3 1770 1772 1838 224 127 85 0
3 1771 1837 1839 86 85 224 1
3 1771 1839 1773 86 85 224 1
3 1772 1840 1838 224 127 85 0
3 1772 1774 1840 224 127 85 0
3 1773 1839 1841 86 85 224 1
3 1773 1841 1775 86 85 224 1
3 1774 1842 1840 224 127 85 0
3 1774 1776 1842 224 127 85 0
3 1775 1841 1843 86 85 224 1
3 1775 1843 1777 86 85 224 1
3 1776 1844 1842 224 127 85 0
3 1776 1778 1844 224 127 85 0
3 1777 1843 1845 86 85 224 1
3 1777 1845 1779 86 85 224 1
3 1778 1846 1844 224 127 85 0
3 1778 1780 1846 224 127 85 0
3 1779 1845 1847 86 85 224 1
3 1779 1847 1781 86 85 224 1
3 1783 1848 1849 224 127 85 0
3 1783 1782 1848 224 127 85 0
3 1784 1850 1851 86 85 224 1
3 1784 1851 1785 86 85 224 1
3 1782 1852 1848 224 127 85 0
3 1782 1786 1852 224 127 85 0
3 1785 1851 1853 86 85 224 1
3 1785 1853 1787 86 85 224 1
3 1786 1854 1852 224 127 85 0
3 1786 1788 1854 224 127 85 0
3 1787 1853 1855 86 85 224 1
3 1787 1855 1789 86 85 224 1
3 1788 1856 1854 224 127 85 0
3 1788 1790 1856 224 127 85 0
3 1789 1855 1857 86 85 224 1
3 1789 1857 1791 86 85 224 1
3 1790 1858 1856 224 127 85 0
3 1790 1792 1858 224 127 85 0
3 1791 1857 1859 86 85 224 1
3 1791 1859 1793 86 85 224 1
3 1792 1860 1858 224 127 85 0
3 1792 1794 1860 224 127 85 0
3 1793 1859 1861 86 85 224 1
3 1793 1861 1795 86 85 224 1
3 1794 1862 1860 224 127 85 0
3 1794 1796 1862 224 127 85 0
3 1795 1861 1863 86 85 224 1
3 1795 1863 1797 86 85 224 1
3 1796 1864 1862 224 127 85 0
3 1796 1798 1864 224 127 85 0
3 1797 1863 1865 86 85 224 1
3 1797 1865 1799 86 85 224 1
3 1798 1866 1864 224 127 85 0
3 1798 1800 1866 224 127 85 0
3 1799 1865 1867 86 85 224 1
3 1799 1867 1801 86 85 224 1
3 1800 1868 1866 224 127 85 0
3 1800 1802 1868 224 127 85 0
3 1801 1867 1869 86 85 224 1
3 1801 1869 1803 86 85 224 1
3 1802 1870 1868 224 127 85 0
3 1802 1804 1870 224 127 85 0
3 1803 1869 1871 86 85 224 1
3 1803 1871 1805 86 85 224 1
3 1804 1872 1870 224 127 85 0
3 1804 1806 1872 224 127 85 0
3 1805 1871 1873 86 85 224 1
3 1805 1873 1807 86 85 224 1
3 1806 1874 1872 224 127 85 0
3 1806 1808 1874 224 127 85 0
3 1807 1873 1875 86 85 224 1
3 1807 1875 1809 86 85 224 1
3 1808 1876 1874 224 127 85 0
3 1808 1810 1876 224 127 85 0
3 1809 1875 1877 86 85 224 1
3 1809 1877 1811 86 85 224 1
3 1810 1878 1876 224 127 85 0
3 1810 1812 1878 224 127 85 0
3 1811 1877 1879 86 85 224 1
3 1811 1879 1813 86 85 224 1
3 1812 1880 1878 224 127 85 0
3 1812 1814 1880 224 127 85 0
3 1813 1879 1881 86 85 224 1
3 1813 1881 1815 86 85 224 1
3 1814 1882 1880 224 127 85 0
3 1814 1816 1882 224 127 85 0
3 1815 1881 1883 86 85 224 1
3 1815 1883 1817 86 85 224 1
3 1816 1884 1882 224 127 85 0
3 1816 1818 1884 224 127 85 0
3 1817 1883 1885 86 85 224 1
3 1817 1885 1819 86 85 224 1
3 1818 1886 1884 224 127 85 0
3 1818 1820 1886 224 127 85 0
3 1819 1885 1887 86 85 224 1
3 1819 1887 1821 86 85 224 1
3 1820 1888 1886 224 127 85 0
3 1820 1822 1888 224 127 85 0
3 1821 1887 1889 86 85 224 1
3 1821 1889 1823 86 85 224 1
3 1822 1890 1888 224 127 85 0
3 1822 1824 1890 224 127 85 0
3 1823 1889 1891 86 85 224 1
3 1823 1891 1825 86 85 224 1
3 1824 1892 1890 224 127 85 0
3 1824 1826 1892 224 127 85 0
3 1825 1891 1893 86 85 224 1
3 1825 1893 1827 86 85 224 1
3 1826 1894 1892 224 127 85 0
3 1826 1828 1894 224 127 85 0
3 1827 1893 1895 86 85 224 1
3 1827 1895 1829 86 85 224 1
3 1828 1896 1894 224 127 85 0
3 1828 1830 1896 224 127 85 0
3 1829 1895 1897 86 85 224 1
3 1829 1897 1831 86 85 224 1
3 1830 1898 1896 224 127 85 0
3 1830 1832 1898 224 127 85 0
3 1831 1897 1899 86 85 224 1
3 1831 1899 1833 86 85 224 1
3 1832 1900 1898 224 127 85 0
3 1832 1834 1900 224 127 85 0
3 1833 1899 1901 86 85 224 1
3 1833 1901 1835 86 85 224 1
3 1834 1902 1900 224 127 85 0
3 1834 1836 1902 224 127 85 0
3 1835 1901 1903 86 85 224 1
3 1835 1903 1837 86 85 224 1
3 1836 1904 1902 224 127 85 0
3 1836 1838 1904 224 127 85 0
3 1837 1903 1905 86 85 224 1
3 1837 1905 1839 86 85 224 1
3 1838 1906 1904 224 127 85 0
3 1838 1840 1906 224 127 85 0
3 1839 1905 1907 86 85 224 1
3 1839 1907 1841 86 85 224 1
3 1840 1908 1906 224 127 85 0
3 1840 1842 1908 224 127 85 0
3 1841 1907 1909 86 85 224 1
3 1841 1909 1843 86 85 224 1
3 1842 1910 1908 224 127 85 0
3 1842 1844 1910 224 127 85 0
3 1843 1909 1911 86 85 224 1
3 1843 1911 1845 86 85 224 1
3 1844 1912 1910 224 127 85 0
3 1844 1846 1912 224 127 85 0
3 1845 1911 1913 86 85 224 1
3 1845 1913 1847 86 85 224 1
3 1849 1914 1915 224 127 85 0
3 1849 1848 1914 224 127 85 0
3 1850 1916 1917 86 85 224 1
3 1850 1917 1851 86 85 224 1
3 1848 1918 1914 224 127 85 0
3 1848 1852 1918 224 127 85 0
3 1851 1917 1919 86 85 224 1
3 1851 1919 1853 86 85 224 1
3 1852 1920 1918 224 127 85 0
3 1852 1854 1920 224 127 85 0
3 1853 1919 1921 86 85 224 1
3 1853 1921 1855 86 85 224 1
3 1854 1922 1920 224 127 85 0
3 1854 1856 1922 224 127 85 0
3 1855 1921 1923 86 85 224 1
3 1855 1923 1857 86 85 224 1
3 1856 1924 1922 224 127 85 0
3 1856 1858 1924 224 127 85 0
3 1857 1923 1925 86 85 224 1
3 1857 1925 1859 86 85 224 1
3 1858 1926 1924 224 127 85 0
3 1858 1860 1926 224 127 85 0
3 1859 1925 1927 86 85 224 1
3 1859 1927 1861 86 85 224 1
3 1860 1928 1926 224 127 85 0
3 1860 1862 1928 224 127 85 0
3 1861 1927 1929 86 85 224 1
3 1861 1929 1863 86 85 224 1
3 1862 1930 1928 224 127 85 0
3 1862 1864 1930 224 127 85 0
3 1863 1929 1931 86 85 224 1
3 1863 1931 1865 86 85 224 1
3 1864 1932 1930 224 127 85 0
3 1864 1866 1932 224 127 85 0
3 1865 1931 1933 86 85 224 1
3 1865 1933 1867 86 85 224 1
3 1866 1934 1932 224 127 85 0
3 1866 1868 1934 224 127 85 0
3 1867 1933 1935 86 85 224 1
3 1867 1935 1869 86 85 224 1
3 1868 1936 1934 224 127 85 0
3 1868 1870 1936 224 127 85 0
3 1869 1935 1937 86 85 224 1
3 1869 1937 1871 86 85 224 1
3 1870 1938 1936 224 127 85 0
3 1870 1872 1938 224 127 85 0
3 1871 1937 1939 86 85 224 1
3 1871 1939 1873 86 85 224 1
3 1872 1940 1938 224 127 85 0
3 1872 1874 1940 224 127 85 0
3 1873 1939 1941 86 85 224 1
3 1873 1941 1875 86 85 224 1
3 1874 1942 1940 224 127 85 0
3 1874 1876 1942 224 127 85 0
3 1875 1941 1943 86 85 224 1
3 1875 1943 1877 86 85 224 1
3 1876 1944 1942 224 127 85 0
3 1876 1878 1944 224 127 85 0
3 1877 1943 1945 86 85 224 1
3 1877 1945 1879 86 85 224 1
3 1878 1946 1944 224 127 85 0
3 1878 1880 1946 224 127 85 0
3 1879 1945 1947 86 85 224 1
3 1879 1947 1881 86 85 224 1
3 1880 1948 1946 224 127 85 0
3 1880 1882 1948 224 127 85 0
3 1881 1947 1949 86 85 224 1
3 1881 1949 1883 86 85 224 1
3 1882 1950 1948 224 127 85 0
3 1882 1884 1950 224 127 85 0
3 1883 1949 1951 86 85 224 1
3 1883 1951 1885 86 85 224 1
3 1884 1952 1950 224 127 85 0
3 1884 1886 1952 224 127 85 0
3 1885 1951 1953 86 85 224 1
3 1885 1953 1887 86 85 224 1
3 1886 1954 1952 224 127 85 0
3 1886 1888 1954 224 127 85 0
3 1887 1953 1955 86 85 224 1
3 1887 1955 1889 86 85 224 1
3 1888 1956 1954 224 127 85 0
3 1888 1890 1956 224 127 85 0
3 1889 1955 1957 86 85 224 1
3 1889 1957 1891 86 85 224 1
3 1890 1958 1956 224 127 85 0
3 1890 1892 1958 224 127 85 0
3 1891 1957 1959 86 85 224 1
3 1891 1959 1893 86 85 224 1
3 1892 1960 1958 224 127 85 0
3 1892 1894 1960 224 127 85 0
3 1893 1959 1961 86 85 224 1
3 1893 1961 1895 86 85 224 1
3 1894 1962 1960 224 127 85 0
3 1894 1896 1962 224 127 85 0
3 1895 1961 1963 86 85 224 1
3 1895 1963 1897 86 85 224 1
3 1896 1964 1962 224 127 85 0
3 1896 1898 1964 224 127 85 0
3 1897 1963 1965 86 85 224 1
3 1897 1965 1899 86 85 224 1
3 1898 1966 1964 224 127 85 0
3 1898 1900 1966 224 127 85 0
3 1899 1965 1967 86 85 224 1
3 1899 1967 1901 86 85 224 1
3 1900 1968 1966 224 127 85 0
3 1900 1902 1968 224 127 85 0
3 1901 1967 1969 86 85 224 1
3 1901 1969 1903 86 85 224 1
3 1902 1970 1968 224 127 85 0
3 1902 1904 1970 224 127 85 0
3 1903 1969 1971 86 85 224 1
3 1903 1971 1905 86 85 224 1
3 1904 1972 1970 224 127 85 0
3 1904 1906 1972 224 127 85 0
3 1905 1971 1973 86 85 224 1
3 1905 1973 1907 86 85 224 1
3 1906 1974 1972 224 127 85 0
3 1906 1908 1974 224 127 85 0
3 1907 1973 1975 86 85 224 1
3 1907 1975 1909 86 85 224 1
3 1908 1976 1974 224 127 85 0
3 1908 1910 1976 224 127 85 0
3 1909 1975 1977 86 85 224 1
3 1909 1977 1911 86 85 224 1
3 1910 1978 1976 224 127 85 0
3 1910 1912 1978 224 127 85 0
3 1911 1977 1979 86 85 224 1
3 1911 1979 1913 86 85 224 1
3 1915 1980 1981 224 127 85 0
3 1915 1914 1980 224 127 85 0
3 1916 1982 1983 86 85 224 1
3 1916 1983 1917 86 85 224 1
3 1914 1984 1980 224 127 85 0
3 1914 1918 1984 224 127 85 0
3 1917 1983 1985 86 85 224 1
3 1917 1985 1919 86 85 224 1
3 1918 1986 1984 224 127 85 0
3 1918 1920 1986 224 127 85 0
3 1919 1985 1987 86 85 224 1
3 1919 1987 1921 86 85 224 1
3 1920 1988 1986 224 127 85 0
3 1920 1922 1988 224 127 85 0
3 1921 1987 1989 86 85 224 1
3 1921 1989 1923 86 85 224 1
3 1922 1990 1988 224 127 85 0
3 1922 1924 1990 224 127 85 0
3 1923 1989 1991 86 85 224 1
3 1923 1991 1925 86 85 224 1
3 1924 1992 1990 224 127 85 0
3 1924 1926 1992 224 127 85 0
3 1925 1991 1993 86 85 224 1
3 1925 1993 1927 86 85 224 1
3 1926 1994 1992 224 127 85 0
3 1926 1928 1994 224 127 85 0
3 1927 1993 1995 86 85 224 1
3 1927 1995 1929 86 85 224 1
3 1928 1996 1994 224 127 85 0
3 1928 1930 1996 224 127 85 0
3 1929 1995 1997 86 85 224 1
3 1929 1997 1931 86 85 224 1
3 1930 1998 1996 224 127 85 0
3 1930 1932 1998 224 127 85 0
3 1931 1997 1999 86 85 224 1
3 1931 1999 1933 86 85 224 1
3 1932 2000 1998 224 127 85 0
3 1932 1934 2000 224 127 85 0
3 1933 1999 2001 86 85 224 1
3 1933 2001 1935 86 85 224 1
3 1934 2002 2000 224 127 85 0
3 1934 1936 2002 224 127 85 0
3 1935 2001 2003 86 85 224 1
3 1935 2003 1937 86 85 224 1
3 1936 2004 2002 224 127 85 0
3 1936 1938 2004 224 127 85 0
3 1937 2003 2005 86 85 224 1
3 1937 2005 1939 86 85 224 1
3 1938 2006 2004 224 127 85 0
3 1938 1940 2006 224 127 85 0
3 1939 2005 2007 86 85 224 1
3 1939 2007 1941 86 85 224 1
3 1940 2008 2006 224 127 85 0
3 1940 1942 2008 224 127 85 0
3 1941 2007 2009 86 85 224 1
3 1941 2009 1943 86 85 224 1
3 1942 2010 2008 224 127 85 0
3 1942 1944 2010 224 127 85 0
3 1943 2009 2011 86 85 224 1
3 1943 2011 1945 86 85 224 1
3 1944 2012 2010 224 127 85 0
3 1944 1946 2012 224 127 85 0
3 1945 2011 2013 86 85 224 1
3 1945 2013 1947 86 85 224 1
3 1946 2014 2012 224 127 85 0
3 1946 1948 2014 224 127 85 0
3 1947 2013 2015 86 85 224 1
3 1947 2015 1949 86 85 224 1
3 1948 2016 2014 224 127 85 0
3 1948 1950 2016 224 127 85 0
3 1949 2015 2017 86 85 224 1
3 1949 2017 1951 86 85 224 1
3 1950 2018 2016 224 127 85 0
3 1950 1952 2018 224 127 85 0
3 1951 2017 2019 86 85 224 1
3 1951 2019 1953 86 85 224 1
3 1952 2020 2018 224 127 85 0
3 1952 1954 2020 224 127 85 0
3 1953 2019 2021 86 85 224 1
3 1953 2021 1955 86 85 224 1
3 1954 2022 2020 224 127 85 0
3 1954 1956 2022 224 127 85 0
3 1955 2021 2023 86 85 224 1
3 1955 2023 1957 86 85 224 1
3 1956 2024 2022 224 127 85 0
3 1956 1958 2024 224 127 85 0
3 1957 2023 2025 86 85 224 1
3 1957 2025 1959 86 85 224 1
3 1958 2026 2024 224 127 85 0
3 1958 1960 2026 224 127 85 0
3 1959 2025 2027 86 85 224 1
3 1959 2027 1961 86 85 224 1
3 1960 2028 2026 224 127 85 0
3 1960 1962 2028 224 127 85 0
3 1961 2027 2029 86 85 224 1
3 1961 2029 1963 86 85 224 1
3 1962 2030 2028 224 127 85 0
3 1962 1964 2030 224 127 85 0
3 1963 2029 2031 86 85 224 1
3 1963 2031 1965 86 85 224 1
3 1964 2032 2030 224 127 85 0
3 1964 1966 2032 224 127 85 0
3 1965 2031 2033 86 85 224 1
3 1965 2033 1967 86 85 224 1
3 1966 2034 2032 224 127 85 0
3 1966 1968 2034 224 127 85 0
3 1967 2033 2035 86 85 224 1
3 1967 2035 1969 86 85 224 1
3 1968 2036 2034 224 127 85 0
3 1968 1970 2036 224 127 85 0
3 1969 2035 2037 86 85 224 1
3 1969 2037 1971 86 85 224 1
3 1970 2038 2036 224 127 85 0
3 1970 1972 2038 224 127 85 0
3 1971 2037 2039 86 85 224 1
3 1971 2039 1973 86 85 224 1
3 1972 2040 2038 224 127 85 0
3 1972 1974 2040 224 127 85 0
3 1973 2039 2041 86 85 224 1
3 1973 2041 1975 86 85 224 1
3 1974 2042 2040 224 127 85 0
3 1974 1976 2042 224 127 85 0
3 1975 2041 2043 86 85 224 1
3 1975 2043 1977 86 85 224 1
3 1976 2044 2042 224 127 85 0
3 1976 1978 2044 224 127 85 0
3 1977 2043 2045 86 85 224 1
3 1977 2045 1979 86 85 224 1
3 1981 2046 2047 224 127 85 0
3 1981 1980 2046 224 127 85 0
3 1982 2048 2049 86 85 224 1
3 1982 2049 1983 86 85 224 1
3 1980 2050 2046 224 127 85 0
3 1980 1984 2050 224 127 85 0
3 1983 2049 2051 86 85 224 1
3 1983 2051 1985 86 85 224 1
3 1984 2052 2050 224 127 85 0
3 1984 1986 2052 224 127 85 0
3 1985 2051 2053 86 85 224 1
3 1985 2053 1987 86 85 224 1
3 1986 2054 2052 224 127 85 0
3 1986 1988 2054 224 127 85 0
3 1987 2053 2055 86 85 224 1
3 1987 2055 1989 86 85 224 1
3 1988 2056 2054 224 127 85 0
3 1988 1990 2056 224 127 85 0
3 1989 2055 2057 86 85 224 1
3 1989 2057 1991 86 85 224 1
3 1990 2058 2056 224 127 85 0
3 1990 1992 2058 224 127 85 0
3 1991 2057 2059 86 85 224 1
3 1991 2059 1993 86 85 224 1
3 1992 2060 2058 224 127 85 0
3 1992 1994 2060 224 127 85 0
3 1993 2059 2061 86 85 224 1
3 1993 2061 1995 86 85 224 1
3 1994 2062 2060 224 127 85 0
3 1994 1996 2062 224 127 85 0
3 1995 2061 2063 86 85 224 1
3 1995 2063 1997 86 85 224 1
3 1996 2064 2062 224 127 85 0
3 1996 1998 2064 224 127 85 0
3 1997 2063 2065 86 85 224 1
3 1997 2065 1999 86 85 224 1
3 1998 2066 2064 224 127 85 0
3 1998 2000 2066 224 127 85 0
3 1999 2065 2067 86 85 224 1
3 1999 2067 2001 86 85 224 1
3 2000 2068 2066 224 127 85 0
3 2000 2002 2068 224 127 85 0
3 2001 2067 2069 86 85 224 1
3 2001 2069 2003 86 85 224 1
3 2002 2070 2068 224 127 85 0
3 2002 2004 2070 224 127 85 0
3 2003 2069 2071 86 85 224 1
3 2003 2071 2005 86 85 224 1
3 2004 2072 2070 224 127 85 0
3 2004 2006 2072 224 127 85 0
3 2005 2071 2073 86 85 224 1
3 2005 2073 2007 86 85 224 1
3 2006 2074 2072 224 127 85 0
3 2006 2008 2074 224 127 85 0
3 2007 2073 2075 86 85 224 1
3 2007 2075 2009 86 85 224 1
3 2008 2076 2074 224 127 85 0
3 2008 2010 2076 224 127 85 0
3 2009 2075 2077 86 85 224 1
3 2009 2077 2011 86 85 224 1
3 2010 2078 2076 224 127 85 0
3 2010 2012 2078 224 127 85 0
3 2011 2077 2079 86 85 224 1
3 2011 2079 2013 86 85 224 1
3 2012 2080 2078 224 127 85 0
3 2012 2014 2080 224 127 85 0
3 2013 2079 2081 86 85 224 1
3 2013 2081 2015 86 85 224 1
3 2014 2082 2080 224 127 85 0
3 2014 2016 2082 224 127 85 0
3 2015 2081 2083 86 85 224 1
3 2015 2083 2017 86 85 224 1
3 2016 2084 2082 224 127 85 0
3 2016 2018 2084 224 127 85 0
3 2017 2083 2085 86 85 224 1
3 2017 2085 2019 86 85 224 1
3 2018 2086 2084 224 127 85 0
3 2018 2020 2086 224 127 85 0
3 2019 2085 2087 86 85 224 1
3 2019 2087 2021 86 85 224 1
3 2020 2088 2086 224 127 85 0
3 2020 2022 2088 224 127 85 0
3 2021 2087 2089 86 85 224 1
3 2021 2089 2023 86 85 224 1
3 2022 2090 2088 224 127 85 0
3 2022 2024 2090 224 127 85 0
3 2023 2089 2091 86 85 224 1
3 2023 2091 2025 86 85 224 1
3 2024 2092 2090 224 127 85 0
3 2024 2026 2092 224 127 85 0
3 2025 2091 2093 86 85 224 1
3 2025 2093 2027 86 85 224 1
3 2026 2094 2092 224 127 85 0
3 2026 2028 2094 224 127 85 0
3 2027 2093 2095 86 85 224 1
3 2027 2095 2029 86 85 224 1
3 2028 2096 2094 224 127 85 0
3 2028 2030 2096 224 127 85 0
3 2029 2095 2097 86 85 224 1
3 2029 2097 2031 86 85 224 1
3 2030 2098 2096 224 127 85 0
3 2030 2032 2098 224 127 85 0
3 2031 2097 2099 86 85 224 1
3 2031 2099 2033 86 85 224 1
3 2032 2100 2098 224 127 85 0
3 2032 2034 2100 224 127 85 0
3 2033 2099 2101 86 85 224 1
3 2033 2101 2035 86 85 224 1
3 2034 2102 2100 224 127 85 0
3 2034 2036 2102 224 127 85 0
3 2035 2101 2103 86 85 224 1
3 2035 2103 2037 86 85 224 1
3 2036 2104 2102 224 127 85 0
3 2036 2038 2104 224 127 85 0
3 2037 2103 2105 86 85 224 1
3 2037 2105 2039 86 85 224 1
3 2038 2106 2104 224 127 85 0
3 2038 2040 2106 224 127 85 0
3 2039 2105 2107 86 85 224 1
3 2039 2107 2041 86 85 224 1
3 2040 2108 2106 224 127 85 0
3 2040 2042 2108 224 127 85 0
3 2041 2107 2109 86 85 224 1
3 2041 2109 2043 86 85 224 1
3 2042 2110 2108 224 127 85 0
3 2042 2044 2110 224 127 85 0
3 2043 2109 2111 86 85 224 1
3 2043 2111 2045 86 85 224 1
3 2047 2112 2113 224 127 85 0
3 2047 2046 2112 224 127 85 0
3 2048 2114 2115 86 85 224 1
3 2048 2115 2049 86 85 224 1
3 2046 2116 2112 224 127 85 0
3 2046 2050 2116 224 127 85 0
3 2049 2115 2117 86 85 224 1
3 2049 2117 2051 86 85 224 1
3 2050 2118 2116 224 127 85 0
3 2050 2052 2118 224 127 85 0
3 2051 2117 2119 86 85 224 1
3 2051 2119 2053 86 85 224 1
3 2052 2120 2118 224 127 85 0
3 2052 2054 2120 224 127 85 0
3 2053 2119 2121 86 85 224 1
3 2053 2121 2055 86 85 224 1
3 2054 2122 2120 224 127 85 0
3 2054 2056 2122 224 127 85 0
3 2055 2121 2123 86 85 224 1
3 2055 2123 2057 86 85 224 1
3 2056 2124 2122 224 127 85 0
3 2056 2058 2124 224 127 85 0
3 2057 2123 2125 86 85 224 1
3 2057 2125 2059 86 85 224 1
3 2058 2126 2124 224 127 85 0
3 2058 2060 2126 224 127 85 0
3 2059 2125 2127 86 85 224 1
3 2059 2127 2061 86 85 224 1
3 2060 2128 2126 224 127 85 0
3 2060 2062 2128 224 127 85 0
3 2061 2127 2129 86 85 224 1
3 2061 2129 2063 86 85 224 1
3 2062 2130 2128 224 127 85 0
3 2062 2064 2130 224 127 85 0
3 2063 2129 2131 86 85 224 1
3 2063 2131 2065 86 85 224 1
3 2064 2132 2130 224 127 85 0
3 2064 2066 2132 224 127 85 0
3 2065 2131 2133 86 85 224 1
3 2065 2133 2067 86 85 224 1
3 2066 2134 2132 224 127 85 0
3 2066 2068 2134 224 127 85 0
3 2067 2133 2135 86 85 224 1
3 2067 2135 2069 86 85 224 1
3 2068 2136 2134 224 127 85 0
3 2068 2070 2136 224 127 85 0
3 2069 2135 2137 86 85 224 1
3 2069 2137 2071 86 85 224 1
3 2070 2138 2136 224 127 85 0
3 2070 2072 2138 224 127 85 0
3 2071 2137 2139 86 85 224 1
3 2071 2139 2073 86 85 224 1
3 2072 2140 2138 224 127 85 0
3 2072 2074 2140 224 127 85 0
3 2073 2139 2141 86 85 224 1
3 2073 2141 2075 86 85 224 1
3 2074 2142 2140 224 127 85 0
3 2074 2076 2142 224 127 85 0
3 2075 2141 2143 86 85 224 1
3 2075 2143 2077 86 85 224 1
3 2076 2144 2142 224 127 85 0
3 2076 2078 2144 224 127 85 0
3 2077 2143 2145 86 85 224 1
3 2077 2145 2079 86 85 224 1
3 2078 2146 2144 224 127 85 0
3 2078 2080 2146 224 127 85 0
3 2079 2145 2147 86 85 224 1
3 2079 2147 2081 86 85 224 1
3 2080 2148 2146 224 127 85 0
3 2080 2082 2148 224 127 85 0
3 2081 2147 2149 86 85 224 1
3 2081 2149 2083 86 85 224 1
3 2082 2150 2148 224 127 85 0
3 2082 2084 2150 224 127 85 0
3 2083 2149 2151 86 85 224 1
3 2083 2151 2085 86 85 224 1
3 2084 2152 2150 224 127 85 0
3 2084 2086 2152 224 127 85 0
3 2085 2151 2153 86 85 224 1
3 2085 2153 2087 86 85 224 1
3 2086 2154 2152 224 127 85 0
3 2086 2088 2154 224 127 85 0
3 2087 2153 2155 86 85 224 1
3 2087 2155 2089 86 85 224 1
3 2088 2156 2154 224 127 85 0
3 2088 2090 2156 224 127 85 0
3 2089 2155 2157 86 85 224 1
3 2089 2157 2091 86 85 224 1
3 2090 2158 2156 224 127 85 0
3 2090 2092 2158 224 127 85 0
3 2091 2157 2159 86 85 224 1
3 2091 2159 2093 86 85 224 1
3 2092 2160 2158 224 127 85 0
3 2092 2094 2160 224 127 85 0
3 2093 2159 2161 86 85 224 1
3 2093 2161 2095 86 85 224 1
3 2094 2162 2160 224 127 85 0
3 2094 2096 2162 224 127 85 0
3 2095 2161 2163 86 85 224 1
3 2095 2163 2097 86 85 224 1
3 2096 2164 2162 224 127 85 0
3 2096 2098 2164 224 127 85 0
3 2097 2163 2165 86 85 224 1
3 2097 2165 2099 86 85 224 1
3 2098 2166 2164 224 127 85 0
3 2098 2100 2166 224 127 85 0
3 2099 2165 2167 86 85 224 1
3 2099 2167 2101 86 85 224 1
3 2100 2168 2166 224 127 85 0
3 2100 2102 2168 224 127 85 0
3 2101 2167 2169 86 85 224 1
3 2101 2169 2103 86 85 224 1
3 2102 2170 2168 224 127 85 0
3 2102 2104 2170 224 127 85 0
3 2103 2169 2171 86 85 224 1
3 2103 2171 2105 86 85 224 1
3 2104 2172 2170 224 127 85 0
3 2104 2106 2172 224 127 85 0
3 2105 2171 2173 86 85 224 1
3 2105 2173 2107 86 85 224 1
3 2106 2174 2172 224 127 85 0
3 2106 2108 2174 224 127 85 0
3 2107 2173 2175 86 85 224 1
3 2107 2175 2109 86 85 224 1
3 2108 2176 2174 224 127 85 0
3 2108 2110 2176 224 127 85 0
3 2109 2175 2177 86 85 224 1
3 2109 2177 2111 86 85 224 1
3 0 2 5 125 224 85 2
3 0 5 4 125 224 85 2
3 2 133 134 125 224 85 2
3 2 134 5 125 224 85 2
3 133 199 200 125 224 85 2
3 133 200 134 125 224 85 2
3 199 265 266 125 224 85 2
3 199 266 200 125 224 85 2
3 265 331 332 125 224 85 2
3 265 332 266 125 224 85 2
3 331 397 398 125 224 85 2
3 331 398 332 125 224 85 2
3 397 463 464 125 224 85 2
3 397 464 398 125 224 85 2
3 463 529 530 125 224 85 2
3 463 530 464 125 224 85 2
3 529 595 596 125 224 85 2
3 529 596 530 125 224 85 2
3 595 661 662 125 224 85 2
3 595 662 596 125 224 85 2
3 661 727 728 125 224 85 2
3 661 728 662 125 224 85 2
3 727 793 794 125 224 85 2
3 727 794 728 125 224 85 2
3 793 859 860 125 224 85 2
3 793 860 794 125 224 85 2
3 859 925 926 125 224 85 2
3 859 926 860 125 224 85 2
3 925 991 992 125 224 85 2
3 925 992 926 125 224 85 2
3 991 1057 1058 125 224 85 2
3 991 1058 992 125 224 85 2
3 1057 1123 1124 125 224 85 2
3 1057 1124 1058 125 224 85 2
3 1123 1189 1190 125 224 85 2
3 1123 1190 1124 125 224 85 2
3 1189 1255 1256 125 224 85 2
3 1189 1256 1190 125 224 85 2
3 1255 1321 1322 125 224 85 2
3 1255 1322 1256 125 224 85 2
3 1321 1387 1388 125 224 85 2
3 1321 1388 1322 125 224 85 2
3 1387 1453 1454 125 224 85 2
3 1387 1454 1388 125 224 85 2
3 1453 1519 1520 125 224 85 2
3 1453 1520 1454 125 224 85 2
3 1519 1585 1586 125 224 85 2
3 1519 1586 1520 125 224 85 2
3 1585 1651 1652 125 224 85 2
3 1585 1652 1586 125 224 85 2
3 1651 1717 1718 125 224 85 2
3 1651 1718 1652 125 224 85 2
3 1717 1783 1784 125 224 85 2
3 1717 1784 1718 125 224 85 2
3 1783 1849 1850 125 224 85 2
3 1783 1850 1784 125 224 85 2
3 1849 1915 1916 125 224 85 2
3 1849 1916 1850 125 224 85 2
3 1915 1981 1982 125 224 85 2
3 1915 1982 1916 125 224 85 2
3 1981 2047 2048 125 224 85 2
3 1981 2048 1982 125 224 85 2
3 2047 2113 2114 125 224 85 2
3 2047 2114 2048 125 224 85 2
3 2113 2112 2115 224 85 165 3
3 2113 2115 2114 224 85 165 3
3 2112 2116 2117 224 85 165 3
3 2112 2117 2115 224 85 165 3
3 2116 2118 2119 224 85 165 3
3 2116 2119 2117 224 85 165 3
3 2118 2120 2121 224 85 165 3
3 2118 2121 2119 224 85 165 3
3 2120 2122 2123 224 85 165 3
3 2120 2123 2121 224 85 165 3
3 2122 2124 2125 224 85 165 3
3 2122 2125 2123 224 85 165 3
3 2124 2126 2127 224 85 165 3
3 2124 2127 2125 224 85 165 3
3 2126 2128 2129 224 85 165 3
3 2126 2129 2127 224 85 165 3
3 2128 2130 2131 224 85 165 3
3 2128 2131 2129 224 85 165 3
3 2130 2132 2133 224 85 165 3
3 2130 2133 2131 224 85 165 3
3 2132 2134 2135 224 85 165 3
3 2132 2135 2133 224 85 165 3
3 2134 2136 2137 224 85 165 3
3 2134 2137 2135 224 85 165 3
3 2136 2138 2139 224 85 165 3
3 2136 2139 2137 224 85 165 3
3 2138 2140 2141 224 85 165 3
3 2138 2141 2139 224 85 165 3
3 2140 2142 2143 224 85 165 3
3 2140 2143 2141 224 85 165 3
3 2142 2144 2145 224 85 165 3
3 2142 2145 2143 224 85 165 3
3 2144 2146 2147 224 85 165 3
3 2144 2147 2145 224 85 165 3
3 2146 2148 2149 224 85 165 3
3 2146 2149 2147 224 85 165 3
3 2148 2150 2151 224 85 165 3
3 2148 2151 2149 224 85 165 3
3 2150 2152 2153 224 85 165 3
3 2150 2153 2151 224 85 165 3
3 2152 2154 2155 224 85 165 3
3 2152 2155 2153 224 85 165 3
3 2154 2156 2157 224 85 165 3
3 2154 2157 2155 224 85 165 3
3 2156 2158 2159 224 85 165 3
3 2156 2159 2157 224 85 165 3
3 2158 2160 2161 224 85 165 3
3 2158 2161 2159 224 85 165 3
3 2160 2162 2163 224 85 165 3
3 2160 2163 2161 224 85 165 3
3 2162 2164 2165 224 85 165 3
3 2162 2165 2163 224 85 165 3
3 2164 2166 2167 224 85 165 3
3 2164 2167 2165 224 85 165 3
3 2166 2168 2169 224 85 165 3
3 2166 2169 2167 224 85 165 3
3 2168 2170 2171 224 85 165 3
3 2168 2171 2169 224 85 165 3
3 2170 2172 2173 224 85 165 3
3 2170 2173 2171 224 85 165 3
3 2172 2174 2175 224 85 165 3
3 2172 2175 2173 224 85 165 3
3 2174 2176 2177 224 85 165 3
3 2174 2177 2175 224 85 165 3
3 2176 2110 2111 85 206 224 4
3 2176 2111 2177 85 206 224 4
3 2110 2044 2045 85 206 224 4
3 2110 2045 2111 85 206 224 4
3 2044 1978 1979 85 206 224 4
3 2044 1979 2045 85 206 224 4
3 1978 1912 1913 85 206 224 4
3 1978 1913 1979 85 206 224 4
3 1912 1846 1847 85 206 224 4
3 1912 1847 1913 85 206 224 4
3 1846 1780 1781 85 206 224 4
3 1846 1781 1847 85 206 224 4
3 1780 1714 1715 85 206 224 4
3 1780 1715 1781 85 206 224 4
3 1714 1648 1649 85 206 224 4
3 1714 1649 1715 85 206 224 4
3 1648 1582 1583 85 206 224 4
3 1648 1583 1649 85 206 224 4
3 1582 1516 1517 85 206 224 4
3 1582 1517 1583 85 206 224 4
3 1516 1450 1451 85 206 224 4
3 1516 1451 1517 85 206 224 4
3 1450 1384 1385 85 206 224 4
3 1450 1385 1451 85 206 224 4
3 1384 1318 1319 85 206 224 4
3 1384 1319 1385 85 206 224 4
3 1318 1252 1253 85 206 224 4
3 1318 1253 1319 85 206 224 4
3 1252 1186 1187 85 206 224 4
3 1252 1187 1253 85 206 224 4
3 1186 1120 1121 85 206 224 4
3 1186 1121 1187 85 206 224 4
3 1120 1054 1055 85 206 224 4
3 1120 1055 1121 85 206 224 4
3 1054 988 989 85 206 224 4
3 1054 989 1055 85 206 224 4
3 988 922 923 85 206 224 4
3 988 923 989 85 206 224 4
3 922 856 857 85 206 224 4
3 922 857 923 85 206 224 4
3 856 790 791 85 206 224 4
3 856 791 857 85 206 224 4
3 790 724 725 85 206 224 4
3 790 725 791 85 206 224 4
3 724 658 659 85 206 224 4
3 724 659 725 85 206 224 4
3 658 592 593 85 206 224 4
3 658 593 659 85 206 224 4
3 592 526 527 85 206 224 4
3 592 527 593 85 206 224 4
3 526 460 461 85 206 224 4
3 526 461 527 85 206 224 4
3 460 394 395 85 206 224 4
3 460 395 461 85 206 224 4
3 394 328 329 85 206 224 4
3 394 329 395 85 206 224 4
3 328 262 263 85 206 224 4
3 328 263 329 85 206 224 4
3 262 196 197 85 206 224 4
3 262 197 263 85 206 224 4
3 196 128 130 85 206 224 4
3 196 130 197 85 206 224 4
3 128 129 131 85 206 224 4
3 128 131 130 85 206 224 4
3 129 125 127 224 202 85 5
3 129 127 131 224 202 85 5
3 125 121 123 224 202 85 5
3 125 123 127 224 202 85 5
3 121 117 119 224 202 85 5
3 121 119 123 224 202 85 5
3 117 113 115 224 202 85 5
3 117 115 119 224 202 85 5
3 113 109 111 224 202 85 5
3 113 111 115 224 202 85 5
3 109 105 107 224 202 85 5
3 109 107 111 224 202 85 5
3 105 101 103 224 202 85 5
3 105 103 107 224 202 85 5
3 101 97 99 224 202 85 5
3 101 99 103 224 202 85 5
3 97 93 95 224 202 85 5
3 97 95 99 224 202 85 5
3 93 89 91 224 202 85 5
3 93 91 95 224 202 85 5
3 89 85 87 224 202 85 5
3 89 87 91 224 202 85 5
3 85 81 83 224 202 85 5
3 85 83 87 224 202 85 5
3 81 77 79 224 202 85 5
3 81 79 83 224 202 85 5
3 77 73 75 224 202 85 5
3 77 75 79 224 202 85 5
3 73 69 71 224 202 85 5
3 73 71 75 224 202 85 5
3 69 65 67 224 202 85 5
3 69 67 71 224 202 85 5
3 65 61 63 224 202 85 5
3 65 63 67 224 202 85 5
3 61 57 59 224 202 85 5
3 61 59 63 224 202 85 5
3 57 53 55 224 202 85 5
3 57 55 59 224 202 85 5
3 53 49 51 224 202 85 5
3 53 51 55 224 202 85 5
3 49 45 47 224 202 85 5
3 49 47 51 224 202 85 5
3 45 41 43 224 202 85 5
3 45 43 47 224 202 85 5
3 41 37 39 224 202 85 5
3 41 39 43 224 202 85 5
3 37 33 35 224 202 85 5
3 37 35 39 224 202 85 5
3 33 29 31 224 202 85 5
3 33 31 35 224 202 85 5
3 29 25 27 224 202 85 5
3 29 27 31 224 202 85 5
3 25 21 23 224 202 85 5
3 25 23 27 224 202 85 5
3 21 17 19 224 202 85 5
3 21 19 23 224 202 85 5
3 17 13 15 224 202 85 5
3 17 15 19 224 202 85 5
3 13 9 11 224 202 85 5
3 13 11 15 224 202 85 5
3 9 3 7 224 202 85 5
3 9 7 11 224 202 85 5
3 3 0 4 224 202 85 5
3 3 4 7 224 202 85 5
